accession	gene	orf	synonyms	protein
A0A023PXA5		YAL019W-A		Putative uncharacterized protein YAL019W-A
A0A023PXB0		YAR019W-A		Putative uncharacterized protein YAR019W-A
A0A023PXB5	IRC2	YDR112W		Putative uncharacterized membrane protein IRC2
A0A023PXB9		YDR199W		Putative uncharacterized membrane protein YDR199W
A0A023PXC2		YEL053W-A		Putative uncharacterized membrane protein YEL053W-A
A0A023PXC7		YER068C-A		Putative uncharacterized membrane protein YER068C-A
A0A023PXD3		YER088C-A		Putative uncharacterized protein YER088C-A
A0A023PXD5		YER147C-A		Putative uncharacterized membrane protein YER147C-A
A0A023PXD9		YFL015W-A		Putative uncharacterized membrane protein YFL015W-A
A0A023PXE5		YHL006W-A		Putative uncharacterized protein YHL006W-A
A0A023PXE8		YHR028W-A		Putative uncharacterized protein YHR028W-A
A0A023PXF2		YHR071C-A		Putative uncharacterized protein YHR071C-A
A0A023PXF5		YHR218W-A		Putative uncharacterized helicase-like protein YHR218W-A
A0A023PXF8		YIL066W-A		Putative uncharacterized membrane protein YIL066W-A
A0A023PXG3		YIL156W-A		Putative uncharacterized membrane protein YIL156W-A
A0A023PXG7		YLR230W		Putative uncharacterized membrane protein YLR230W
A0A023PXH2		YML031C-A		Putative uncharacterized membrane protein YML031C-A
A0A023PXH4		YAL026C-A		Putative uncharacterized membrane protein YAL026C-A
A0A023PXH5		YBR126W-B		Putative uncharacterized protein YBR126W-B
A0A023PXH6		YMR172C-A		Putative uncharacterized membrane protein YMR172C-A
A0A023PXH9		YDR149C		Putative uncharacterized membrane protein YDR149C
A0A023PXI0		YMR306C-A		Putative uncharacterized membrane protein YMR306C-A
A0A023PXI4		YDR203W		Putative uncharacterized protein YDR203W
A0A023PXI5		YPR197C		Putative uncharacterized protein YPR197C
A0A023PXI8		YER006C-A		Putative uncharacterized protein YER006C-A
A0A023PXJ3		YER076W-A		Putative uncharacterized membrane protein YER076W-A
A0A023PXJ7		YER107W-A		Putative uncharacterized membrane protein YER107W-A
A0A023PXK2		YER148W-A		Putative uncharacterized membrane protein YER148W-A
A0A023PXK7		YFL021C-A		Putative uncharacterized membrane protein YFL021C-A
A0A023PXL1		YHL019W-A		Putative uncharacterized membrane protein YHL019W-A
A0A023PXL7		YHR056W-A		Putative uncharacterized membrane protein YHR056W-A
A0A023PXM2		YHR131W-A		Putative uncharacterized protein YHR131W-A
A0A023PXM7		YIL020C-A		Putative uncharacterized protein YIL020C-A
A0A023PXN3		YIL068W-A		Putative uncharacterized protein YIL068W-A
A0A023PXN9		YIL171W-A		Putative uncharacterized membrane protein YIL171W-A
A0A023PXP4		YLR235C		Putative uncharacterized protein YLR235C
A0A023PXP7		YML034C-A		Putative uncharacterized protein YML034C-A
A0A023PXQ4		YMR173W-A		Putative uncharacterized membrane protein YMR173W-A
A0A023PXQ9		YMR316C-B		Putative uncharacterized membrane protein YMR316C-B
A0A023PYC6		YAL016C-A		Putative uncharacterized membrane protein YAL016C-A
A0A023PYD0		YAL059C-A		Putative uncharacterized membrane protein YAL059C-A
A0A023PYD3		YDR094W		Putative uncharacterized protein YDR094W
A0A023PYD7		YDR187C		Putative uncharacterized membrane protein YDR187C
A0A023PYD9		YEL018C-A		Putative uncharacterized membrane protein YEL018C-A
A0A023PYE4		YER067C-A		Putative uncharacterized membrane protein YER067C-A
A0A023PYE9		YER087C-A		Putative uncharacterized protein YER087C-A
A0A023PYF4		YER145C-A		Uncharacterized protein YER145C-A
A0A023PYF7		YER172C-A		Putative uncharacterized protein YER172C-A
A0A023PYG1		YHL002C-A		Putative uncharacterized membrane protein YHL002C-A
A0A023PYG5		YHL046W-A		Putative uncharacterized protein YHL046W-A
A0A023PYH0		YHR070C-A		Putative uncharacterized protein YHR070C-A
A0A023PYH5		YHR193C-A		Putative uncharacterized protein YHR193C-A
A0A023PYH8		YIL047C-A		Putative uncharacterized protein YIL047C-A
A0A023PYI2		YIL142C-A		Putative uncharacterized protein YIL142C-A
A0A023PYI5		YIR036W-A		Putative uncharacterized membrane protein YIR036W-A
A0A023PYJ0		YML009C-A		Putative uncharacterized membrane protein YML009C-A
A0A023PYJ4		YMR153C-A		Putative uncharacterized protein YMR153C-A
A0A023PYJ7		YMR304C-A		Putative uncharacterized membrane protein YMR304C-A
A0A023PYK2		YPR170C		Putative uncharacterized membrane protein YPR170C
A0A023PZ94		YAL031W-A		Putative uncharacterized membrane protein YAL031W-A
A0A023PZ99		YDR008C		Putative uncharacterized protein YDR008C
A0A023PZA4		YDR154C		Putative uncharacterized protein YDR154C
A0A023PZA9		YDR230W		Putative uncharacterized protein YDR230W
A0A023PZB3	FMP49	YER038W-A		Protein FMP49, mitochondrial
A0A023PZB8		YER079C-A		Putative uncharacterized membrane protein YER079C-A
A0A023PZC3		YER133W-A		Putative uncharacterized protein YER133W-A
A0A023PZC7		YER152W-A		Putative uncharacterized protein YER152W-A
A0A023PZD0		YFR036W-A		Putative uncharacterized protein YFR036W-A
A0A023PZD5		YHL030W-A		Putative uncharacterized protein YHL030W-A
A0A023PZE1		YHR063W-A		Putative uncharacterized membrane protein YHR063W-A
A0A023PZE2		YAL047W-A		Putative uncharacterized membrane protein YAL047W-A
A0A023PZE4		YHR165W-A		Putative uncharacterized protein YHR165W-A
A0A023PZE6		YDR048C		Putative uncharacterized membrane protein YDR048C
A0A023PZE8		YDR157W		Uncharacterized protein YDR157W
A0A023PZE9		YIL029W-A		Putative uncharacterized protein YIL029W-A
A0A023PZF2		YEL009C-A		Uncharacterized protein YEL009C-A
A0A023PZF3		YIL071W-A		Putative uncharacterized protein YIL071W-A
A0A023PZF5		YER046W-A		Putative uncharacterized protein YER046W-A
A0A023PZF9		YIR023C-A		Putative uncharacterized membrane protein YIR023C-A
A0A023PZG0		YER084W-A		Putative uncharacterized membrane protein YER084W-A
A0A023PZG4		YLR236C		Uncharacterized protein YLR236C
A0A023PZG5		YER137W-A		Putative uncharacterized protein YER137W-A
A0A023PZG9		YML047W-A		Putative uncharacterized membrane protein YML047W-A
A0A023PZH1		YER165C-A		Putative uncharacterized membrane protein YER165C-A
A0A023PZH4		YFR052C-A		Putative uncharacterized protein YFR052C-A
A0A023PZH5		YMR290W-A		Putative uncharacterized membrane protein YMR290W-A
A0A023PZH9		YHL034W-A		Putative uncharacterized protein YHL034W-A
A0A023PZI1	OPI11	YPR044C		Putative uncharacterized protein OPI11
A0A023PZI4		YHR069C-A		Putative uncharacterized membrane protein YHR069C-A
A0A023PZI9		YHR182C-A		Putative uncharacterized protein YHR182C-A
A0A023PZJ3		YIL030W-A		Putative uncharacterized membrane protein YIL030W-A
A0A023PZJ9		YIL115W-A		Putative uncharacterized protein YIL115W-A
A0A023PZK4		YIR030W-A		Putative uncharacterized protein YIR030W-A
A0A023PZK9		YLR458W		Putative uncharacterized membrane protein YLR458W
A0A023PZL2		YMR119W-A		Putative uncharacterized membrane protein YMR119W-A
A0A023PZL7		YMR294W-A		Putative uncharacterized protein YMR294W-A
A0A023PZM3		YPR050C		Putative uncharacterized membrane protein YPR050C
A0A0B7P221	RDT1	YCL054W-A		Uncharacterized protein RDT1
A0A0B7P3V8	TY4B-P	YPL060C-A	YPLCTy4-1;POL	Transposon Ty4-P Gag-Pol polyprotein
A0A8D9PCQ4		YMR008C-A		Uncharacterized protein YMR008C-A
A0A8D9PH56	OTO1	YGR227C-A		Uncharacterized protein OTO1
A0A8D9UGQ7		YLR379W-A		Uncharacterized protein YLR379W-A
A0A8D9UGU6		YKL104W-A		Uncharacterized protein YKL104W-A
A2P2R3		YMR084W		Putative glutamine--fructose-6-phosphate aminotransferase
A5Z2X5		YPR010C-A		UPF0495 protein YPR010C-A
D6VPM8	DFP1	YAR023C		Putative DUP240 protein DFP1
D6VTK4	STE2	YFL026W		Pheromone alpha factor receptor
D6W196	SAL1	YNL083W		Truncated non-functional calcium-binding mitochondrial carrier SAL1-1
I2HB52		YBR056W-A		Uncharacterized protein YBR056W-A
I2HB70		YMR316C-A		Uncharacterized protein YMR316C-A
O13297	CET1	YPL228W		mRNA-capping enzyme subunit beta
O13329	FOB1	YDR110W	HRM1	DNA replication fork-blocking protein FOB1
O13511		YAL065C		Uncharacterized protein YAL065C
O13512		YAL064W-B		Uncharacterized membrane protein YAL064W-B
O13513		YAL056C-A		Putative uncharacterized protein YAL056C-A
O13514		YAL042C-A		Putative uncharacterized protein YAL042C-A
O13515		YAL034C-B		Putative uncharacterized protein YAL034C-B
O13516	RPS9A	YPL081W	RPS13A;YS11A	Small ribosomal subunit protein uS4A
O13517		YPL102C		Putative uncharacterized protein YPL102C
O13518		YPL114W		Putative uncharacterized protein YPL114W
O13519		YPL136W		Putative uncharacterized protein YPL136W
O13520		YPL044C		Putative uncharacterized protein YPL044C
O13521		YPL035C		Putative uncharacterized protein YPL035C
O13522		YDR396W		Putative uncharacterized protein YDR396W
O13523		YDR401W		Putative uncharacterized protein YDR401W
O13525	COQ4	YDR204W		Ubiquinone biosynthesis protein COQ4, mitochondrial
O13527	TY1B-A	YAR009C	YARCTy1-1;POL	Truncated transposon Ty1-A Gag-Pol polyprotein
O13529	ECM12	YHR021W-A		Protein ECM12
O13530		YLR198C		Putative uncharacterized protein YLR198C
O13531		YLR202C		Putative uncharacterized protein YLR202C
O13532		YLR217W		Putative uncharacterized protein YLR217W
O13533		YHR049C-A		Putative uncharacterized protein YHR049C-A
O13534		YHR214W-A		Putative uncharacterized protein YHR214W-A
O13535	TY1B-H	YHR214C-B	YHRCTy1-1;POL	Transposon Ty1-H Gag-Pol polyprotein
O13536		YHR139C-A		Uncharacterized protein YHR139C-A
O13537		YHR145C		Putative uncharacterized protein YHR145C
O13539	THP2	YHR167W		THO complex subunit THP2
O13540		YLR279W		Putative uncharacterized protein YLR279W
O13541		YLR280C		Putative uncharacterized protein YLR280C
O13542		YLR282C		Putative uncharacterized protein YLR282C
O13543		YLR294C		Putative uncharacterized protein YLR294C
O13544		YLR302C		Uncharacterized protein YLR302C
O13545		YLR374C		Putative uncharacterized protein YLR374C
O13546		YLR232W		Putative uncharacterized protein YLR232W
O13547	CCW14	YLR390W-A	ICWP;SSR1	Covalently-linked cell wall protein 14
O13548		YPR099C		Mitochondrial protein YPR099C
O13549	VPS63	YLR261C		Uncharacterized protein VPS63
O13550		YLR269C		Putative uncharacterized protein YLR269C
O13553		YLR317W		Putative uncharacterized protein YLR317W
O13554	VPS65	YLR322W		Putative uncharacterized protein VPS65
O13555	JIP3	YLR331C		Uncharacterized protein JIP3
O13556		YLR462W		Putative uncharacterized protein YLR462W
O13557		YLR463C		Putative uncharacterized protein YLR463C
O13558	BSC3	YLR465C		Putative uncharacterized protein BSC3
O13559	YRF1-4	YLR466W		Y' element ATP-dependent helicase protein 1 copy 4
O13560		YLR444C		Putative uncharacterized protein YLR444C
O13561		YLR169W		Putative uncharacterized protein YLR169W
O13562		YLR171W		Putative uncharacterized protein YLR171W
O13563	RPN13	YLR421C	DAQ1	26S proteasome regulatory subunit RPN13
O13564		YLR428C		Putative uncharacterized protein YLR428C
O13565		YLR358C		Uncharacterized protein YLR358C
O13566		YPR123C		Putative uncharacterized protein YPR123C
O13567		YPR126C		Putative uncharacterized protein YPR126C
O13568		YPR130C		Putative uncharacterized protein YPR130C
O13569		YPR136C		Putative uncharacterized protein YPR136C
O13570		YPR142C		Putative uncharacterized protein YPR142C
O13571		YPR146C		Putative uncharacterized protein YPR146C
O13572		YPR150W		Putative uncharacterized protein YPR150W
O13573		YLR252W		Putative uncharacterized protein YLR252W
O13574		YLR255C		Uncharacterized protein YLR255C
O13575		YPR177C		Putative uncharacterized protein YPR177C
O13576		YLR434C		Putative uncharacterized protein YLR434C
O13577	DIF1	YLR437C		Damage-regulated import facilitator 1
O13578		YLR415C		Putative uncharacterized protein YLR415C, mitochondrial
O13579		YLR379W		Putative uncharacterized protein YLR379W
O13582		YPR076W		Putative uncharacterized protein YPR076W
O13583		YPR077C		Putative uncharacterized protein YPR077C
O13584	VPS69	YPR087W		Putative uncharacterized protein VPS69
O13585		YPR089W		Dilute domain-containing protein YPR089W
O13586		YPR092W		Putative uncharacterized protein YPR092W
O13587		YPR096C		Uncharacterized protein YPR096C
O13588		YAL069W		Putative uncharacterized protein YAL069W
O14455	RPL36B	YPL249C-A	RPL39B	Large ribosomal subunit protein eL36B
O14464	RTC6	YPL183W-A	TAE4	Large ribosomal subunit protein bL36m
O14467	MBF1	YOR298C-A	SUF13	Multiprotein-bridging factor 1
O14468		YOR304C-A		Uncharacterized protein YOR304C-A
O42831		YAR075W		Putative inosine-5'-monophosphate dehydrogenase-like protein YAR075W
O43137		YBR085C-A		Uncharacterized protein YBR085C-A
O60200	MDM35	YKL053C-A		Mitochondrial distribution and morphology protein 35
O74302	TY1A-DR4	YDR261C-C	YDRCTy1-3;GAG	Transposon Ty1-DR4 Gag polyprotein
O74700	TIM9	YEL020W-A		Mitochondrial import inner membrane translocase subunit TIM9
O75012	MRP10	YDL045W-A		Small ribosomal subunit protein mS37
O94084	OPI9	YLR338W		Putative uncharacterized protein OPI9
O94085		YLR339C		Putative uncharacterized protein YLR339C
O94086		YLR349W		Putative uncharacterized protein YLR349W
O94143	BUD19	YJL188C		Putative uncharacterized protein BUD19
O94742	SEM1	YDR363W-A	DSH1	26S proteasome complex subunit SEM1
P00044	CYC1	YJR048W		Cytochrome c isoform 1
P00045	CYC7	YEL039C	CYP3	Cytochrome c isoform 2
P00127	QCR6	YFR033C	UCR6	Cytochrome b-c1 complex subunit 6, mitochondrial
P00128	QCR7	YDR529C	CRO1;UCR7	Cytochrome b-c1 complex subunit 7, mitochondrial
P00163	COB	Q0105	CYTB	Cytochrome b
P00175	CYB2	YML054C		L-lactate dehydrogenase
P00330	ADH1	YOL086C	ADC1	Alcohol dehydrogenase 1
P00331	ADH2	YMR303C	ADR2	Alcohol dehydrogenase 2
P00358	TDH2	YJR009C	GPD2	Glyceraldehyde-3-phosphate dehydrogenase 2
P00359	TDH3	YGR192C	GPD3	Glyceraldehyde-3-phosphate dehydrogenase 3
P00360	TDH1	YJL052W	GPD1;SSS2	Glyceraldehyde-3-phosphate dehydrogenase 1
P00401	COX1	Q0045	OXI3	Cytochrome c oxidase subunit 1
P00410	COX2	Q0250	OXI1	Cytochrome c oxidase subunit 2
P00420	COX3	Q0275	OXI2	Cytochrome c oxidase subunit 3
P00424	COX5A	YNL052W		Cytochrome c oxidase subunit 5A, mitochondrial
P00425	COX5B	YIL111W		Cytochrome c oxidase subunit 5B, mitochondrial
P00427	COX6	YHR051W		Cytochrome c oxidase subunit 6, mitochondrial
P00431	CCP1	YKR066C	CCP;CPO	Cytochrome c peroxidase, mitochondrial
P00445	SOD1	YJR104C		Superoxide dismutase
P00447	SOD2	YHR008C		Superoxide dismutase
P00498	HIS1	YER055C		ATP phosphoribosyltransferase
P00546	CDC28	YBR160W	CDK1;HSL5;SRM5	Cyclin-dependent kinase 1
P00549	CDC19	YAL038W	PYK1	Pyruvate kinase 1
P00560	PGK1	YCR012W		Phosphoglycerate kinase
P00572	CDC8	YJR057W		Thymidylate kinase
P00635	PHO5	YBR093C		Repressible acid phosphatase
P00724	SUC2	YIL162W		Invertase 2
P00729	PRC1	YMR297W		Carboxypeptidase Y
P00812	CAR1	YPL111W		Arginase
P00815	HIS4	YCL030C		Histidine biosynthesis trifunctional protein
P00817	IPP1	YBR011C	PPA;PPA1	Inorganic pyrophosphatase
P00830	ATP2	YJR121W		ATP synthase subunit beta, mitochondrial
P00854	ATP6	Q0085	OLI2;OLI4;PHO1	ATP synthase subunit a
P00856	ATP8	Q0080	AAP1	ATP synthase protein 8
P00890	CIT1	YNR001C	GLU3;LYS6	Citrate synthase, mitochondrial
P00899	TRP2	YER090W		Anthranilate synthase component 1
P00912	TRP1	YDR007W		N-
P00924	ENO1	YGR254W	ENOA;HSP48	Enolase 1
P00925	ENO2	YHR174W	ENOB	Enolase 2
P00927	ILV1	YER086W		Threonine dehydratase, mitochondrial
P00931	TRP5	YGL026C		Tryptophan synthase
P00937	TRP3	YKL211C		Multifunctional tryptophan biosynthesis protein
P00942	TPI1	YDR050C		Triosephosphate isomerase
P00950	GPM1	YKL152C	GPM	Phosphoglycerate mutase 1
P00958	MES1	YGR264C		Methionine--tRNA ligase, cytoplasmic
P01094	PAI3	YMR174C		Protease A inhibitor 3
P01097	INH1	YDL181W		F
P01098	STF1	YDL130W-A	AIS2	F
P01119	RAS1	YOR101W		Ras-like protein 1
P01120	RAS2	YNL098C	ASC1;CTN5;GLC5	Ras-like protein 2
P01123	YPT1	YFL038C	YP2	GTP-binding protein YPT1
P01149	MF(ALPHA)1	YPL187W	MF-ALPHA-1;MFAL1	Mating factor alpha-1
P02293	HTB1	YDR224C	H2B1;SPT12	Histone H2B.1
P02294	HTB2	YBL002W	H2B2	Histone H2B.2
P02309	HHF1; HHF2	YBR009C;YNL030W	;	Histone H4
P02381	VAR1	Q0140		Small ribosomal subunit protein uS3m
P02400	RPP2B	YDR382W	L12EIA;RPL45;RPLA4	Large ribosomal subunit protein P2B
P02406	RPL28	YGL103W	CYH2	Large ribosomal subunit protein uL15
P02407	RPS17A	YML024W	RP51A	Small ribosomal subunit protein eS17A
P02557	TUB2	YFL037W		Tubulin beta chain
P02829	HSP82	YPL240C	HSP90	ATP-dependent molecular chaperone HSP82
P02992	TUF1	YOR187W	TUFM	Elongation factor Tu, mitochondrial
P02994	TEF1; TEF2	YPR080W;YBR118W	;	Elongation factor 1-alpha
P03069	GCN4	YEL009C	AAS101;AAS3;ARG9	General control transcription factor GCN4
P03870	FLP1	R0010W		Site-specific recombinase Flp
P03871	REP1	R0020C		Partitioning protein REP1
P03872	REP2	R0040C		Partitioning protein REP2
P03873	BI2	Q0110		Cytochrome b mRNA maturase bI2
P03874	CBP2	YHL038C		Cytochrome B pre-mRNA-processing protein 2
P03875	AI1	Q0050		Putative COX1/OXI3 intron 1 protein
P03876	AI2	Q0055		Putative COX1/OXI3 intron 2 protein
P03877	AI3	Q0060	ENS3;I-SCEIII	Intron-encoded DNA endonuclease aI3
P03878	AI4	Q0065	ENS2;I-SCEII	Intron-encoded DNA endonuclease aI4
P03879	BI4	Q0120	SCBI4	Intron-encoded RNA maturase bI4
P03881		Q0255		Uncharacterized mitochondrial protein RF1
P03882	SCEI	Q0160	OMEGA;SECY	Intron-encoded endonuclease I-SceI
P03962	URA3	YEL021W		Orotidine 5'-phosphate decarboxylase
P03965	CPA2	YJR109C		Carbamoyl phosphate synthase arginine-specific large chain
P04037	COX4	YGL187C		Cytochrome c oxidase subunit 4, mitochondrial
P04039	COX8	YLR395C		Cytochrome c oxidase subunit 8, mitochondrial
P04046	ADE4	YMR300C		Amidophosphoribosyltransferase
P04050	RPO21	YDL140C	RPB1;RPB220;SUA8	DNA-directed RNA polymerase II subunit RPB1
P04051	RPO31	YOR116C	RPC1;RPC160	DNA-directed RNA polymerase III subunit RPC1
P04076	ARG4	YHR018C		Argininosuccinate lyase
P04147	PAB1	YER165W		Polyadenylate-binding protein, cytoplasmic and nuclear
P04161	ADE8	YDR408C		Phosphoribosylglycinamide formyltransferase
P04173	LEU2	YCL018W		3-isopropylmalate dehydrogenase
P04385	GAL1	YBR020W		Galactokinase
P04386	GAL4	YPL248C		Regulatory protein GAL4
P04387	GAL80	YML051W		Galactose/lactose metabolism regulatory protein GAL80
P04397	GAL10	YBR019C		Bifunctional protein GAL10
P04449	RPL24A	YGL031C	RP29;RPL30A	Large ribosomal subunit protein eL24A
P04456	RPL25	YOL127W		Large ribosomal subunit protein uL23
P04650	RPL39	YJL189W	RPL46;SPB2	Large ribosomal subunit protein eL39
P04710	AAC1	YMR056C		ADP/ATP translocase 1
P04786	TOP1	YOL006C	MAK1	DNA topoisomerase 1
P04801	THS1	YIL078W		Threonine--tRNA ligase, cytoplasmic
P04802	DPS1	YLL018C	APS;APS1	Aspartate--tRNA ligase, cytoplasmic
P04803	MSW1	YDR268W	MSW	Tryptophan--tRNA ligase, mitochondrial
P04806	HXK1	YFR053C	HKA	Hexokinase-1
P04807	HXK2	YGL253W	HEX1;HKB	Hexokinase-2
P04817	CAN1	YEL063C		Arginine permease CAN1
P04819	CDC9	YDL164C		DNA ligase 1
P04821	CDC25	YLR310C	CTN1	Cell division control protein 25
P04840	POR1	YNL055C	OMP2;VDAC1	Non-selective voltage-gated ion channel 1
P04911	HTA1	YDR225W	H2A1;SPT11	Histone H2A.1
P04912	HTA2	YBL003C	H2A2	Histone H2A.2
P05030	PMA1	YGL008C		Plasma membrane ATPase 1
P05066	PHR1	YOR386W		Deoxyribodipyrimidine photo-lyase, mitochondrial
P05085	ARG81	YML099C	ARGR2	Arginine metabolism regulation protein II
P05150	ARG3	YJL088W		Ornithine carbamoyltransferase
P05316	FUR4	YBR021W		Uracil permease
P05317	RPP0	YLR340W	L10E;RPA0;RPL10E;RPLA0	Large ribosomal subunit protein uL10
P05318	RPP1A	YDL081C	L12EIIA;RPA1;RPLA1	Large ribosomal subunit protein P1A
P05319	RPP2A	YOL039W	L12EIB;RPA2;RPL44;RPLA2	Large ribosomal subunit protein P2A
P05373	HEM2	YGL040C		Delta-aminolevulinic acid dehydratase
P05374	CHO2	YGR157W	PEM1	Phosphatidylethanolamine N-methyltransferase
P05375	OPI3	YJR073C	PEM2	Phosphatidyl-N-methylethanolamine N-methyltransferase
P05453	SUP35	YDR172W	GST1;PNM2;SAL3;SUF12;SUP2	Eukaryotic peptide chain release factor GTP-binding subunit
P05626	ATP4	YPL078C		ATP synthase subunit 4, mitochondrial
P05694	MET6	YER091C		5-methyltetrahydropteroyltriglutamate--homocysteine methyltransferase
P05737	RPL7A	YGL076C	RPL6A;RPL8A;YL8A	Large ribosomal subunit protein uL30A
P05738	RPL9A	YGL147C	RPL8A;RPL9	Large ribosomal subunit protein uL6A
P05739	RPL6B	YLR448W	RPL16B;RPL17B;YL16B	Large ribosomal subunit protein eL6B
P05740	RPL17A	YKL180W	RPL17;RPL20A	Large ribosomal subunit protein uL22A
P05743	RPL26A	YLR344W	RPL26;RPL33A	Large ribosomal subunit protein uL24A
P05744	RPL33A	YPL143W	RPL37A	Large ribosomal subunit protein eL33A
P05745	RPL36A	YMR194W	RPL39A	Large ribosomal subunit protein eL36A
P05747	RPL29	YFR032C-A	YL43	Large ribosomal subunit protein eL29
P05748	RPL15A	YLR029C	RPL10A;RPL13A;YL10A	Large ribosomal subunit protein eL15A
P05749	RPL22A	YLR061W		Large ribosomal subunit protein eL22A
P05750	RPS3	YNL178W	SUF14	Small ribosomal subunit protein uS3
P05755	RPS9B	YBR189W	RPS13B;SUP46	Small ribosomal subunit protein uS4B
P05756	RPS13	YDR064W	RPS13C	Small ribosomal subunit protein uS15
P05759	RPS31	YLR167W	RPS37;UBI3	Ubiquitin-ribosomal protein eS31 fusion protein
P05986	TPK3	YKL166C	PKA3	cAMP-dependent protein kinase type 3
P06100	CDC36	YDL165W	DNA19;NOT2	General negative regulator of transcription subunit 2
P06101	CDC37	YDR168W	SMO1	Hsp90 co-chaperone Cdc37
P06102	NOT3	YIL038C		General negative regulator of transcription subunit 3
P06103	PRT1	YOR361C	CDC63	Eukaryotic translation initiation factor 3 subunit B
P06104	RAD6	YGL058W	UBC2	Ubiquitin-conjugating enzyme E2 2
P06105	SCP160	YJL080C	HX	Protein SCP160
P06106	MET17	YLR303W	MET15;MET25	Homocysteine/cysteine synthase
P06115	CTT1	YGR088W		Catalase T
P06168	ILV5	YLR355C		Ketol-acid reductoisomerase, mitochondrial
P06169	PDC1	YLR044C		Pyruvate decarboxylase isozyme 1
P06174	HEM4	YOR278W	ORF1	Uroporphyrinogen-III synthase
P06182	CYC3	YAL039C		Holocytochrome-c synthase
P06197	PIS1	YPR113W		CDP-diacylglycerol--inositol 3-phosphatidyltransferase
P06208	LEU4	YNL104C		2-isopropylmalate synthase
P06242	KIN28	YDL108W		Serine/threonine-protein kinase KIN28
P06243	CDC7	YDL017W	OAF2	Cell division control protein 7
P06244	TPK1	YJL164C	PKA1;SRA3	cAMP-dependent protein kinase type 1
P06245	TPK2	YPL203W	PKA2;YKR1	cAMP-dependent protein kinase type 2
P06367	RPS14A	YCR031C	CRY1;RPL59	Small ribosomal subunit protein uS11A
P06633	HIS3	YOR202W		Imidazoleglycerol-phosphate dehydratase
P06634	DED1	YOR204W	SPP81	ATP-dependent RNA helicase DED1
P06700	SIR2	YDL042C	MAR1	NAD-dependent histone deacetylase SIR2
P06701	SIR3	YLR442C	CMT1;MAR2;STE8	Regulatory protein SIR3
P06704	CDC31	YOR257W	DSK1	Cell division control protein 31
P06738	GPH1	YPR160W		Glycogen phosphorylase
P06773	DCD1	YHR144C		Deoxycytidylate deaminase
P06774	HAP2	YGL237C		Transcriptional activator HAP2
P06775	HIP1	YGR191W		Histidine permease
P06776	PDE2	YOR360C	SRA5	3',5'-cyclic-nucleotide phosphodiesterase 2
P06777	RAD1	YPL022W		DNA repair protein RAD1
P06778	RAD52	YML032C		DNA repair and recombination protein RAD52
P06779	RAD7	YJR052W		DNA repair protein RAD7
P06780	RHO1	YPR165W		GTP-binding protein RHO1
P06781	RHO2	YNL090W		GTP-binding protein RHO2
P06782	SNF1	YDR477W	CAT1;CCR1;GLC2;PAS14	Carbon catabolite-derepressing protein kinase
P06783	STE3	YKL178C		Pheromone a factor receptor
P06784	STE7	YDL159W		Serine/threonine-protein kinase STE7
P06785	CDC21	YOR074C	CRT9;TMP1	Thymidylate synthase
P06786	TOP2	YNL088W	TOR3	DNA topoisomerase 2
P06787	CMD1	YBR109C		Calmodulin
P06838	RAD10	YML095C		DNA repair protein RAD10
P06839	RAD3	YER171W	REM1	General transcription and DNA repair factor IIH helicase subunit XPD/RAD3
P06843	SPT2	YER161C	SIN1;SPM2	Protein SPT2
P06844	SPT3	YDR392W		SAGA complex subunit SPT3
P07143	CYT1	YOR065W	CTC1	Cytochrome c1, heme protein, mitochondrial
P07149	FAS1	YKL182W		Fatty acid synthase subunit beta
P07170	ADK1	YDR226W	AKY;AKY1;AKY2	Adenylate kinase
P07172	HIS5	YIL116W		Histidinol-phosphate aminotransferase
P07213	TOM70	YNL121C	MAS70;OMP1	Mitochondrial import receptor subunit TOM70
P07236	MST1	YKL194C		Threonine--tRNA ligase, mitochondrial
P07244	ADE57	YGL234W	ADE5,7	Bifunctional purine biosynthetic protein ADE5,7
P07245	ADE3	YGR204W		C-1-tetrahydrofolate synthase, cytoplasmic
P07246	ADH3	YMR083W		Alcohol dehydrogenase 3, mitochondrial
P07248	ADR1	YDR216W		Regulatory protein ADR1
P07249	ARG80	YMR042W	ARGR1	Arginine metabolism regulation protein I
P07250	ARG82	YDR173C	ARGR3;GSL3;IPK2	Inositol polyphosphate multikinase
P07251	ATP1	YBL099W		ATP synthase subunit alpha, mitochondrial
P07252	CBP1	YJL209W		Cytochrome B pre-mRNA-processing protein 1
P07253	CBP6	YBR120C		Cytochrome B pre-mRNA-processing protein 6
P07255	COX9	YDL067C		Cytochrome c oxidase subunit 9, mitochondrial
P07256	COR1	YBL045C	QCR1	Cytochrome b-c1 complex subunit 1, mitochondrial
P07257	QCR2	YPR191W	COR2;UCR2	Cytochrome b-c1 complex subunit 2, mitochondrial
P07258	CPA1	YOR303W		Carbamoyl phosphate synthase arginine-specific small chain
P07259	URA2	YJL130C		Multifunctional protein URA2
P07260	CDC33	YOL139C	TIF45	Eukaryotic translation initiation factor 4E
P07261	GCR1	YPL075W	SIT3	Glycolytic genes transcriptional activator GCR1
P07262	GDH1	YOR375C	DHE4;URE1	NADP-specific glutamate dehydrogenase 1
P07263	HTS1	YPR033C		Histidine--tRNA ligase, mitochondrial
P07264	LEU1	YGL009C		3-isopropylmalate dehydratase
P07266	MRS1	YIR021W	PET157	Mitochondrial RNA-splicing protein MRS1
P07267	PEP4	YPL154C	PHO9;PRA1	Saccharopepsin
P07269	PHO2	YDL106C	BAS2;GRF10	Regulatory protein PHO2
P07270	PHO4	YFR034C		Phosphate system positive regulatory protein PHO4
P07271	PIF1	YML061C	TST1	ATP-dependent DNA helicase PIF1
P07272	PPR1	YLR014C		Pyrimidine pathway regulatory protein 1
P07273	DST1	YGL043W	PPR2	Transcription elongation factor S-II
P07274	PFY1	YOR122C	CLS5;PFY;PRF1	Profilin
P07275	PUT2	YHR037W		Delta-1-pyrroline-5-carboxylate dehydrogenase, mitochondrial
P07276	RAD2	YGR258C		DNA repair protein RAD2
P07277	ERG12	YMR208W	RAR1	Mevalonate kinase
P07278	BCY1	YIL033C	REG1;SRA1	cAMP-dependent protein kinase regulatory subunit
P07280	RPS19A	YOL121C	RP55A;RPS16AA	Small ribosomal subunit protein eS19A
P07281	RPS19B	YNL302C	RP55B;RPS16AB	Small ribosomal subunit protein eS19B
P07283	SEC53	YFL045C	ALG4	Phosphomannomutase
P07284	SES1	YDR023W	SERS	Serine--tRNA ligase, cytoplasmic
P07285	TRP4	YDR354W		Anthranilate phosphoribosyltransferase
P07286	ALG7	YBR243C	TUR1	UDP-N-acetylglucosamine--dolichyl-phosphate N-acetylglucosaminephosphotransferase
P07342	ILV2	YMR108W	SMR1	Acetolactate synthase catalytic subunit, mitochondrial
P07347	ARD1	YHR013C		N-terminal acetyltransferase A complex catalytic subunit ARD1
P07390	PET494	YNR045W		COX3 mRNA-specific translational activator PET494
P07560	SEC4	YFL005W	SRO6	Ras-related protein SEC4
P07702	LYS2	YBR115C		L-2-aminoadipate reductase
P07703	RPC40	YPR110C	RPC5	DNA-directed RNA polymerases I and III subunit RPAC1
P07806	VAS1	YGR094W		Valine--tRNA ligase, mitochondrial
P07807	DFR1	YOR236W		Dihydrofolate reductase
P07834	CDC4	YFL009W		Cell division control protein 4
P07866	LTE1	YAL024C	EIS4;MSI2	Guanine nucleotide exchange factor LTE1
P07884	MOD5	YOR274W		tRNA dimethylallyltransferase
P07991	CAR2	YLR438W	CARGB	Ornithine aminotransferase
P08004	CHS1	YNL192W		Chitin synthase 1
P08018	PBS2	YJL128C	HOG4;SFS4;SSK4	MAP kinase kinase PBS2
P08019	SGA1	YIL099W	SGA	Glucoamylase, intracellular sporulation-specific
P08067	RIP1	YEL024W		Cytochrome b-c1 complex subunit Rieske, mitochondrial
P08153	SWI5	YDR146C		Transcriptional factor SWI5
P08417	FUM1	YPL262W		Fumarate hydratase, mitochondrial
P08425	MSF1	YPR047W		Phenylalanine--tRNA ligase, mitochondrial
P08431	GAL7	YBR018C		Galactose-1-phosphate uridylyltransferase
P08432	SPE1	YKL184W	ORD1	Ornithine decarboxylase
P08456	CHO1	YER026C	PSS1	CDP-diacylglycerol--serine O-phosphatidyltransferase
P08458	SPS1	YDR523C		Sporulation-specific protein 1
P08459	SPS2	YDR522C		Sporulation-specific protein 2
P08465	MET2	YNL277W		Homoserine O-acetyltransferase
P08466	NUC1	YJL208C		Mitochondrial nuclease
P08468	PET111	YMR257C		Protein PET111, mitochondrial
P08518	RPB2	YOR151C	RPB150;RPO22	DNA-directed RNA polymerase II subunit RPB2
P08521		YOR302W		Arginine attenuator peptide
P08524	ERG20	YJL167W	BOT3;FDS1;FPP1	Farnesyl pyrophosphate synthase
P08525	QCR8	YJL166W		Cytochrome b-c1 complex subunit 8, mitochondrial
P08536	MET3	YJR010W		Sulfate adenylyltransferase
P08539	GPA1	YHR005C	CDC70;DAC1;SCG1	Guanine nucleotide-binding protein alpha-1 subunit
P08566	ARO1	YDR127W	AROM	Pentafunctional AROM polypeptide
P08593	MSS18	YPR134W		Protein MSS18
P08638	LEU3	YLR451W		Regulatory protein LEU3
P08640	FLO11	YIR019C	MAL5;MUC1;S1;S2	Flocculation protein FLO11
P08678	CYR1	YJL005W	CDC35;HSR1;SRA4	Adenylate cyclase
P08679	CIT2	YCR005C		Citrate synthase, peroxisomal
P08964	MYO1	YHR023W		Myosin-1
P09007	SRD1	YCR018C		Pre-rRNA-processing protein SRD1
P09032	GCD1	YOR260W	TIF223;TRA3	Translation initiation factor eIF2B subunit gamma
P09064	SUI3	YPL237W	TIF212	Eukaryotic translation initiation factor 2 subunit beta
P09119	CDC6	YJL194W		DNA replication factor CDC6
P09201	FBP1	YLR377C		Fructose-1,6-bisphosphatase
P09232	PRB1	YEL060C		Cerevisin
P09368	PUT1	YLR142W		Proline dehydrogenase, mitochondrial
P09435	SSA3	YBL075C		Heat shock protein SSA3
P09436	ILS1	YBL076C		Isoleucine--tRNA ligase, cytoplasmic
P09440	MIS1	YBR084W		C-1-tetrahydrofolate synthase, mitochondrial
P09457	ATP5	YDR298C	OSCP	ATP synthase subunit 5, mitochondrial
P09547	SWI1	YPL016W	ADR6;GAM3	SWI/SNF chromatin-remodeling complex subunit SWI1
P09620	KEX1	YGL203C		Pheromone-processing carboxypeptidase KEX1
P09624	LPD1	YFL018C	DHLP1	Dihydrolipoyl dehydrogenase, mitochondrial
P09733	TUB1	YML085C		Tubulin alpha-1 chain
P09734	TUB3	YML124C		Tubulin alpha-3 chain
P09798	CDC16	YKL022C		Anaphase-promoting complex subunit CDC16
P09880	TRL1	YJL087C	RLG1	tRNA ligase
P09932	HO	YDL227C		Homothallic switching endonuclease
P09937	SPS4	YOR313C		Sporulation-specific protein 4
P09938	RNR2	YJL026W	CRT6	Ribonucleoside-diphosphate reductase small chain 1
P09950	HEM1	YDR232W	CYD1	5-aminolevulinate synthase, mitochondrial
P09959	SWI6	YLR182W		Regulatory protein SWI6
P0C074	YSF3	YNL138W-A	RCP10	RDS3 complex subunit 10
P0C0T4	RPS25B	YLR333C	RPS31;RPS31B	Small ribosomal subunit protein eS25B
P0C0V2		YER188C-A		UPF0320 protein YER188C-A
P0C0V8	RPS21A	YKR057W	RPS25;RPS25A;RPS26A	Small ribosomal subunit protein eS21A
P0C0W1	RPS22A	YJL190C	RPS24;RPS24A	Small ribosomal subunit protein uS8A
P0C0W9	RPL11A	YPR102C	RP39A;RPL16A	Large ribosomal subunit protein uL5A
P0C0X0	RPS28B	YLR264W	RPS33B	Small ribosomal subunit protein eS28B
P0C155		YOL153C		Putative carboxypeptidase YOL153C
P0C1V3		YAL016C-B		Putative uncharacterized protein YAL016C-B
P0C1Z1		YDR524W-C		Uncharacterized protein YDR524W-C
P0C261		YML057C-A		Putative uncharacterized membrane protein YML057C-A
P0C268		YBL039W-B		Uncharacterized protein YBL039W-B
P0C269		YBL100W-C		Uncharacterized protein YBL100W-C
P0C270		YER138W-A		Putative uncharacterized protein YER138W-A
P0C271	PLS1	YNL097C-B		Peroxisomal LYS1 stabilizing protein 1
P0C272		YOL013W-A		Uncharacterized protein YOL013W-A
P0C289		YDR034C-A		Putative uncharacterized protein YDR034C-A
P0C2H6	RPL27A	YHR010W	RPL27	Large ribosomal subunit protein eL27A
P0C2H7	RPL27B	YDR471W	RPL27	Large ribosomal subunit protein eL27B
P0C2H8	RPL31A	YDL075W	RPL34;RPL34A	Large ribosomal subunit protein eL31A
P0C2H9	RPL31B	YLR406C	RPL34;RPL34B	Large ribosomal subunit protein eL31B
P0C2I2	TY1B-DR5	YDR316W-B	YDRWTy1-4;POL	Transposon Ty1-DR5 Gag-Pol polyprotein
P0C2I3	TY1B-DR6	YDR365W-B	YDRWTy1-5;POL	Transposon Ty1-DR6 Gag-Pol polyprotein
P0C2I4	TY1A-H	YHR214C-C	YHRCTy1-1;GAG	Transposon Ty1-H Gag polyprotein
P0C2I5	TY1B-LR2	YLR157C-B	YLRCTy1-2;POL	Transposon Ty1-LR2 Gag-Pol polyprotein
P0C2I6	TY1B-LR3	YLR227W-B	YLRWTy1-3;POL	Transposon Ty1-LR3 Gag-Pol polyprotein
P0C2I7	TY1B-LR4	YLR256W-B/YLR256W-C	YLRWTy1-4;POL	Transposon Ty1-LR4 Gag-Pol polyprotein
P0C2I8	TY1A-LR4	YLR256W-A	YLRWTy1-4;GAG	Transposon Ty1-LR4 Gag polyprotein
P0C2I9	TY1B-PR1	YPR137C-B	YPRCTy1-2;POL	Transposon Ty1-PR1 Gag-Pol polyprotein
P0C2J0	TY1B-PR2	YPR158W-B	YPRWTy1-3;POL	Transposon Ty1-PR2 Gag-Pol polyprotein
P0C2J1	TY1B-PR3	YPR158C-D	YPRCTy1-4;POL	Transposon Ty1-PR3 Gag-Pol polyprotein
P0C2J2	TY2A-GR1	YGR038C-E	YGRCTy2-1;GAG	Transposon Ty2-GR1 Gag polyprotein
P0C2J3	TY2B-LR1	YLR410W-B	YLRWTy2-1;POL	Transposon Ty2-LR1 Gag-Pol polyprotein
P0C2J4	TY2A-LR1	YLR410W-A	YLRWTy2-1;GAG	Transposon Ty2-LR1 Gag polyprotein
P0C2J5	TY2B-LR2	YLR424C-A	YLRCTy2-2;POL	Transposon Ty2-LR2 Gag-Pol polyprotein
P0C2J6	TY2A-LR2	YLR424C-B	YLRCTy2-2;GAG	Transposon Ty2-LR2 Gag polyprotein
P0C2J7	TY4B-H	YHL009W-B	YHLWTy4-1;POL	Transposon Ty4-H Gag-Pol polyprotein
P0C5B8		YHL050W-A		Putative UPF0479 protein YHL050W-A
P0C5E0		YDR193W		Putative uncharacterized protein YDR193W
P0C5E1		YPR059C		Putative uncharacterized protein YPR059C
P0C5K9		YBL039C-A		Uncharacterized protein YBL039C-A
P0C5L0		YBR056C-B		Putative uncharacterized protein YBR056C-B
P0C5L1		YBL068W-A		Putative uncharacterized protein YBL068W-A
P0C5L2		YBR076C-A		Putative uncharacterized protein YBR076C-A
P0C5L3		YBR103C-A		Putative uncharacterized protein YBR103C-A
P0C5L4		YBR121C-A		Uncharacterized protein YBR121C-A
P0C5L5		YBR191W-A		Putative uncharacterized protein YBR191W-A
P0C5L6		YDL022C-A		Uncharacterized protein YDL022C-A
P0C5L7		YDR118W-A		Uncharacterized protein YDR118W-A
P0C5L8		YDL240C-A		Putative uncharacterized protein YDL240C-A
P0C5L9		YDL247W-A		Putative uncharacterized protein YDL247W-A
P0C5M0		YDR320W-B		Uncharacterized protein YDR320W-B
P0C5M1		YDR371C-A		Uncharacterized protein YDR371C-A
P0C5M2		YDR406W-A		Putative uncharacterized protein YDR406W-A
P0C5M3		YDR183C-A		Putative uncharacterized protein YDR183C-A
P0C5M4		YDL185C-A		Putative uncharacterized protein YDL185C-A
P0C5M5		YDL114W-A		Putative uncharacterized protein YDL114W-A
P0C5M6		YEL020C-B		Putative uncharacterized protein YEL020C-B
P0C5M7		YEL050W-A		Putative uncharacterized protein YEL050W-A
P0C5M8		YER090C-A		Uncharacterized protein YER090C-A
P0C5M9		YFR009W-A		Uncharacterized protein YFR009W-A
P0C5N0		YFR010W-A		Uncharacterized protein YFR010W-A
P0C5N1		YGL014C-A		Uncharacterized protein YGL014C-A
P0C5N2		YGR122C-A		Putative uncharacterized protein YGR122C-A
P0C5N3		YGL041W-A		Uncharacterized protein YGL041W-A, mitochondrial
P0C5N4		YHR073C-B		Uncharacterized protein YHR073C-B
P0C5N5		YHR180C-B		Putative uncharacterized protein YHR180C-B
P0C5N6		YHR032W-A		Uncharacterized protein YHR032W-A
P0C5N7		YHR073W-A		Uncharacterized protein YHR073W-A
P0C5N8		YHR180W-A		Putative uncharacterized protein YHR180W-A
P0C5N9		YJL156W-A		Putative uncharacterized protein YJL156W-A
P0C5P0		YJL197C-A		Uncharacterized protein YJL197C-A
P0C5P1		YJL127W-A		Putative uncharacterized protein YJL127W-A
P0C5P2		YKL100W-A		Uncharacterized protein YKL100W-A
P0C5P3		YKL145W-A		Uncharacterized protein YKL145W-A
P0C5P4		YKL162C-A		Putative uncharacterized protein YKL162C-A
P0C5P5		YKL165C-A		Putative uncharacterized YKL165C-A
P0C5P6		YLR163W-A		Uncharacterized protein YLR163W-A
P0C5P7		YLR222C-A		Putative uncharacterized protein YLR222C-A
P0C5P8		YLR149C-A		Putative uncharacterized protein YLR149C-A
P0C5P9		YLR154W-B		Putative uncharacterized protein YLR154W-B
P0C5Q0		YLR154W-F		Putative uncharacterized protein YLR154W-F
P0C5Q1		YLR364C-A		Uncharacterized protein YLR364C-A
P0C5Q2		YMR013W-A		Putative uncharacterized protein YMR013W-A
P0C5Q3		YMR013C-A		Uncharacterized protein YMR013C-A
P0C5Q4		YMR141W-A		Putative uncharacterized protein YMR141W-A
P0C5Q5		YMR307C-A		Putative uncharacterized protein YMR307C-A
P0C5Q6		YMR194C-A		Putative uncharacterized protein YMR194C-A
P0C5Q7		YNR001W-A		Putative uncharacterized protein YNR001W-A
P0C5Q8		YNL067W-A		Putative uncharacterized protein YNL067W-A
P0C5Q9		YOR008W-B		Putative uncharacterized protein YOR008W-B
P0C5R0		YOR314W-A		Putative uncharacterized protein YOR314W-A
P0C5R1		YOR329W-A		Putative uncharacterized protein YOR329W-A
P0C5R2		YOR072W-A		Putative uncharacterized protein YOR072W-A
P0C5R3		YOR073W-A		Putative uncharacterized protein YOR073W-A
P0C5R4		YOL083C-A		Uncharacterized protein YOL083C-A
P0C5R5		YPR016W-A		Putative uncharacterized protein YPR016W-A
P0C5R6		YPR074W-A		Putative uncharacterized protein YPR074W-A
P0C5R7		YPR169W-A		Putative uncharacterized protein YPR169W-A
P0C5R8		YPR170W-A		Putative uncharacterized protein YPR170W-A
P0C5R9		YPR170W-B		V-type proton ATPase subunit f
P0C5S0		YPL250W-A		Putative uncharacterized protein YPL250W-A
P0C5S1		YPR160W-A		Uncharacterized protein YPR160W-A
P0CD90	AQY2	YLL052C	AQY2-2	Aquaporin-like protein 2
P0CD91	AQY1	YPR192W	AQY1-2	Aquaporin-1
P0CD97		YER039C-A		Uncharacterized protein YER039C-A
P0CD98		YLL053C		Putative uncharacterized protein YLL053C
P0CD99	MPH2	YDL247W		Alpha-glucosides permease MPH2
P0CE00	MPH3	YJR160C		Alpha-glucosides permease MPH3
P0CE11	HVG1	YER039C	YEM9	Probable GDP-mannose transporter 2
P0CE41	HAP1	YLR256W	CYP1	Heme-responsive zinc finger transcription factor HAP1
P0CE68	NFT1	YKR103W		ABC transporter NFT1
P0CE69		YKR104W		Putative uncharacterized protein YKR104W
P0CE85	PAU19	YMR325W		Seripauperin-19
P0CE86	PAU21	YOR394W		Seripauperin-21
P0CE87	PAU22	YPL282C		Seripauperin-22
P0CE88	PAU1	YJL223C		Seripauperin-1
P0CE89	PAU14	YIL176C		Seripauperin-14
P0CE90	PAU6	YNR076W		Seripauperin-6
P0CE91	PAU18	YLL064C		Seripauperin-18
P0CE92	PAU8	YAL068C		Seripauperin-8
P0CE93	PAU11	YGL261C		Seripauperin-11
P0CE96		YLR156W		Putative uncharacterized protein YLR156W
P0CE97		YLR159W		Putative uncharacterized protein YLR159W
P0CE98		YLR161W		Putative uncharacterized protein YLR161W
P0CE99		YLR157W-D		Putative uncharacterized protein YLR157W-D
P0CF00		YLR157W-E		Putative uncharacterized protein YLR157W-E
P0CF16		YML003W		UPF0507 protein YML003W
P0CF17		YML002W		UPF0507 protein YML002W
P0CF18		YMR085W		Uncharacterized protein YMR085W
P0CF19		YOL162W		Putative uncharacterized transporter YOL162W
P0CF20		YOL163W		Putative uncharacterized transporter YOL163W
P0CF21		YIL168W		Putative truncated L-serine dehydratase YIL168W
P0CF22	SDL1	YIL167W	SDH1	Putative truncated L-serine dehydratase SDL1
P0CF33		YLL017W		Putative truncated guanine nucleotide exchange factor YLL017W
P0CF34	SDC25	YLL016W	SCD25	Putative truncated guanine nucleotide exchange factor SDC25
P0CF35	FDH2	YPL275W		Truncated formate dehydrogenase 2
P0CF36		YPL276W		Putative uncharacterized protein YPL276W
P0CG63	UBI4	YLL039C	SCD2	Polyubiquitin
P0CH08	RPL40A	YIL148W	UBI1	Ubiquitin-ribosomal protein eL40A fusion protein
P0CH09	RPL40B	YKR094C	UBI2	Ubiquitin-ribosomal protein eL40B fusion protein
P0CH63	DDI2	YFL061W		Cyanamide hydratase DDI2
P0CH64	DDI3	YNL335W		Cyanamide hydratase DDI3
P0CI66		YAR062W		Putative uncharacterized protein YAR062W
P0CI67		YHR213W		Uncharacterized protein YHR213W
P0CL23		YIL175W		Putative UPF0377 protein YIL175W
P0CL24		YJL222W-B		Putative UPF0377 protein YJL222W-B
P0CL25		YIL174W		Putative UPF0377 protein YIL174W
P0CL26		YJL222W-A		Putative UPF0377 protein YJL222W-A
P0CL27		YER190C-A		Putative uncharacterized protein YER190C-A
P0CL28		YGR296C-A		Putative uncharacterized protein YGR296C-A
P0CL29		YML133W-A		Putative uncharacterized protein YML133W-A
P0CL30		YNL339W-A		Putative uncharacterized protein YNL339W-A
P0CL31		YPL283W-A		Putative uncharacterized protein YPL283W-A
P0CL32		YHR052W-A		Putative uncharacterized protein YHR052W-A
P0CL33		YHR054W-A		Putative uncharacterized protein YHR054W-A
P0CL34		YHR219C-A		Putative UPF0479 protein YHR219C-A
P0CL35		YML133W-B		Putative UPF0479 protein YML133W-B
P0CL36		YNL339W-B		Putative UPF0479 protein YNL339W-B
P0CL37		YDR545C-A		Putative UPF0479 protein YDR545C-A
P0CL38		YLR466C-A		Putative UPF0479 protein YLR466C-A
P0CL39		YLR467C-A		Putative UPF0479 protein YLR467C-A
P0CL40		YOR396C-A		Putative UPF0479 protein YOR396C-A
P0CL41		YIL177W-A		Putative UPF0479 protein YIL177W-A
P0CL42		YJL225W-A		Putative UPF0479 protein YJL225W-A
P0CS90	SSC1	YJR045C	ENS1	Import motor subunit, mitochondrial
P0CT04	PBI2	YNL015W		Protease B inhibitor 2
P0CT86		YJR107C-A		Uncharacterized protein YJR107C-A
P0CW40	IMA3	YIL172C		Oligo-1,6-glucosidase IMA3
P0CW41	IMA4	YJL221C	FSP2	Oligo-1,6-glucosidase IMA4
P0CX08	DSF1	YEL070W	MAN1	Mannitol dehydrogenase DSF1
P0CX09	MAN2	YNR073C		Mannitol dehydrogenase 2
P0CX10	ERR1	YOR393W		Enolase-related protein 1
P0CX11	ERR2	YPL281C		Enolase-related protein 2
P0CX12	COS2	YBR302C		Protein COS2
P0CX13	COS3	YML132W		Protein COS3
P0CX14	YRF1-3	YGR296W		Y' element ATP-dependent helicase protein 1 copy 3
P0CX15	YRF1-7	YPL283C		Y' element ATP-dependent helicase protein 1 copy 7
P0CX16		YEL076C-A		Putative uncharacterized protein YEL076C-A
P0CX17		YLR464W		Putative uncharacterized protein YLR464W
P0CX18		YAR066W		Putative GPI-anchored protein YAR066W
P0CX19		YHR214W		Putative GPI-anchored protein YHR214W
P0CX20	YRF1-1	YDR545W		Y' element ATP-dependent helicase protein 1 copy 1
P0CX21	YRF1-5	YLR467W		Y' element ATP-dependent helicase protein 1 copy 5
P0CX22	YRF1-8	YOR396W		Y' element ATP-dependent helicase protein 1 copy 8
P0CX23	RPL20A	YMR242C	RPL18A;RPL18A2	Large ribosomal subunit protein eL20A
P0CX24	RPL20B	YOR312C	RPL18A1;RPL18B	Large ribosomal subunit protein eL20B
P0CX25	RPL43A	YPR043W		Large ribosomal subunit protein eL43A
P0CX26	RPL43B	YJR094W-A		Large ribosomal subunit protein eL43B
P0CX27	RPL42A	YNL162W	RPL41A;SCL41A	Large ribosomal subunit protein eL42A
P0CX28	RPL42B	YHR141C	MAK18;RPL41B;SCL41B	Large ribosomal subunit protein eL42B
P0CX29	RPS23A	YGR118W	RPS28A	Small ribosomal subunit protein uS12A
P0CX30	RPS23B	YPR132W	RPS28B	Small ribosomal subunit protein uS12B
P0CX31	RPS24A	YER074W	RPS24EA	Small ribosomal subunit protein eS24A
P0CX32	RPS24B	YIL069C	RPS24EB	Small ribosomal subunit protein eS24B
P0CX33	RPS30A	YLR287C-A		Small ribosomal subunit protein eS30A
P0CX34	RPS30B	YOR182C		Small ribosomal subunit protein eS30B
P0CX35	RPS4A	YJR145C	RPS7B	Small ribosomal subunit protein eS4A
P0CX36	RPS4B	YHR203C	RPS7A	Small ribosomal subunit protein eS4B
P0CX37	RPS6A	YPL090C	RPS101;RPS10B	Small ribosomal subunit protein eS6A
P0CX38	RPS6B	YBR181C	RPS102;RPS10A	Small ribosomal subunit protein eS6B
P0CX39	RPS8A	YBL072C	RPS14A	Small ribosomal subunit protein eS8A
P0CX40	RPS8B	YER102W	RPS14B	Small ribosomal subunit protein eS8B
P0CX41	RPL23A	YBL087C	RPL17A;RPL17AA	Large ribosomal subunit protein uL14A
P0CX42	RPL23B	YER117W	RPL17AB;RPL17B	Large ribosomal subunit protein uL14B
P0CX43	RPL1A	YPL220W	SSM1;SSM1A	Large ribosomal subunit protein uL1A
P0CX44	RPL1B	YGL135W	SSM1B;SSM2	Large ribosomal subunit protein uL1B
P0CX45	RPL2A	YFR031C-A	RPL5B	Large ribosomal subunit protein uL2A
P0CX46	RPL2B	YIL018W	RPL5A	Large ribosomal subunit protein uL2B
P0CX47	RPS11A	YDR025W	RPS18A	Small ribosomal subunit protein uS17A
P0CX48	RPS11B	YBR048W	RPS18B	Small ribosomal subunit protein uS17B
P0CX49	RPL18A	YOL120C	RP28A	Large ribosomal subunit protein eL18A
P0CX50	RPL18B	YNL301C	RP28B	Large ribosomal subunit protein eL18B
P0CX51	RPS16A	YMR143W	RP61R	Small ribosomal subunit protein uS9A
P0CX52	RPS16B	YDL083C		Small ribosomal subunit protein uS9B
P0CX53	RPL12A	YEL054C	RPL15B	Large ribosomal subunit protein uL11A
P0CX54	RPL12B	YDR418W	RPL15A	Large ribosomal subunit protein uL11B
P0CX55	RPS18A	YDR450W		Small ribosomal subunit protein uS13A
P0CX56	RPS18B	YML026C		Small ribosomal subunit protein uS13B
P0CX57	TY1A-A	YAR010C	YARCTy1-1;GAG	Transposon Ty1-A Gag polyprotein
P0CX58	TY1A-PR1	YPR137C-A	YPRCTy1-2;GAG	Transposon Ty1-PR1 Gag polyprotein
P0CX59	TY1A-OR	YOR142W-A	YORWTy1-2;GAG	Transposon Ty1-OR Gag polyprotein
P0CX60	TY1A-PR2	YPR158W-A	YPRWTy1-3;GAG	Transposon Ty1-PR2 Gag polyprotein
P0CX61	TY2A-F	YFL002W-B	YFLWTy2-1;GAG	Transposon Ty2-F Gag polyprotein
P0CX62	TY2A-GR2	YGR161W-A	YGRWTy2-2;GAG	Transposon Ty2-GR2 Gag polyprotein
P0CX63	TY2B-F	YFL002W-A	YFLWTy2-1;POL	Transposon Ty2-F Gag-Pol polyprotein
P0CX64	TY2B-GR2	YGR161W-B	YGRWTy2-2;POL	Transposon Ty2-GR2 Gag-Pol polyprotein
P0CX65	TY1A-DR5	YDR316W-A	YDRWTy1-4;GAG	Transposon Ty1-DR5 Gag polyprotein
P0CX66	TY1A-ER2	YER159C-A	YERCTy1-2;GAG	Transposon Ty1-ER2 Gag polyprotein
P0CX67	TY1A-GR3	YGR161C-C	YGRCTy1-3;GAG	Transposon Ty1-GR3 Gag polyprotein
P0CX68	TY1A-LR1	YLR035C-B	YLRCTy1-1;GAG	Transposon Ty1-LR1 Gag polyprotein
P0CX69	TY1A-MR2	YMR051C	YMRCTy1-4;GAG	Transposon Ty1-MR2 Gag polyprotein
P0CX70	TY1A-DR6	YDR365W-A	YDRWTy1-5;GAG	Transposon Ty1-DR6 Gag polyprotein
P0CX71	TY1A-ER1	YER137C-A	YERCTy1-1;GAG	Transposon Ty1-ER1 Gag polyprotein
P0CX72	TY1A-LR2	YLR157C-A	YLRCTy1-2;GAG	Transposon Ty1-LR2 Gag polyprotein
P0CX73	TY1A-PL	YPL257W-A	YPLWTy1-1;GAG	Transposon Ty1-PL Gag polyprotein
P0CX74	TY1A-JR1	YJR026W	YJRWTy1-1;GAG	Transposon Ty1-JR1 Gag polyprotein
P0CX75	TY1A-LR3	YLR227W-A	YLRWTy1-3;GAG	Transposon Ty1-LR3 Gag polyprotein
P0CX76	TY1A-ML2	YML040W	YMLWTy1-2;GAG	Transposon Ty1-ML2 Gag polyprotein
P0CX77	ASP3-2	YLR157C		L-asparaginase 2-2
P0CX78	ASP3-3	YLR158C		L-asparaginase 2-3
P0CX79	ASP3-4	YLR160C		L-asparaginase 2-4
P0CX80	CUP1-1	YHR053C	MTH1	Copper metallothionein 1-1
P0CX81	CUP1-2	YHR055C	MTH1	Copper metallothionein 1-2
P0CX82	RPL19A	YBR084C-A	RPL23A;YL14A	Large ribosomal subunit protein eL19A
P0CX83	RPL19B	YBL027W	RPL23B;YL14B	Large ribosomal subunit protein eL19
P0CX84	RPL35A	YDL191W	SOS1	Large ribosomal subunit protein uL29A
P0CX85	RPL35B	YDL136W	SOS2	Large ribosomal subunit protein uL29B
P0CX86	RPL41A	YDL184C	RPL47A;YL41A	Small ribosomal subunit protein eS32A
P0CX87	RPL41B	YDL133C-A	RPL47B;YL41B	Small ribosomal subunit protein eS32B
P0CX88		YAR060C		Putative uncharacterized protein YAR060C
P0CX89		YHR212C		Putative uncharacterized protein YHR212C
P0CX90		YAR061W		Uncharacterized protein YAR061W
P0CX91		YHR212W-A		Uncharacterized protein YHR212W-A
P0CX92		YAR069C		Putative uncharacterized protein YAR069C
P0CX93		YHR214C-D		Uncharacterized protein YHR214C-D
P0CX94		YER190C-B		UPF0479 membrane protein YER190C-B
P0CX95		YEL077W-A		UPF0479 membrane protein YEL077W-A
P0CX96		YGR296C-B		UPF0479 membrane protein YGR296C-B
P0CX97		YPL283W-B		UPF0479 membrane protein YPL283W-B
P0CX98		YPR204C-A		UPF0479 membrane protein YPR204C-A
P0CX99		YFL068W		UPF0479 membrane protein YFL068W
P0CY00		YLL066W-A		UPF0479 membrane protein YLL066W-A
P0CY01		YLL067W-A		UPF0479 membrane protein YLL067W-A
P0CY02		YLR154C-H		Uncharacterized protein YLR154C-H
P0CY03		YLR156C-A		Uncharacterized protein YLR156C-A
P0CY04		YLR157C-C		Uncharacterized protein YLR157C-C
P0CY05		YLR159C-A		Uncharacterized protein YLR159C-A
P0CY06	MATALPHA1	YCR040W	ALPHA-1;MAT1A;MATAL1	Mating-type protein ALPHA1
P0CY07	HMLALPHA1	YCL066W		Silenced mating-type protein ALPHA1
P0CY08	MATALPHA2	YCR039C	ALPHA-2;MAT2A;MATAL2	Mating-type protein ALPHA2
P0CY09	HMLALPHA2	YCL067C		Silenced mating-type protein ALPHA2
P0CY11	HMRA1	YCR097W		Silenced mating-type protein A1
P0CY13	HMRA2	YCR096C		Silenced mating-type protein A2
P0CZ17	ASP3-1	YLR155C		L-asparaginase 2-1
P10080	SBP1	YHL034C	SSB1;SSBR1	Single-stranded nucleic acid-binding protein
P10081	TIF1; TIF2	YKR059W;YJL138C	TIF41A;TIF41B	ATP-dependent RNA helicase eIF4A
P10127	ADH4	YGL256W	ZRG5	Alcohol dehydrogenase 4
P10174	COX7	YMR256C		Cytochrome c oxidase subunit 7, mitochondrial
P10355	PET122	YER153C		Protein PET122, mitochondrial
P10356		YER152C		Uncharacterized protein YER152C
P10363	PRI1	YIR008C		DNA primase small subunit
P10507	MAS1	YLR163C	MIF1	Mitochondrial-processing peptidase subunit beta
P10566	MRS3	YJL133W		Mitochondrial RNA-splicing protein MRS3
P10591	SSA1	YAL005C		Heat shock protein SSA1
P10592	SSA2	YLL024C		Heat shock protein SSA2
P10614	ERG11	YHR007C	CYP51	Lanosterol 14-alpha demethylase CYP51
P10622	RPP1B	YDL130W	L12EIIB;RPL44P;RPLA3	Large ribosomal subunit protein P1B
P10659	SAM1	YLR180W	ETH10	S-adenosylmethionine synthase 1
P10662	MRP1	YDR347W		Small ribosomal subunit protein mS43
P10663	MRP2	YPR166C		Small ribosomal subunit protein uS14m
P10664	RPL4A	YBR031W	RPL2;RPL2A	Large ribosomal subunit protein uL4A
P10823	GPA2	YER020W	SSP101	Guanine nucleotide-binding protein alpha-2 subunit
P10834	PET54	YGR222W		Protein PET54
P10849	MTF2	YDL044C	NAM1	Mitochondrial translation factor 2
P10862	RAD18	YCR066W		Postreplication repair E3 ubiquitin-protein ligase RAD18
P10863	TIR1	YER011W	SRP1	Cold shock-induced protein TIR1
P10869	HOM3	YER052C		Aspartokinase
P10870	SNF3	YDL194W		Low glucose sensor SNF3
P10961	HSF1	YGL073W		Heat shock transcription factor
P10962	MAK16	YAL025C		Protein MAK16
P10963	PCK1	YKR097W	PEPC;PPC1	Phosphoenolpyruvate carboxykinase
P10964	RPA190	YOR341W	RPA1;RRN1	DNA-directed RNA polymerase I subunit RPA190
P11075	SEC7	YDR170C		ADP-ribosylation factor guanine nucleotide-exchange factor SEC7
P11076	ARF1	YDL192W		ADP-ribosylation factor 1
P11154	PYC1	YGL062W	PYV	Pyruvate carboxylase 1
P11325	NAM2	YLR382C	MSL1	Leucine--tRNA ligase, mitochondrial
P11353	HEM13	YDR044W		Oxygen-dependent coproporphyrinogen-III oxidase
P11412	ZWF1	YNL241C	MET19	Glucose-6-phosphate 1-dehydrogenase
P11433	CDC24	YAL041W	CLS4	Cell division control protein 24
P11484	SSB1	YDL229W	YG101	Ribosome-associated molecular chaperone SSB1
P11491	PHO8	YDR481C		Repressible alkaline phosphatase
P11632	NHP6A	YPR052C	NHPA	Non-histone chromosomal protein 6A
P11633	NHP6B	YBR089C-A	NHPB	Non-histone chromosomal protein 6B
P11655	SEC12	YNR026C	SED2	Guanine nucleotide-exchange factor SEC12
P11709	BIK1	YCL029C		Nuclear fusion protein BIK1
P11710	FUS1	YCL027W		Nuclear fusion protein FUS1
P11745	RNA1	YMR235C		Ran GTPase-activating protein 1
P11746	MCM1	YMR043W	FUN80	Pheromone receptor transcription factor
P11747	TAF13	YML098W	FUN81;TAF19	Transcription initiation factor TFIID subunit 13
P11792	SCH9	YHR205W	KOM1	Serine/threonine-protein kinase SCH9
P11914	MAS2	YHR024C	MIF2	Mitochondrial-processing peptidase subunit alpha
P11927	KAR1	YNL188W		Cell division control protein KAR1
P11938	RAP1	YNL216W	GRF1;TUF1	DNA-binding protein RAP1
P11972	SST2	YLR452C		Protein SST2
P11978	SIR4	YDR227W	ASD1;STE9;UTH2	Regulatory protein SIR4
P11986	INO1	YJL153C		Inositol-3-phosphate synthase
P12383	PDR1	YGL013C	AMY1;ANT1;BOR2;CYH3;NRA2;SMR2;TIL1;TPE1;TPE3	Transcription factor PDR1
P12385	SUP45	YBR143C	SAL4;SUP1	Eukaryotic peptide chain release factor subunit 1
P12611	WHI2	YOR043W		Growth regulation protein
P12612	TCP1	YDR212W	CCT1	T-complex protein 1 subunit alpha
P12630	BAR1	YIL015W	SST1	Barrierpepsin
P12683	HMG1	YML075C		3-hydroxy-3-methylglutaryl-coenzyme A reductase 1
P12684	HMG2	YLR450W		3-hydroxy-3-methylglutaryl-coenzyme A reductase 2
P12685	TRK1	YJL129C		High-affinity potassium transport protein
P12686	MRP13	YGR084C		Small ribosomal subunit protein mS27
P12687	MRP7	YNL005C	MRPL2	Large ribosomal subunit protein bL27m
P12688	YPK1	YKL126W	SLI2	Serine/threonine-protein kinase YPK1
P12689	REV1	YOR346W		Translesion synthesis protein REV1
P12695	LAT1	YNL071W	ODP2;PDA2	Dihydrolipoyllysine-residue acetyltransferase component of pyruvate dehydrogenase complex, mitochondrial
P12709	PGI1	YBR196C		Glucose-6-phosphate isomerase
P12753	RAD50	YNL250W		DNA repair protein RAD50
P12754	GCD2	YGR083C	TIF224	Translation initiation factor eIF2B subunit delta
P12866	STE6	YKL209C		Alpha-factor-transporting ATPase
P12868	PEP5	YMR231W	END1;VAM1;VPL9;VPS11;VPT11	E3 ubiquitin-protein ligase PEP5
P12887	UNG1	YML021C		Uracil-DNA glycosylase
P12904	SNF4	YGL115W	CAT3;SCI1	5'-AMP-activated protein kinase subunit gamma
P12945	NAT1	YDL040C	AAA1	N-terminal acetyltransferase A complex subunit NAT1
P12954	SRS2	YJL092W	HPR5;RADH	ATP-dependent DNA helicase SRS2
P12962	CAF20	YOR276W	CAF2;CAP20	Cap-associated protein CAF20
P13045	GAL3	YDR009W		Protein GAL3
P13090	ATR1	YML116W	SNQ1	Aminotriazole resistance protein
P13099	TOP3	YLR234W	EDR1	DNA topoisomerase 3
P13130	SPS100	YHR139C		Sporulation-specific wall maturation protein
P13134	KEX2	YNL238W	QDS1	Kexin
P13181	GAL2	YLR081W	IMP1	Galactose transporter
P13185	KIN1	YDR122W		Serine/threonine protein kinase KIN1
P13186	KIN2	YLR096W		Serine/threonine-protein kinase KIN2
P13188	GLN4	YOR168W		Glutamine--tRNA ligase
P13259	PCT1	YGR202C	CCT;CCT1	Choline-phosphate cytidylyltransferase
P13298	URA5	YML106W	PYR5	Orotate phosphoribosyltransferase 1
P13365	CLN3	YAL040C	DAF1;WHI1	G1/S-specific cyclin CLN3
P13382	POL1	YNL102W	CDC17	DNA polymerase alpha catalytic subunit A
P13393	SPT15	YER148W	BTF1;TBP1	TATA-box-binding protein
P13433	RPO41	YFL036W		DNA-directed RNA polymerase, mitochondrial
P13434	HAP3	YBL021C		Transcriptional activator HAP3
P13483	DAT1	YML113W	DAT	Oligo
P13517	CAP2	YIL034C		F-actin-capping protein subunit beta
P13574	STE12	YHR084W		Protein STE12
P13586	PMR1	YGL167C	BSD1;SCC1	Calcium-transporting ATPase 1
P13587	ENA1	YDR040C	HOR6;PMR2;PMR2A	Sodium/potassium exporting P-type ATPase 1
P13663	HOM2	YDR158W		Aspartate-semialdehyde dehydrogenase
P13711	POX1	YGL205W	FOX1	Acyl-coenzyme A oxidase
P13712	MSI1	YBR195C	CAC3	Histone-binding protein MSI1
P13856	RSR1	YGR152C	BUD1	Ras-related protein RSR1
P13902	INO4	YOL108C		Protein INO4
P14020	DPM1	YPR183W	SED3	Dolichol-phosphate mannosyltransferase
P14063	MRPL31	YKL138C		Large ribosomal subunit protein mL60
P14064	HAP4	YKL109W		Transcriptional activator HAP4
P14065	GCY1	YOR120W	GCY	Glycerol 2-dehydrogenase
P14066	CBS1	YDL069C		Cytochrome b translational activator protein CBS1, mitochondrial
P14120	RPL30	YGL030W	RPL32	Large ribosomal subunit protein eL30
P14126	RPL3	YOR063W	MAK8;TCM1	Large ribosomal subunit protein uL3
P14127	RPS17B	YDR447C	RP51B	Small ribosomal subunit protein eS17B
P14164	ABF1	YKL112W	BAF1;OBF1;REB2;SBF1	ARS-binding factor 1
P14180	CHS2	YBR038W		Chitin synthase 2
P14242	PMS1	YNL082W		DNA mismatch repair protein PMS1
P14284	REV3	YPL167C	PSO1	DNA polymerase zeta catalytic subunit
P14291	RED1	YLR263W		Protein RED1
P14306	TFS1	YLR178C	DKA1;NSP1	Carboxypeptidase Y inhibitor
P14359	SNA3	YJL151C		Protein SNA3
P14540	FBA1	YKL060C		Fructose-bisphosphate aldolase
P14680	YAK1	YJL141C		Dual specificity protein kinase YAK1
P14681	KSS1	YGR040W		Mitogen-activated protein kinase KSS1
P14682	CDC34	YDR054C	DNA6;UBC3	Ubiquitin-conjugating enzyme E2-34 kDa
P14693	SAM35	YHR083W	OMP85;TOB38;TOM38	Sorting assembly machinery 35 kDa subunit
P14724	CDC26	YFR036W	HIT3;SCD26	Anaphase-promoting complex subunit CDC26
P14736	RAD4	YER162C		DNA repair protein RAD4
P14737	RAD9	YDR217C		DNA repair protein RAD9
P14741	GCN3	YKR026C	AAS2;TIF221	Translation initiation factor eIF2B subunit alpha
P14742	GFA1	YKL104C		Glutamine--fructose-6-phosphate aminotransferase
P14743	NMT1	YLR195C	CDC72	Glycylpeptide N-tetradecanoyltransferase
P14747	CMP2	YML057W	CNA2	Serine/threonine-protein phosphatase 2B catalytic subunit A2
P14772	BPT1	YLL015W		Bile pigment transporter 1
P14832	CPR1	YDR155C	CPH1;CYP1;SCC1	Peptidyl-prolyl cis-trans isomerase
P14843	ARO3	YDR035W		Phospho-2-dehydro-3-deoxyheptonate aldolase, phenylalanine-inhibited
P14904	APE1	YKL103C	API;LAP4;YSC1	Vacuolar aminopeptidase 1
P14905	CBS2	YDR197W	CBP7	Cytochrome B translational activator CBS2
P14906	SEC63	YOR254C	NPL1;PTL1	Protein translocation protein SEC63
P14907	NSP1	YJL041W		Nucleoporin NSP1
P14908	MTF1	YMR228W		Mitochondrial transcription factor 1
P14922	CYC8	YBR112C	CRT8;SSN6	General transcriptional corepressor CYC8
P15019	TAL1	YLR354C		Transaldolase
P15108	HSC82	YMR186W		ATP-dependent molecular chaperone HSC82
P15179	MSD1	YPL104W		Aspartate--tRNA ligase, mitochondrial
P15180	KRS1	YDR037W	GCD5	Lysine--tRNA ligase, cytoplasmic
P15202	CTA1	YDR256C		Peroxisomal catalase A
P15274	AMD1	YML035C	AMD	AMP deaminase
P15303	SEC23	YPR181C		Protein transport protein SEC23
P15315	CUP2	YGL166W	ACE1	Transcriptional activator protein CUP2
P15365	DAL5	YJR152W	UREP1	Allantoate permease
P15367	SEC11	YIR022W		Signal peptidase complex catalytic subunit SEC11
P15380	PUT4	YOR348C		Proline-specific permease
P15424	MSS116	YDR194C		ATP-dependent RNA helicase MSS116, mitochondrial
P15436	POL3	YDL102W	CDC2;TEX1	DNA polymerase delta catalytic subunit
P15442	GCN2	YDR283C	AAS1	eIF-2-alpha kinase GCN2
P15454	GUK1	YDR454C		Guanylate kinase
P15496	IDI1	YPL117C	BOT2	Isopentenyl-diphosphate delta-isomerase
P15565	TRM1	YDR120C		tRNA
P15624	FRS1	YLR060W		Phenylalanine--tRNA ligase beta subunit
P15625	FRS2	YFL022C		Phenylalanine--tRNA ligase alpha subunit
P15646	NOP1	YDL014W	LOT3	rRNA 2'-O-methyltransferase fibrillarin
P15700	URA6	YKL024C	SOC8	Uridylate kinase
P15703	BGL2	YGR282C	SCW9	Glucan 1,3-beta-glucosidase
P15705	STI1	YOR027W		Heat shock protein STI1
P15731	UBC4	YBR082C		Ubiquitin-conjugating enzyme E2 4
P15732	UBC5	YDR059C		Ubiquitin-conjugating enzyme E2-16 kDa
P15790	CKA1	YIL035C		Casein kinase II subunit alpha
P15801	MIP1	YOR330C		DNA polymerase gamma
P15807	MET8	YBR213W		Siroheme biosynthesis protein MET8
P15873	POL30	YBR088C		DNA sliding clamp PCNA
P15891	ABP1	YCR088W		Actin-binding protein
P15938	PRP16	YKR086W		Pre-mRNA-splicing factor ATP-dependent RNA helicase PRP16
P15992	HSP26	YBR072W		Heat shock protein 26
P16120	THR4	YCR053W		Threonine synthase
P16140	VMA2	YBR127C	VAT2	V-type proton ATPase subunit B
P16151	ERD1	YDR414C		Protein ERD1
P16370	RPB3	YIL021W		DNA-directed RNA polymerase II subunit RPB3
P16387	PDA1	YER178W		Pyruvate dehydrogenase E1 component subunit alpha, mitochondrial
P16451	PDX1	YGR193C		Pyruvate dehydrogenase complex protein X component, mitochondrial
P16467	PDC5	YLR134W		Pyruvate decarboxylase isozyme 2
P16474	KAR2	YJL034W	GRP78;SSD1	Endoplasmic reticulum chaperone BiP
P16521	YEF3	YLR249W	EFC1;TEF3;YEF3A	Elongation factor 3A
P16522	CDC23	YHR166C		Anaphase-promoting complex subunit CDC23
P16523	MER1	YNL210W		Meiotic recombination 1 protein
P16547	OM45	YIL136W		Mitochondrial outer membrane protein OM45
P16550	APA1	YCL050C	DTP	Protein APA1
P16603	NCP1	YHR042W	CPR1;NCPR1;PRD1	NADPH--cytochrome P450 reductase
P16622	HEM15	YOR176W		Ferrochelatase, mitochondrial
P16639	ATE1	YGL017W		Arginyl-tRNA--protein transferase 1
P16649	TUP1	YCR084C	AAR1;AER2;AMM1;CYC9;FLK1;SFL2;UMR7	General transcriptional corepressor TUP1
P16658	SEN2	YLR105C		tRNA-splicing endonuclease subunit SEN2
P16661	ALG1	YBR110W		Chitobiosyldiphosphodolichol beta-mannosyltransferase
P16664	RGP1	YDR137W		Guanine nucleotide exchange factor subunit RGP1
P16861	PFK1	YGR240C		ATP-dependent 6-phosphofructokinase subunit alpha
P16862	PFK2	YMR205C		ATP-dependent 6-phosphofructokinase subunit beta
P16892	FUS3	YBL016W	DAC2	Mitogen-activated protein kinase FUS3
P16965	STF2	YGR008C		ATPase-stabilizing factor 15 kDa protein
P17064	FCY2	YER056C		Purine-cytosine permease FCY2
P17065	SEC2	YNL272C		Rab guanine nucleotide exchange factor SEC2
P17076	RPL8A	YHL033C	MAK7;RPL4A	Large ribosomal subunit protein eL8A
P17106	CBF1	YJR060W	CEP1;CP1;CPF1	Centromere-binding protein 1
P17119	KAR3	YPR141C		Kinesin-like protein KAR3
P17121	SAC7	YDR389W		GTPase-activating protein SAC7
P17122	SPO16	YHR153C		Sporulation-specific protein 16
P17123	SPO12	YHR152W		Sporulation-specific protein 12
P17157	PHO85	YPL031C	SSG3	Cyclin-dependent protein kinase PHO85
P17214	EST1	YLR233C		Telomere elongation protein EST1
P17255	VMA1	YDL185W	CLS8;TFP1	V-type proton ATPase catalytic subunit A
P17260	KRE1	YNL322C		Protein KRE1
P17261	ERS1	YCR075C		Cystine transporter
P17423	THR1	YHR025W		Homoserine kinase
P17442	PHO81	YGR233C		Phosphate system positive regulatory protein PHO81
P17505	MDH1	YKL085W		Malate dehydrogenase, mitochondrial
P17536	TPM1	YNL079C		Tropomyosin-1
P17555	SRV2	YNL138W	CAP1	Adenylyl cyclase-associated protein
P17558	PET123	YOR158W		Small ribosomal subunit protein mS26
P17629	HPR1	YDR138W		THO complex subunit HPR1
P17649	UGA1	YGR019W		4-aminobutyrate aminotransferase
P17695	GRX2	YDR513W	TTR;TTR1	Glutaredoxin-2
P17709	GLK1	YCL040W	HOR3	Glucokinase-1
P17883	SKI3	YPR189W		Superkiller protein 3
P17890	RPC31	YNL151C	ACP2;RPC8	DNA-directed RNA polymerase III subunit RPC7
P17891	CLC1	YGR167W		Clathrin light chain
P17898	CPT1	YNL130C		Cholinephosphotransferase 1
P17967	PDI1	YCL043C	MFP1;TRG1	Protein disulfide-isomerase
P18238	AAC3	YBR085W		ADP/ATP translocase 3
P18239	PET9	YBL030C	AAC2	ADP/ATP translocase 2
P18408	MET16	YPR167C		Phosphoadenosine phosphosulfate reductase
P18409	MDM10	YAL010C		Mitochondrial distribution and morphology protein 10
P18410	SPO7	YAL009W		Sporulation-specific protein SPO7
P18411	FUN14	YAL008W		Protein FUN14
P18412	TEC1	YBR083W	ROC1	Ty transcription activator TEC1
P18414	ERD2	YBL040C		ER lumen protein-retaining receptor
P18480	SNF5	YBR289W	SWI10;TYE4	SWI/SNF chromatin-remodeling complex subunit SNF5
P18494	GLN3	YER040W		Nitrogen regulatory protein GLN3
P18496	ATP10	YLR393W		Mitochondrial ATPase complex subunit ATP10
P18544	ARG8	YOL140W		Acetylornithine aminotransferase, mitochondrial
P18562	FUR1	YHR128W		Uracil phosphoribosyltransferase
P18634	ART10	YLR392C		Arrestin-related trafficking adapter 10
P18759	SEC18	YBR080C		Vesicular-fusion protein SEC18
P18851	STE4	YOR212W		Guanine nucleotide-binding protein subunit beta
P18852	STE18	YJR086W		Guanine nucleotide-binding protein subunit gamma
P18888	SNF6	YHL025W		Transcription regulatory protein SNF6
P18898	CDC43	YGL155W	CAL1	Geranylgeranyl transferase type-1 subunit beta
P18899	DDR48	YMR173W	FSP	Stress protein DDR48
P18900	COQ1	YBR003W		Hexaprenyl pyrophosphate synthase, mitochondrial
P18961	YPK2	YMR104C	YKR2	Serine/threonine-protein kinase YPK2/YKR2
P18962	DAP2	YHR028C		Dipeptidyl aminopeptidase B
P18963	IRA1	YBR140C	GLC1;PPD1	Inhibitory regulator protein IRA1
P19073	CDC42	YLR229C	SRO2	Cell division control protein 42
P19097	FAS2	YPL231W		Fatty acid synthase subunit alpha
P19145	GAP1	YKR039W		General amino-acid permease GAP1
P19146	ARF2	YDL137W		ADP-ribosylation factor 2
P19158	IRA2	YOL081W	CCS1;GLC4	Inhibitory regulator protein IRA2
P19211	ANB1	YJR047C	HYP1;TIF51B	Eukaryotic translation initiation factor 5A-2
P19262	KGD2	YDR148C		Dihydrolipoyllysine-residue succinyltransferase component of 2-oxoglutarate dehydrogenase complex, mitochondrial
P19263	RGR1	YLR071C	MED14	Mediator of RNA polymerase II transcription subunit 14
P19358	SAM2	YDR502C	ETH2	S-adenosylmethionine synthase 2
P19414	ACO1	YLR304C	GLU1	Aconitate hydratase, mitochondrial
P19454	CKA2	YOR061W		Casein kinase II subunit alpha'
P19516	COX11	YPL132W	PSO7	Cytochrome c oxidase assembly protein COX11, mitochondrial
P19524	MYO2	YOR326W	CDC66	Myosin-2
P19541	RDS2	YPL133C		Regulator of drug sensitivity 2
P19657	PMA2	YPL036W		Plasma membrane ATPase 2
P19658	EXO70	YJL085W		Exocyst complex component EXO70
P19659	GAL11	YOL051W	ABE1;MED15;RAR3;SDS4;SPT13	Mediator of RNA polymerase II transcription subunit 15
P19735	PRP6	YBR055C	RNA6	Pre-mRNA-splicing factor 6
P19736	PRP9	YDL030W		Pre-mRNA-splicing factor PRP9
P19807	HNM1	YGL077C	CTR;CTR1	Choline transporter
P19812	UBR1	YGR184C	PTR1	E3 ubiquitin-protein ligase UBR1
P19880	YAP1	YML007W	PAR1;PDR4;SNQ3	AP-1-like transcription factor YAP1
P19881	PHO13	YDL236W		Phosphoglycolate phosphatase
P19882	HSP60	YLR259C	MIF4	Heat shock protein 60, mitochondrial
P19955	YMR31	YFR049W	KGD4	Alpha-ketoglutarate dehydrogenase subunit 4, mitochondrial
P19956	MRPL44	YMR225C	YMR44	Large ribosomal subunit protein mL53
P20048	SEC59	YMR013C		Dolichol kinase
P20049	TYR1	YBR166C		Prephenate dehydrogenase
P20050	HOP1	YIL072W		Meiosis-specific protein HOP1
P20051	URA4	YLR420W		Dihydroorotase
P20052	PHO80	YOL001W	AGS3;TUP7;VAC5	PHO85 cyclin PHO80
P20053	PRP4	YPR178W	RNA4	U4/U6 small nuclear ribonucleoprotein PRP4
P20081	FPR1	YNL135C	FKB1;RBP1	FK506-binding protein 1
P20084	MRPL33	YMR286W		Large ribosomal subunit protein uL30m
P20095	PRP2	YNR011C	RNA2	Pre-mRNA-splicing factor ATP-dependent RNA helicase-like protein PRP2
P20107	ZRC1	YMR243C		Vacuolar zinc transporter ZRC1
P20133	BET2	YPR176C		Geranylgeranyl transferase type-2 subunit beta
P20134	SFL1	YOR140W		Flocculation suppression protein
P20424	SRP54	YPR088C	SRH1	Signal recognition particle subunit SRP54
P20433	RPB4	YJL140W		DNA-directed RNA polymerase II subunit RPB4
P20434	RPB5	YBR154C	RPA7;RPC9	DNA-directed RNA polymerases I, II, and III subunit RPABC1
P20435	RPO26	YPR187W	RPB6	DNA-directed RNA polymerases I, II, and III subunit RPABC2
P20436	RPB8	YOR224C		DNA-directed RNA polymerases I, II, and III subunit RPABC3
P20437	CLN1	YMR199W		G1/S-specific cyclin CLN1
P20438	CLN2	YPL256C		G1/S-specific cyclin CLN2
P20447	DBP3	YGL078C		ATP-dependent RNA helicase DBP3
P20448	HCA4	YJL033W	DBP4;ECM24	ATP-dependent RNA helicase HCA4
P20449	DBP5	YOR046C	RAT8	ATP-dependent RNA helicase DBP5
P20457	PRI2	YKL045W		DNA primase large subunit
P20459	SUI2	YJR007W	TIF211	Eukaryotic translation initiation factor 2 subunit alpha
P20484	MAK11	YKL021C		Protein MAK11
P20485	CKI1	YLR133W	CKI	Choline kinase
P20486	CKS1	YBR135W		Cyclin-dependent kinases regulatory subunit
P20604	SIT4	YDL047W	PPH1	Serine/threonine-protein phosphatase PP1-1
P20606	SAR1	YPL218W		Small COPII coat GTPase SAR1
P20676	NUP1	YOR098C		Nucleoporin NUP1
P20795	VPS33	YLR396C	SLP1;VAM5	Vacuolar protein sorting-associated protein 33
P20840	SAG1	YJR004C	AGAL1	Alpha-agglutinin
P20967	KGD1	YIL125W	OGD1	2-oxoglutarate dehydrogenase, mitochondrial
P21147	OLE1	YGL055W		Acyl-CoA desaturase 1
P21182	SPE2	YOL052C		S-adenosylmethionine decarboxylase proenzyme
P21190	IME1	YJR094C		Meiosis-inducing protein 1
P21192	ACE2	YLR131C		Metallothionein expression activator
P21242	PRE10	YOR362C	PRC1;PRS1	Probable proteasome subunit alpha type-7
P21243	SCL1	YGL011C	PRC2;PRS2	Proteasome subunit alpha type-1
P21264	ADE2	YOR128C		Phosphoribosylaminoimidazole carboxylase
P21268	FAR1	YJL157C		Cyclin-dependent kinase inhibitor FAR1
P21269	CCA1	YER168C	TNT1	CCA tRNA nucleotidyltransferase, mitochondrial
P21304	PWP1	YLR196W		Periodic tryptophan protein 1
P21306	ATP15	YPL271W		ATP synthase subunit epsilon, mitochondrial
P21339	MSB1	YOR188W		Morphogenesis-related protein MSB1
P21372	PRP5	YBR237W	RNA5	Pre-mRNA-processing ATP-dependent RNA helicase PRP5
P21373	UTR1	YJR049C		NAD
P21374	ISY1	YJR050W	NTC30;UTR3	Pre-mRNA-splicing factor ISY1
P21375	OSM1	YJR051W		Fumarate reductase 2
P21524	RNR1	YER070W	CRT7;RIR1;SDS12	Ribonucleoside-diphosphate reductase large chain 1
P21538	REB1	YBR049C	GRF2	DNA-binding protein REB1
P21560	CBP3	YPL215W		Protein CBP3, mitochondrial
P21576	VPS1	YKR001C	LAM1;SPO15	Vacuolar protein sorting-associated protein 1
P21592	COX10	YPL172C		Protoheme IX farnesyltransferase, mitochondrial
P21595	DIT2	YDR402C	CYP56	Cytochrome P450-DIT2
P21623	DIT1	YDR403W		Spore wall maturation protein DIT1
P21651	REC107	YJR021C	MER2	Recombination protein 107
P21657	DAL81	YIR023W	DURL;UGA35	Transcriptional activator protein DAL81
P21672	RNR3	YIL066C	DIN1	Ribonucleoside-diphosphate reductase large chain 2
P21691	SIR1	YKR101W		Regulatory protein SIR1
P21705	DAL82	YNL314W	DURM	Protein DAL82
P21734	UBC1	YDR177W		Ubiquitin-conjugating enzyme E2 1
P21771	MRPS28	YDR337W		Small ribosomal subunit protein uS15m
P21801	SDH2	YLL041C	SDH;SDHB	Succinate dehydrogenase
P21825	SEC62	YPL094C		Translocation protein SEC62
P21826	DAL7	YIR031C	MLS2	Malate synthase 2
P21827	SRM1	YGL097W	MTR1;PRP20	Guanine nucleotide exchange factor SRM1
P21951	POL2	YNL262W	DUN2	DNA polymerase epsilon catalytic subunit A
P21954	IDP1	YDL066W		Isocitrate dehydrogenase
P21957	OPI1	YHL020C		Transcriptional repressor OPI1
P21965	MCK1	YNL307C	YPK1	Protein kinase MCK1
P22007	RAM1	YDL090C	DPR1;SCG2;STE16	Protein farnesyltransferase subunit beta
P22023	KRE5	YOR336W		Killer toxin-resistance protein 5
P22035	BAS1	YKR099W		Myb-like DNA-binding protein BAS1
P22082	SNF2	YOR290C	GAM1;RIC1;SWI2;TYE3	SWI/SNF chromatin-remodeling complex subunit SNF2
P22108	APA2	YDR530C		Diadenosine 5',5'''-P1,P4-tetraphosphate phosphorylase 2
P22133	MDH2	YOL126C		Malate dehydrogenase, cytoplasmic
P22134	MAG1	YER142C	MAG	DNA-3-methyladenine glycosylase
P22135	ATP12	YJL180C		Protein ATP12, mitochondrial
P22136	AEP2	YMR282C	ATP13	ATPase expression protein 2, mitochondrial
P22137	CHC1	YGL206C		Clathrin heavy chain
P22138	RPA135	YPR010C	RPA2;RRN2;SRP3	DNA-directed RNA polymerase I subunit RPA135
P22139	RPB10	YOR210W		DNA-directed RNA polymerases I, II, and III subunit RPABC5
P22140	EPT1	YHR123W		Choline/ethanolaminephosphotransferase 1
P22141	PRE1	YER012W		Proteasome subunit beta type-4
P22146	GAS1	YMR307W	GGP1	1,3-beta-glucanosyltransferase GAS1
P22147	XRN1	YGL173C	DST2;KEM1;RAR5;SEP1;SKI1	5'-3' exoribonuclease 1
P22148	MSN1	YOL116W	FUP1;PHD2	Protein MSN1
P22149	AFT1	YGL071W	RCS1	Iron-regulated transcriptional activator AFT1
P22202	SSA4	YER103W		Heat shock protein SSA4
P22203	VMA4	YOR332W	VAT5	V-type proton ATPase subunit E
P22204	DBF2	YGR092W		Cell cycle protein kinase DBF2
P22209	KIN3	YAR018C	NPK1	Serine/threonine-protein kinase KIN3
P22211	NPR1	YNL183C		Nitrogen permease reactivator protein
P22213	SLY1	YDR189W		Protein SLY1
P22214	SEC22	YLR268W	SLY2;TSL26	Protein transport protein SEC22
P22215	SLY41	YOR307C		Uncharacterized transporter SLY41
P22216	RAD53	YPL153C	MEC2;SAD1;SPK1	Serine/threonine-protein kinase RAD53
P22217	TRX1	YLR043C	TRX2	Thioredoxin-1
P22219	VPS15	YBR097W	GRD8;VAC4;VPL19	Serine/threonine-protein kinase VPS15
P22224	SEC15	YGL233W		Exocyst complex component SEC15
P22276	RET1	YOR207C	RPC128;RPC2	DNA-directed RNA polymerase III subunit RPC2
P22289	QCR9	YGR183C	UCR9	Cytochrome b-c1 complex subunit 9, mitochondrial
P22336	RFA1	YAR007C	BUF2;RPA1	Replication factor A protein 1
P22353	MRPL8	YJL063C		Large ribosomal subunit protein bL17m
P22354	MRPL20	YKR085C		Large ribosomal subunit protein mL58
P22434	PDE1	YGL248W		3',5'-cyclic-nucleotide phosphodiesterase 1
P22438	MSM1	YGR171C		Methionine--tRNA ligase, mitochondrial
P22470	SAN1	YDR143C		Protein SAN1
P22515	UBA1	YKL210W		Ubiquitin-activating enzyme E1 1
P22516	CHL1	YPL008W	CTF1	ATP-dependent DNA helicase CHL1
P22517	CMK2	YOL016C		Calcium/calmodulin-dependent protein kinase II
P22543	VPS34	YLR240W	END12;PEP15;VPL7;VPT29	Phosphatidylinositol 3-kinase VPS34
P22579	SIN3	YOL004W	CPE1;GAM2;RPD1;SDI1;SDS16;UME4	Transcriptional regulatory protein SIN3
P22580	AMD2	YDR242W	AMDY;AMDY1	Probable amidase
P22696	ESS1	YJR017C	PIN1;PTF1	Peptidyl-prolyl cis-trans isomerase ESS1
P22768	ARG1	YOL058W		Argininosuccinate synthase
P22803	TRX2	YGR209C	TRX1	Thioredoxin-2
P22804	BET1	YIL004C	SLY12	Protein transport protein BET1
P22855	AMS1	YGL156W		Alpha-mannosidase
P22936	APN1	YKL114C		Apurinic-apyrimidinic endonuclease 1
P22943	HSP12	YFL014W	GLP1;HOR5	12 kDa heat shock protein
P23059	MAK31	YCR020C-A	NAA38	N-alpha-acetyltransferase 38, NatC auxiliary subunit
P23060	MAK32	YCR019W		Protein MAK32
P23179	SPO11	YHL022C		Meiosis-specific protein SPO11
P23180	AIM17	YHL021C	FMP12	Probable oxidoreductase AIM17
P23201	SPA2	YLL021W	PEA1	Scaffold protein SPA2
P23202	URE2	YNL229C		Transcriptional regulator URE2
P23248	RPS1B	YML063W	PLC2;RPS10B	Small ribosomal subunit protein eS1B
P23250	RPI1	YIL119C		Negative RAS protein regulator protein
P23254	TKL1	YPR074C		Transketolase 1
P23255	TAF2	YCR042C	TAF150;TSM1	Transcription initiation factor TFIID subunit 2
P23285	CPR2	YHR057C	CRG;CYP2;SCC2	Peptidyl-prolyl cis-trans isomerase B
P23287	CNA1	YLR433C	CMP1	Serine/threonine-protein phosphatase 2B catalytic subunit A1
P23291	YCK1	YHR135C	CKI2	Casein kinase I homolog 1
P23292	YCK2	YNL154C	CKI1	Casein kinase I homolog 2
P23293	SGV1	YPR161C	BUR1	Serine/threonine-protein kinase BUR1
P23301	HYP2	YEL034W	TIF51A	Eukaryotic translation initiation factor 5A-1
P23337	GSY1	YFR015C		Glycogen
P23369	MRPL25	YGR076C	YMR26	Large ribosomal subunit protein mL59
P23394	PRP28	YDR243C		Pre-mRNA-splicing ATP-dependent RNA helicase PRP28
P23493	MBR1	YKL093W		Mitochondrial biogenesis regulation protein 1
P23500	MRS4	YKR052C		Mitochondrial RNA-splicing protein MRS4
P23501	YSR3	YKR053C	LBP2	Dihydrosphingosine 1-phosphate phosphatase YSR3
P23503	NAR1	YNL240C		Cytosolic Fe-S cluster assembly factor NAR1
P23542	AAT2	YLR027C	ASP5	Aspartate aminotransferase, cytoplasmic
P23561	STE11	YLR362W		Serine/threonine-protein kinase STE11
P23585	HXT2	YMR011W		High-affinity glucose transporter HXT2
P23594	PPH21	YDL134C		Serine/threonine-protein phosphatase PP2A-1 catalytic subunit
P23595	PPH22	YDL188C	SIS4	Serine/threonine-protein phosphatase PP2A-2 catalytic subunit
P23615	SPT6	YGR116W	CRE2;SSN20	Transcription elongation factor SPT6
P23624	SPO13	YHR014W		Meiosis-specific protein SPO13
P23638	PRE9	YGR135W	PRS5	Proteasome subunit alpha type-3
P23639	PRE8	YML092C	PRS4	Proteasome subunit alpha type-2
P23641	MIR1	YJR077C		Mitochondrial phosphate carrier protein
P23642	VAN1	YML115C	VRG7	Mannan polymerase I complex VAN1 subunit
P23643	VPS3	YDR495C	VPT17	Vacuolar protein sorting-associated protein 3
P23644	TOM40	YMR203W	ISP42;MOM38	Mitochondrial import receptor subunit TOM40
P23724	PRE7	YBL041W	PRS3;PTS1	Proteasome subunit beta type-6
P23748	MIH1	YMR036C		M-phase inducer phosphatase
P23776	EXG1	YLR300W	BGL1;SCW6	Glucan 1,3-beta-glucosidase I/II
P23796	RIT1	YMR283C		tRNA A64-2'-O-ribosylphosphate transferase
P23797	GPI12	YMR281W		N-acetylglucosaminyl-phosphatidylinositol de-N-acetylase
P23833	SCO1	YBR037C		Cytochrome c oxidase assembly factor SCO1
P23900	FPS1	YLL043W		Glycerol uptake/efflux facilitator protein
P23968	VMA16	YHR026W	PPA1	V-type proton ATPase subunit c''
P24000	RPL24B	YGR148C	RPL30B	Large ribosomal subunit protein eL24B
P24004	PEX1	YKL197C	PAS1	Peroxisomal ATPase PEX1
P24031	PHO3	YBR092C		Constitutive acid phosphatase
P24276	SSD1	YDR293C	CLA1;RLD1;SRK1	Protein SSD1
P24279	MCM3	YEL032W		DNA replication licensing factor MCM3
P24280	SEC14	YMR079W	PIT1	SEC14 cytosolic factor
P24309	DBR1	YKL149C	PRP26	Lariat debranching enzyme
P24384	PRP22	YER013W		Pre-mRNA-splicing factor ATP-dependent RNA helicase PRP22
P24482	DPB2	YPR175W		DNA polymerase epsilon subunit B
P24521	ERG8	YMR220W		Phosphomevalonate kinase
P24583	PKC1	YBL105C	HPO2;STT1	Protein kinase C-like 1
P24719	MEK1	YOR351C	MRE4	Meiosis-specific serine/threonine-protein kinase MEK1
P24720	MNE1	YOR350C	MNE	Protein MNE1
P24783	DBP2	YNL112W		ATP-dependent RNA helicase DBP2
P24784	DBP1	YPL119C		ATP-dependent RNA helicase DBP1
P24813	CAD1	YDR423C	YAP2	AP-1-like transcription factor YAP2
P24814	GRR1	YJR090C	CAT80;COT2	SCF E3 ubiquitin ligase complex F-box protein GRR1
P24867	PCL1	YNL289W	HCS26	PHO85 cyclin-1
P24868	CLB1	YGR108W	SCB1	G2/mitotic-specific cyclin-1
P24869	CLB2	YPR119W		G2/mitotic-specific cyclin-2
P24870	CLB3	YDL155W		G2/mitotic-specific cyclin-3
P24871	CLB4	YLR210W		G2/mitotic-specific cyclin-4
P25036	YSP3	YOR003W		Subtilisin-like protease 3
P25037	UBP1	YDL122W		Ubiquitin carboxyl-terminal hydrolase 1
P25038	IFM1	YOL023W		Translation initiation factor IF-2, mitochondrial
P25039	MEF1	YLR069C		Elongation factor G, mitochondrial
P25040	TSR4	YOL022C		uS5 assembly chaperone
P25042	ROX1	YPR065W		Repressor ROX1
P25043	PUP1	YOR157C		Proteasome subunit beta type-2
P25044	PTP1	YDL230W		Tyrosine-protein phosphatase 1
P25045	LCB1	YMR296C	END8;TSC2	Serine palmitoyltransferase 1
P25046	ROX3	YBL093C	MED19;NUT3;SSN7	Mediator of RNA polymerase II transcription subunit 19
P25087	ERG6	YML008C	ISE1;LIS1;SED6	Sterol 24-C-methyltransferase ERG6
P25270	MRM1	YOR201C	PET56	rRNA methyltransferase 1, mitochondrial
P25293	NAP1	YKR048C		Nucleosome assembly protein
P25294	SIS1	YNL007C		Protein SIS1
P25296	CNB1	YKL190W	YCN2;YCNB	Calcineurin subunit B
P25297	PHO84	YML123C		Inorganic phosphate transporter PHO84
P25298	RNA14	YMR061W		mRNA 3'-end-processing protein RNA14
P25299	RNA15	YGL044C		mRNA 3'-end-processing protein RNA15
P25300	BUD5	YCR038C		Bud site selection protein 5
P25301	RAD57	YDR004W		DNA repair protein RAD57
P25302	SWI4	YER111C	ART1	Regulatory protein SWI4
P25303	SCJ1	YMR214W		DnaJ-related protein SCJ1
P25332	RBK1	YCR036W		Ribokinase
P25333	SAT4	YCR008W	HAL4	Serine/threonine-protein kinase HAL4/SAT4
P25334	CPR4	YCR069W	CYP4;SCC3	Peptidyl-prolyl cis-trans isomerase CPR4
P25335	DAL2	YIR029W	ALC1	Allantoicase
P25336	MSH3	YCR092C		DNA mismatch repair protein MSH3
P25337	BUD31	YCR063W	CWC14	Pre-mRNA-splicing factor BUD31
P25338	MPO1	YGL010W		2-hydroxy-palmitic acid dioxygenase MPO1
P25339	PUF4	YGL014W		Pumilio homology domain family member 4
P25340	ERG4	YGL012W		Delta
P25341	KIN82	YCR091W	FPK2	Serine/threonine-protein kinase KIN82
P25342	CDC10	YCR002C		Cell division control protein 10
P25343	RVS161	YCR009C	END6;SPE161	Reduced viability upon starvation protein 161
P25344	STE50	YCL032W		Protein kinase regulator STE50
P25345	SLM5	YCR024C		Asparagine--tRNA ligase, mitochondrial
P25346	GIT1	YCR098C		Glycerophosphoinositol transporter 1
P25347		YCR001W		Uncharacterized protein YCR001W
P25348	MRPL32	YCR003W		Large ribosomal subunit protein bL32m
P25349	YCP4	YCR004C		Flavoprotein-like protein YCP4
P25350		YCR006C		Uncharacterized protein YCR006C
P25351		YCR023C		Major facilitator superfamily domain-containing protein YCR023C
P25352		YCR025C		Uncharacterized protein YCR025C
P25353	NPP1	YCR026C		Ectonucleotide pyrophosphatase/phosphodiesterase 1
P25354	DFP3	YCR007C		DUP240 protein DFP3
P25355	CTR86	YCR054C		Ataxin-10 homolog
P25356	BPH1	YCR032W		Beige protein homolog 1
P25357	SNT1	YCR033W		Probable DNA-binding protein SNT1
P25358	ELO2	YCR034W	FEN1;GNS1;VBM2	Fatty acid elongase 2
P25359	RRP43	YCR035C		Exosome complex component RRP43
P25360	PHO87	YCR037C		Inorganic phosphate transporter PHO87
P25361		YCR043C		Uncharacterized protein YCR043C
P25362	PET18	YCR020C	HIT2	Protein PET18
P25364	HCM1	YCR065W		Forkhead transcription factor HCM1
P25365	SED4	YCR067C		Putative guanine nucleotide-exchange factor SED4
P25366	OCA4	YCR095C		Protein OCA4
P25367	RNQ1	YCL028W		
P25368	RRP7	YCL031C		Ribosomal RNA-processing protein 7
P25369	LSB5	YCL034W		LAS seventeen-binding protein 5
P25370	GFD2	YCL036W		Good for full DBP5 activity protein 2
P25371	ADP1	YCR011C		Probable ATP-dependent permease
P25372	TRX3	YCR083W		Thioredoxin-3, mitochondrial
P25373	GRX1	YCL035C		Glutaredoxin-1
P25374	NFS1	YCL017C	SPL1	Cysteine desulfurase
P25375	PRD1	YCL057W		Saccharolysin
P25376	AGP1	YCL025C		General amino acid permease AGP1
P25377	ADH7	YCR105W		NADP-dependent alcohol dehydrogenase 7
P25378	RHB1	YCR027C	RSG1	GTP-binding protein RHB1
P25379	CHA1	YCL064C		Catabolic L-serine/threonine dehydratase
P25380	SPS22	YCL048W		Sporulation-specific protein 22
P25381	RRT12	YCR045C	OSW3	Subtilase-type proteinase RRT12
P25382	RSA4	YCR072C		Ribosome assembly protein 4
P25383	TY2A-C	YCL020W	YCLWTy2-1;GAG	Transposon Ty2-C Gag polyprotein
P25384	TY2B-C	YCL019W	YCLWTy2-1;POL	Transposon Ty2-C Gag-Pol polyprotein
P25385	BOS1	YLR078C		Protein transport protein BOS1
P25386	USO1	YDL058W	INT1	Intracellular protein transport protein USO1
P25389	KCC4	YCL024W		Probable serine/threonine-protein kinase KCC4
P25390	SSK22	YCR073C		Serine/threonine-protein kinase SSK22
P25441	RPC53	YDL150W	RPC4	DNA-directed RNA polymerase III subunit RPC4
P25443	RPS2	YGL123W	RPS4;SUP38;SUP44	Small ribosomal subunit protein uS5
P25451	PUP3	YER094C		Proteasome subunit beta type-3
P25453	DMC1	YER179W	ISC2	Meiotic recombination protein DMC1
P25454	RAD51	YER095W		DNA repair protein RAD51
P25491	YDJ1	YNL064C	MAS5	Mitochondrial protein import protein MAS5
P25502	PUT3	YKL015W		Proline utilization trans-activator
P25515	VMA3	YEL027W	CLS7;CUP5;GEF2	V-type proton ATPase subunit c
P25554	SGF29	YCL010C		SAGA complex subunit SGF29
P25555	GBP2	YCL011C	RLF6	Serine/arginine
P25558	BUD3	YCL014W		Bud site selection protein 3
P25559	DCC1	YCL016C		Sister chromatid cohesion protein DCC1
P25560	RER1	YCL001W		Protein RER1
P25561		YCL021W		Putative uncharacterized protein YCL021W
P25562		YCL022C		Putative uncharacterized protein YCL022C
P25563		YCL023C		Putative uncharacterized protein YCL023C
P25565		YCL002C		Putative uncharacterized protein YCL002C
P25566	MXR2	YCL033C	MSRB	Peptide methionine sulfoxide reductase 2
P25567	SRO9	YCL037C		RNA-binding protein SRO9
P25568	ATG22	YCL038C	AUT4	Autophagy-related protein 22
P25569	GID7	YCL039W	MOH2	GID complex subunit 7
P25571		YCL041C		Putative uncharacterized protein YCL041C
P25572		YCL042W		Putative uncharacterized protein YCL042W
P25573	MGR1	YCL044C		Mitochondrial inner membrane i-AAA protease supercomplex subunit MGR1
P25574	EMC1	YCL045C		ER membrane protein complex subunit 1
P25575		YCL046W		Putative uncharacterized protein YCL046W
P25576	POF1	YCL047C		Nicotinamide mononucleotide adenylyltransferase
P25577		YCL049C		Uncharacterized protein YCL049C
P25578	PGS1	YCL004W	PEL1	CDP-diacylglycerol--glycerol-3-phosphate 3-phosphatidyltransferase
P25579	LRE1	YCL051W		Laminarase-resistance protein LRE1
P25580	PBN1	YCL052C		Protein PBN1
P25582	SPB1	YCL054W		27S pre-rRNA
P25583	KAR4	YCL055W		Karyogamy protein KAR4
P25584	PEX34	YCL056C		Peroxisomal membrane protein PEX34
P25585	FYV5	YCL058C		Protein FYV5
P25586	KRR1	YCL059C		KRR1 small subunit processome component
P25587	LDB16	YCL005W		Protein LDB16
P25588	MRC1	YCL061C		Mediator of replication checkpoint protein 1
P25591	VAC17	YCL063W		vacuole-related protein 17
P25593		YCL068C		Putative uncharacterized protein YCL068C
P25594	VBA3	YCL069W		Vacuolar basic amino acid transporter 3
P25596	GEX1	YCL073C		Glutathione exchanger 1
P25600	TY5A	YCL074W		Putative transposon Ty5-1 protein YCL074W
P25601	TY5B	YCL075W		Putative transposon Ty5-1 protein YCL075W
P25602		YCL076W		Putative uncharacterized protein YCL076W
P25603	CWH36	YCL007C		Putative uncharacterized protein CWH36
P25604	STP22	YCL008C	VPS23	Suppressor protein STP22 of temperature-sensitive alpha-factor receptor and arginine permease
P25605	ILV6	YCL009C		Acetolactate synthase small subunit, mitochondrial
P25606		YCR100C		Uncharacterized protein YCR100C
P25607		YCR101C		Uncharacterized protein YCR101C
P25608		YCR102C		Uncharacterized protein YCR102C
P25610	PAU3	YCR104W		Seripauperin-3
P25611	RDS1	YCR106W		Regulator of drug sensitivity 1
P25612	AAD3	YCR107W		Putative aryl-alcohol dehydrogenase AAD3
P25613	ADY2	YCR010C	ATO1	Accumulation of dyads protein 2
P25614		YCR013C		Putative uncharacterized protein YCR013C
P25615	POL4	YCR014C	POLX	DNA polymerase IV
P25616	CTO1	YCR015C		Cold tolerance protein 1
P25617		YCR016W		Uncharacterized protein YCR016W
P25618	CWH43	YCR017C		Protein CWH43
P25619	HSP30	YCR021C		30 kDa heat shock protein
P25620		YCR022C		Uncharacterized protein YCR022C
P25621	FEN2	YCR028C		Pantothenate transporter FEN2
P25623	SYP1	YCR030C		Suppressor of yeast profilin deletion
P25625	PER1	YCR044C	COS16	Protein PER1
P25626	IMG1	YCR046C	PETCR46	Large ribosomal subunit protein bL19m
P25627	BUD23	YCR047C		18S rRNA
P25628	ARE1	YCR048W	SAT2	Sterol O-acyltransferase 1
P25629		YCR049C		Putative uncharacterized protein YCR049C
P25630		YCR050C		Uncharacterized protein YCR050C
P25631		YCR051W		Ankyrin repeat-containing protein YCR051W
P25632	RSC6	YCR052W		Chromatin structure-remodeling complex protein RSC6
P25635	PWP2	YCR057C	UTP1	Periodic tryptophan protein 2
P25637	YIH1	YCR059C		Protein IMPACT homolog
P25638	TAH1	YCR060W		TPR repeat-containing protein associated with Hsp90
P25639		YCR061W		Uncharacterized membrane protein YCR061W
P25640		YCR064C		Putative uncharacterized protein YCR064C
P25641	ATG15	YCR068W	AUT5;CVT17	Putative lipase ATG15
P25642	IMG2	YCR071C		Large ribosomal subunit protein mL49
P25644	PAT1	YCR077C	MRT1	Deadenylation-dependent mRNA-decapping factor PAT1
P25646	PTC6	YCR079W	AUP1;PPP2	
P25648	SRB8	YCR081W	GIG1;MED12;NUT6;SSN5	Mediator of RNA polymerase II transcription subunit 12
P25649	AHC2	YCR082W		ADA histone acetyltransferase complex component 2
P25650		YCR085W		Uncharacterized protein YCR085W
P25651	CSM1	YCR086W	SPO86	Monopolin complex subunit CSM1
P25652		YCR087W		Putative uncharacterized protein YCR087W
P25653	FIG2	YCR089W		Factor-induced gene 2 protein
P25654		YCR090C		UPF0587 protein YCR090C
P25655	CDC39	YCR093W	NOT1;ROS1	General negative regulator of transcription subunit 1
P25656	CDC50	YCR094W	SWA4	Phospholipid-transporting ATPase accessory subunit CDC50
P25657		YCR099C		Uncharacterized protein YCR099C
P25659	FUB1	YCR076C		Silencing boundary-establishment protein FUB1
P25693	PCL2	YDL127W	CLN4	PHO85 cyclin-2
P25694	CDC48	YDL126C		AAA family ATPase involved in ubiquitin-mediated protein degradation CDC48
P25719	CPR3	YML078W	CYP3	Peptidyl-prolyl cis-trans isomerase C, mitochondrial
P25808	SPB4	YFL002C		ATP-dependent rRNA helicase SPB4
P25846	MSH1	YHR120W		DNA mismatch repair protein MSH1, mitochondrial
P25847	MSH2	YOL090W		DNA mismatch repair protein MSH2
P26188	MGT1	YDL200C		Methylated-DNA--protein-cysteine methyltransferase
P26263	PDC6	YGR087C		Pyruvate decarboxylase isozyme 3
P26309	CDC20	YGL116W		APC/C activator protein CDC20
P26321	RPL5	YPL131W	RPL1;RPL1A	Large ribosomal subunit protein uL18
P26343	DAL80	YKR034W	UGA43	Nitrogen regulatory protein DAL80
P26364	ADK2	YER170W	AKY3;PAK3	GTP:AMP phosphotransferase, mitochondrial
P26370	UGA3	YDL170W		Transcriptional activator protein UGA3
P26448	BUB2	YMR055C		Mitotic check point protein BUB2
P26449	BUB3	YOR026W		Spindle assembly checkpoint protein BUB3
P26570	PPZ1	YML016C		Serine/threonine-protein phosphatase PP-Z1
P26637	CDC60	YPL160W		Leucine--tRNA ligase, cytoplasmic
P26725	YUR1	YJL139C		Probable mannosyltransferase YUR1
P26754	RFA2	YNL312W	BUF1	Replication factor A protein 2
P26755	RFA3	YJL173C		Replication factor A protein 3
P26783	RPS5	YJR123W	RPS2	Small ribosomal subunit protein uS7
P26784	RPL16A	YIL133C	RPL13;RPL21A	Large ribosomal subunit protein uL13A
P26785	RPL16B	YNL069C	RP23;RPL21B	Large ribosomal subunit protein uL13B
P26786	RPS7A	YOR096W	RPS30	Small ribosomal subunit protein eS7A
P26793	RAD27	YKL113C	FEN1;RTH1	Flap endonuclease 1
P26798	INO2	YDR123C	DIE1;SCS1	Protein INO2
P27344	DPB3	YBR278W		DNA polymerase epsilon subunit C
P27351	APL1	YJR005W	YAP80	AP-2 complex subunit beta
P27466	CMK1	YFR014C		Calcium/calmodulin-dependent protein kinase I
P27472	GSY2	YLR258W		Glycogen
P27476	NSR1	YGR159C		Nuclear localization sequence-binding protein
P27514	PHO91	YNR013C		Low-affinity phosphate transporter PHO91
P27515	URK1	YNR012W		Uridine kinase
P27614	CPS1	YJL172W	CPS	Carboxypeptidase S
P27616	ADE1	YAR015W		Phosphoribosylaminoimidazole-succinocarboxamide synthase
P27636	CDC15	YAR019C	LYT1	Cell division control protein 15
P27637	BUD14	YAR014C		Bud site selection protein 14
P27654	TIP1	YBR067C		Temperature shock-inducible protein 1
P27680	COQ3	YOL096C		Ubiquinone biosynthesis O-methyltransferase, mitochondrial
P27692	SPT5	YML010W		Transcription elongation factor SPT5
P27697	COQ8	YGL119W	ABC1	Atypical kinase COQ8, mitochondrial
P27705	MIG1	YGL035C	CAT4;SSN1	Regulatory protein MIG1
P27796	POT1	YIL160C	FOX3;POX3	3-ketoacyl-CoA thiolase, peroxisomal
P27801	PEP3	YLR148W	VAM8;VPS18;VPT18	Vacuolar membrane protein PEP3
P27809	KRE2	YDR483W	MNT1	Glycolipid 2-alpha-mannosyltransferase
P27810	KTR1	YOR099W		Alpha-1,2 mannosyltransferase KTR1
P27825	CNE1	YAL058W		Calnexin homolog
P27882	ERV1	YGR029W		Mitochondrial FAD-linked sulfhydryl oxidase ERV1
P27895	CIN8	YEL061C	KSL2	Kinesin-like protein CIN8
P27929	NAM9	YNL137C	MNA6	Small ribosomal subunit protein uS4m
P27999	RPB9	YGL070C		DNA-directed RNA polymerase II subunit RPB9
P28000	RPC19	YNL113W		DNA-directed RNA polymerases I and III subunit RPAC2
P28003	FUN19	YAL034C		SWIRM domain-containing protein FUN19
P28004	PRP45	YAL032C	FUN20	Pre-mRNA-processing protein 45
P28005	POP5	YAL033W		Ribonuclease P/MRP protein subunit POP5
P28006	GAC1	YOR178C		Serine/threonine-protein phosphatase 1 regulatory subunit GAC1
P28007	GAR1	YHR089C		H/ACA ribonucleoprotein complex subunit GAR1
P28239	PPA2	YMR267W	IPP2	Inorganic pyrophosphatase, mitochondrial
P28240	ICL1	YER065C		Isocitrate lyase
P28241	IDH2	YOR136W		Isocitrate dehydrogenase
P28263	UBC8	YEL012W	GID3	Ubiquitin-conjugating enzyme E2-24 kDa
P28272	URA1	YKL216W		Dihydroorotate dehydrogenase
P28273	OXP1	YKL215C		5-oxoprolinase
P28274	URA7	YBL039C		CTP synthase 1
P28319	CWP1	YKL096W		Cell wall protein CWP1
P28320	YJU2	YKL095W	CWC16	Splicing factor YJU2
P28321	YJU3	YKL094W		Monoglyceride lipase
P28495	CAP1	YKL007W		F-actin-capping protein subunit alpha
P28496	LAC1	YKL008C	DGT1	Ceramide synthase LAC1
P28519	RAD14	YMR201C		DNA repair protein RAD14
P28584	TRK2	YKR050W	RPD2	Low-affinity potassium transport protein
P28625	YIM1	YMR152W		Protein YIM1
P28626	YIM2	YMR151W		Putative uncharacterized protein YIM2
P28627	IMP1	YMR150C	PET2858	Mitochondrial inner membrane protease subunit 1
P28707	SBA1	YKL117W		Co-chaperone protein SBA1
P28708	PRR1	YKL116C		Serine/threonine-protein kinase PRR1
P28737	MSP1	YGR028W	YTA4	Outer mitochondrial transmembrane helix translocase
P28742	KIP1	YBL063W	CIN9	Kinesin-like protein KIP1
P28743	KIP2	YPL155C		Kinesin-like protein KIP2
P28777	ARO2	YGL148W		Chorismate synthase ARO2
P28778	MRP17	YKL003C		Small ribosomal subunit protein bS6m
P28789	HEM3	YDL205C		Porphobilinogen deaminase
P28791	SEC20	YDR498C		Protein transport protein SEC20
P28795	PEX3	YDR329C	PAS3	Peroxisomal biogenesis factor 3
P28817	EHD3	YDR036C	MRP5	Small ribosomal subunit protein mS47
P28834	IDH1	YNL037C		Isocitrate dehydrogenase
P29029	CTS1	YLR286C	SCW2	Endochitinase
P29055	SUA7	YPR086W		Transcription initiation factor IIB
P29056	BRF1	YGR246C	PCF4;TDS4	Transcription factor IIIB 70 kDa subunit
P29295	HRR25	YPL204W		Casein kinase I homolog HRR25
P29311	BMH1	YER177W		Protein BMH1
P29340	PEX4	YGR133W	PAS2;UBC10	Ubiquitin-conjugating enzyme E2 PEX4
P29366	BEM1	YBR200W	SRO1	Bud emergence protein 1
P29453	RPL8B	YLL045C	KRB1;RPL4B	Large ribosomal subunit protein eL8B
P29461	PTP2	YOR208W		Tyrosine-protein phosphatase 2
P29465	CHS3	YBR023C	CAL1;CSD2;DIT101;KIT2	Chitin synthase 3
P29467	MEI4	YER044C-A		Meiosis-specific protein MEI4
P29468	PAP1	YKR002W		Poly
P29469	MCM2	YBL023C		DNA replication licensing factor MCM2
P29478	SEC65	YML105C		Signal recognition particle subunit SEC65
P29496	MCM5	YLR274W	CDC46	Minichromosome maintenance protein 5
P29509	TRR1	YDR353W		Thioredoxin reductase 1
P29539	RIF1	YBR275C		Telomere length regulator protein RIF1
P29547	CAM1	YPL048W	TEF3	Elongation factor 1-gamma 1
P29589	AHT1	YHR093W		Hexose transport activator protein
P29703	RAM2	YKL019W		Protein farnesyltransferase/geranylgeranyltransferase type-1 subunit alpha
P29704	ERG9	YHR190W		Squalene synthase ERG9
P29952	PMI40	YER003C		Mannose-6-phosphate isomerase
P30283	CLB5	YPR120C		S-phase entry cyclin-5
P30402	URA10	YMR271C		Orotate phosphoribosyltransferase 2
P30605	ITR1	YDR497C		Myo-inositol transporter 1
P30606	ITR2	YOL103W		Myo-inositol transporter 2
P30619	SEC1	YDR164C		Protein transport protein SEC1
P30620	PSO2	YMR137C	SNM1	DNA cross-link repair protein PSO2/SNM1
P30624	FAA1	YOR317W		Long-chain-fatty-acid--CoA ligase 1
P30656	PRE2	YPR103W	DOA3;PRG1	Proteasome subunit beta type-5
P30657	PRE4	YFR050C		Proteasome subunit beta type-7
P30665	MCM4	YPR019W	CDC54;HCD21	DNA replication licensing factor MCM4
P30771	NAM7	YMR080C	IFS2;MOF4;UPF1	ATP-dependent helicase NAM7
P30775	MRF1	YGL143C		Peptide chain release factor 1, mitochondrial
P30777	GPI10	YGL142C		GPI mannosyltransferase 3
P30822	CRM1	YGR218W	KAP124;XPO1	Exportin-1
P30902	ATP7	YKL016C		ATP synthase subunit d, mitochondrial
P30952	MLS1	YNL117W		Malate synthase 1
P31109	SNC1	YAL030W		Synaptobrevin homolog 1
P31111	ZIP1	YDR285W		Synaptonemal complex protein ZIP1
P31115	DEG1	YFL001W	HRM3;PUS3	tRNA pseudouridine
P31116	HOM6	YJR139C		Homoserine dehydrogenase
P31244	RAD16	YBR114W		DNA repair protein RAD16
P31334	MRPL9	YGR220C		Large ribosomal subunit protein uL3m
P31373	CYS3	YAL012W	CYI1;STR1	Cystathionine gamma-lyase
P31374	PSK1	YAL017W		Serine/threonine-protein kinase PSK1
P31376	SWC3	YAL011W	FUN36;SWC1	SWR1-complex protein 3
P31377	SYN8	YAL014C	UIP2	Syntaxin-8
P31378	NTG1	YAL015C	OGG2;SCR1	Endonuclease III homolog 1
P31379	LDS1	YAL018C		Outer spore wall protein LDS1
P31380	FUN30	YAL019W		Chromatin remodeling protein FUN30
P31381	FUN26	YAL022C		Nucleoside transporter FUN26
P31382	PMT2	YAL023C	FUN25	Dolichyl-phosphate-mannose--protein mannosyltransferase 2
P31383	TPD3	YAL016W		Protein phosphatase PP2A regulatory subunit A
P31384	CCR4	YAL021C		CCR4-Not complex 3'-5'-exoribonuclease subunit Ccr4
P31385	DEP1	YAL013W	FUN54	Transcriptional regulatory protein DEP1
P31386	ATS1	YAL020C	KTI13	Protein KTI13
P31412	VMA5	YKL080W	VAT3;VATC	V-type proton ATPase subunit C
P31539	HSP104	YLL026W		Heat shock protein 104
P31688	TPS2	YDR074W	PFK3	Trehalose-phosphatase
P31755	OCH1	YGL038C	NGD29	Initiation-specific alpha-1,6-mannosyltransferase
P31787	ACB1	YGR037C	ACB	Acyl-CoA-binding protein
P32047	MLF3	YNL074C	YMK1	Protein MLF3
P32048	MSK1	YNL073W		Lysine--tRNA ligase, mitochondrial
P32074	SEC21	YNL287W		Coatomer subunit gamma
P32178	ARO7	YPR060C	OSM2	Chorismate mutase
P32179	MET22	YOL064C	HAL2	3'
P32190	GUT1	YHL032C		Glycerol kinase
P32191	GUT2	YIL155C		Glycerol-3-phosphate dehydrogenase, mitochondrial
P32259	SIN4	YNL236W	BEL2;GAL22;MED16;RYE1;SDI3;SSF5;SSN4;TSF3	Mediator of RNA polymerase II transcription subunit 16
P32263	PRO3	YER023W	ORE2	Pyrroline-5-carboxylate reductase
P32264	PRO1	YDR300C		Glutamate 5-kinase
P32266	MGM1	YOR211C	MDM17	Dynamin-like GTPase MGM1, mitochondrial
P32288	GLN1	YPR035W		Glutamine synthetase
P32316	ACH1	YBL015W		Acetyl-CoA hydrolase
P32317	AFG1	YEL052W	AFG	Protein AFG1
P32318	THI4	YGR144W	ESP35;MOL1	Thiamine thiazole synthase
P32319	PEP1	YBL017C	VPS10;VPT1	Vacuolar protein sorting/targeting protein VPS10
P32323	AGA1	YNR044W		A-agglutinin anchorage subunit
P32324	EFT1; EFT2	YOR133W;YDR385W	;	Elongation factor 2
P32325	DBF4	YDR052C	DNA52	DDK kinase regulatory subunit DBF4
P32327	PYC2	YBR218C		Pyruvate carboxylase 2
P32328	DBF20	YPR111W		Serine/threonine-protein kinase DBF20
P32329	YPS1	YLR120C	YAP3	Aspartic proteinase 3
P32330	DGR2	YKL121W		2-deoxy-glucose resistant protein 2
P32331	YMC1	YPR058W		Mitochondrial glycine transporter YMC1
P32332	OAC1	YKL120W	PMT;PMT1	Mitochondrial oxaloacetate transport protein
P32333	MOT1	YPL082C		TATA-binding protein-associated factor MOT1
P32334	MSB2	YGR014W		Signaling mucin MSB2
P32335	MSS51	YLR203C		Protein MSS51, mitochondrial
P32336	NUD1	YOR373W		Protein NUD1
P32337	PSE1	YMR308C	KAP121	Importin subunit beta-3
P32338	RME1	YGR044C		Zinc finger protein RME1
P32339	HMX1	YLR205C		Heme-binding protein HMX1
P32340	NDI1	YML120C		Rotenone-insensitive NADH-ubiquinone oxidoreductase, mitochondrial
P32341	VPH2	YKL119C	CLS10;VMA12	Vacuolar ATPase assembly integral membrane protein VPH2
P32342	SRP21	YKL122C		Signal recognition particle subunit SRP21
P32343	SSH4	YKL124W	MLF4	Protein SSH4
P32344	QRI5	YLR204W	COX24	Small ribosomal subunit protein bS22, mitochondrial
P32345	PPH3	YDR075W		Serine/threonine-protein phosphatase 4 catalytic subunit
P32347	HEM12	YDR047W	HEM6;POP3	Uroporphyrinogen decarboxylase
P32349	RPC82	YPR190C	RPC3	DNA-directed RNA polymerase III subunit RPC3
P32350	KNS1	YLL019C		Dual specificity protein kinase KNS1
P32351	IMP2'	YIL154C	IMP2	Sugar utilization regulatory protein IMP2
P32352	ERG2	YMR202W		C-8 sterol isomerase ERG2
P32353	ERG3	YLR056W	PSO6;SYR1	Delta
P32354	MCM10	YIL150C	DNA43	Minichromosome maintenance protein 10
P32356	NTH1	YDR001C	NTH	Cytosolic neutral trehalase
P32357	AAR2	YBL074C		A1 cistron-splicing factor AAR2
P32361	IRE1	YHR079C	ERN1	Serine/threonine-protein kinase/endoribonuclease IRE1
P32363	SPT14	YPL175W	CWH6;GPI3	Phosphatidylinositol N-acetylglucosaminyltransferase GPI3 subunit
P32364	SMY1	YKL079W		Kinesin-related protein SMY1
P32366	VMA6	YLR447C		V-type proton ATPase subunit d
P32367	TFC1	YBR123C		Transcription factor tau 95 kDa subunit
P32368	SAC1	YKL212W	RSD1	Phosphatidylinositol-3-phosphatase SAC1
P32375	DAL1	YIR027C		Allantoinase
P32377	MVD1	YNR043W	ERG19;MPD	Diphosphomevalonate decarboxylase
P32378	COQ2	YNR041C		4-hydroxybenzoate polyprenyltransferase, mitochondrial
P32379	PUP2	YGR253C	DOA5	Proteasome subunit alpha type-5
P32380	SPC110	YDR356W	NUF1;XCM1	Spindle pole body component 110
P32381	ARP2	YDL029W	ACT2	Actin-related protein 2
P32383	PLC1	YPL268W		1-phosphatidylinositol 4,5-bisphosphate phosphodiesterase 1
P32385	RNP1	YLL046C		Ribonucleoprotein 1
P32386	YBT1	YLL048C	BAT1	ATP-dependent bile acid permease
P32387	MRP20	YDR405W	MRPL41	Large ribosomal subunit protein uL23m
P32388	MRP49	YKL167C		Large ribosomal subunit protein mL61
P32389	MET4	YNL103W		Transcriptional activator of sulfur metabolism MET4
P32419	MDH3	YDL078C		Malate dehydrogenase, peroxisomal
P32432	SFP1	YLR403W		Transcription factor SFP1
P32435	MF(ALPHA)2	YGL089C	MF-ALPHA-2;MFAL2	Mating factor alpha-2
P32445	RIM1	YCR028C-A		Single-stranded DNA-binding protein RIM1, mitochondrial
P32447	ASF1	YJL115W	CIA1	Histone chaperone ASF1
P32448	ASF2	YDL197C		Anti-silencing protein 2
P32449	ARO4	YBR249C		Phospho-2-dehydro-3-deoxyheptonate aldolase, tyrosine-inhibited
P32450	AUA1	YFL010W-A		Ammonia regulation of amino acid uptake protein
P32451	BIO2	YGR286C		Biotin synthase, mitochondrial
P32452	PHA2	YNL316C		Probable prephenate dehydratase
P32453	ATP11	YNL315C		Protein ATP11, mitochondrial
P32454	APE2	YKL157W	LAP1	Aminopeptidase 2, mitochondrial
P32457	CDC3	YLR314C		Cell division control protein 3
P32458	CDC11	YJR076C	PSL9	Cell division control protein 11
P32459	DAL3	YIR032C		Ureidoglycolate lyase
P32460	DCG1	YIR030C		Protein DCG1
P32461	DPH2	YKL191W		2-
P32462	ERG24	YNL280C		Delta
P32463	ACP1	YKL192C		Acyl carrier protein, mitochondrial
P32464	HYM1	YKL189W		Protein HYM1
P32465	HXT1	YHR094C	HOR4	Low-affinity glucose transporter HXT1
P32466	HXT3	YDR345C		Low-affinity glucose transporter HXT3
P32467	HXT4	YHR092C	LGT1;RAG1	Low-affinity glucose transporter HXT4
P32468	CDC12	YHR107C	CLA10;PSL7	Cell division control protein 12
P32469	DPH5	YLR172C		Diphthine methyl ester synthase
P32471	EFB1	YAL003W	TEF5	Elongation factor 1-beta
P32472	FPR2	YDR519W	FKB2	Peptidyl-prolyl cis-trans isomerase FPR2
P32473	PDB1	YBR221C		Pyruvate dehydrogenase E1 component subunit beta, mitochondrial
P32474	EUG1	YDR518W		Protein disulfide-isomerase EUG1
P32475		YGR176W		Putative uncharacterized protein YGR176W
P32476	ERG1	YGR175C		Squalene epoxidase ERG1
P32477	GSH1	YJL101C		Glutamate--cysteine ligase
P32478	HSP150	YJL159W	CCW7;ORE1;PIR2	Cell wall mannoprotein HSP150
P32479	HIR1	YBL008W		Protein HIR1
P32480	HIR2	YOR038C		Protein HIR2
P32481	GCD11	YER025W	SUI4;TIF213	Eukaryotic translation initiation factor 2 subunit gamma
P32485	HOG1	YLR113W	SSK3	Mitogen-activated protein kinase HOG1
P32486	KRE6	YPR159W	CWH48	Beta-glucan synthesis-associated protein KRE6
P32487	LYP1	YNL268W		Lysine-specific permease
P32488	ISF1	YMR081C	MBR3	Increasing suppression factor 1
P32489	MEI5	YPL121C		Meiosis protein 5
P32490	MKK1	YOR231W	SSP32	MAP kinase kinase MKK1/SSP32
P32491	MKK2	YPL140C	SSP33	MAP kinase kinase MKK2/SSP33
P32492	MYO4	YAL029C	SHE1	Myosin-4
P32493	AEP1	YMR064W	NCA1	ATPase expression protein 1, mitochondrial
P32494	NGG1	YDR176W	ADA3;SWI7	SAGA complex subunit NGG1
P32495	NHP2	YDL208W		H/ACA ribonucleoprotein complex subunit NHP2
P32496	RPN12	YFR052W	NIN1	26S proteasome regulatory subunit RPN12
P32497	NIP1	YMR309C		Eukaryotic translation initiation factor 3 subunit C
P32499	NUP2	YLR335W		Nucleoporin NUP2
P32500	NDC1	YML031W		Nucleoporin NDC1
P32501	GCD6	YDR211W	TIF225	Translation initiation factor eIF2B subunit epsilon
P32502	GCD7	YLR291C	TIF222	Translation initiation factor eIF2B subunit beta
P32504	CBF2	YGR140W	CBF3A;CEP2;CTF14;NDC10	Centromere DNA-binding protein complex CBF3 subunit A
P32505	NAB2	YGL122C		Nuclear polyadenylated RNA-binding protein NAB2
P32521	PAN1	YIR006C	DIM2;MDP3;MIP3	Actin cytoskeleton-regulatory complex protein PAN1
P32522	PET309	YLR067C		Mitochondrial COX1 translation regulator PET309
P32523	PRP19	YLL036C	PSO4	Pre-mRNA-processing factor 19
P32524	PRP21	YJL203W	SPP91	Pre-mRNA-splicing factor PRP21
P32525	ECM25	YJL201W		Protein ECM25
P32526	KAR9	YPL269W		Karyogamy protein KAR9
P32527	ZUO1	YGR285C		Zuotin
P32528	DUR1,2	YBR208C		Urea amidolyase
P32529	RPA12	YJR063W	RRN4	DNA-directed RNA polymerase I subunit RPA12
P32558	SPT16	YGL207W	CDC68;SSF1	FACT complex subunit SPT16
P32559	MSS1	YMR023C	PET53	tRNA modification GTPase MSS1, mitochondrial
P32561	RPD3	YNL330C	MOF6;REC3;SDI2;SDS6	Histone deacetylase RPD3
P32562	CDC5	YMR001C	MSD2;PKX2	Cell cycle serine/threonine-protein kinase CDC5/MSD2
P32563	VPH1	YOR270C		V-type proton ATPase subunit a, vacuolar isoform
P32564	SCM4	YGR049W		Protein SCM4
P32565	RPN2	YIL075C	SEN3	26S proteasome regulatory subunit RPN2
P32566	SMI1	YGR229C	KNR4;KTR4	Cell wall assembly regulator SMI1
P32567	PAH1	YMR165C	PAP1;SMP2	Phosphatidic acid phosphohydrolase 1
P32568	SNQ2	YDR011W		Protein SNQ2
P32569	SRB4	YER022W	MED17	Mediator of RNA polymerase II transcription subunit 17
P32570	SRB6	YBR253W	MED22	Mediator of RNA polymerase II transcription subunit 22
P32571	DOA4	YDR069C	DOS1;MUT4;NPI2;SSV7;UBP4	Ubiquitin carboxyl-terminal hydrolase 4
P32572	SPS18	YNL204C	SPX18	Sporulation protein SPS18
P32573	SPS19	YNL202W	SPX19	Peroxisomal 2,4-dienoyl-CoA reductase SPS19
P32578	SIP1	YDR422C		SNF1 protein kinase subunit beta-1
P32579	SUA5	YGL169W		Threonylcarbamoyl-AMP synthase
P32580	SUV3	YPL029W		ATP-dependent RNA helicase SUV3, mitochondrial
P32581	IME2	YJL106W	SME1	Meiosis induction protein kinase IME2/SME1
P32582	CYS4	YGR155W	STR4	Cystathionine beta-synthase
P32583	SRP40	YKR092C		Suppressor protein SRP40
P32584	STE14	YDR410C		Protein-S-isoprenylcysteine O-methyltransferase
P32585	SRB5	YGR104C	MED18	Mediator of RNA polymerase II transcription subunit 18
P32588	PUB1	YNL016W	RNP1	Nuclear and cytoplasmic polyadenylated RNA-binding protein PUB1
P32589	SSE1	YPL106C	MSI3	Heat shock protein homolog SSE1
P32590	SSE2	YBR169C	HSP	Heat shock protein homolog SSE2
P32591	SWI3	YJL176C	TYE2	SWI/SNF complex subunit SWI3
P32597	STH1	YIL126W	NPS1	Nuclear protein STH1/NPS1
P32598	GLC7	YER133W	CID1;DIS2	Serine/threonine-protein phosphatase PP1-2
P32599	SAC6	YDR129C		Fimbrin
P32600	TOR2	YKL203C	DRR2;TSC14	Serine/threonine-protein kinase TOR2
P32601	DSS4	YPR017C		Protein DSS4
P32602	SEC17	YBL050W		Alpha-soluble NSF attachment protein
P32603	SPR1	YOR190W	SSG1	Sporulation-specific glucan 1,3-beta-glucosidase
P32604	FBP26	YJL155C		Fructose-2,6-bisphosphatase
P32605	MUD1	YBR119W		U1 small nuclear ribonucleoprotein A
P32606	PET127	YOR017W		Putative mitochondrial translation system component PET127
P32607	RTG1	YOL067C		Retrograde regulation protein 1
P32608	RTG2	YGL252C		Retrograde regulation protein 2
P32609	PEP7	YDR323C	VAC1;VPL21;VPS19;VPT19	Vacuolar segregation protein PEP7
P32610	VMA8	YEL051W		V-type proton ATPase subunit D
P32611	RML2	YEL050C		Large ribosomal subunit protein uL2m
P32612	PAU2	YEL049W		Seripauperin-2
P32613	TCA17	YEL048C		TRAPP-associated protein TCA17
P32614	FRD1	YEL047C	FRDS;FRDS1	Fumarate reductase 1
P32616		YEL045C		Uncharacterized protein YEL045C
P32617	IES6	YEL044W		Chromatin-remodeling complex subunit IES6
P32618		YEL043W		Uncharacterized protein YEL043W
P32621	GDA1	YEL042W		Guanosine-diphosphatase
P32622	YEF1	YEL041W		ATP-NADH kinase YEF1
P32623	UTR2	YEL040W	CHR2	Congo red hypersensitive protein 2
P32626	UTR4	YEL038W		Enolase-phosphatase E1
P32628	RAD23	YEL037C		UV excision repair protein RAD23
P32629	ANP1	YEL036C	GEM3	Mannan polymerase II complex ANP1 subunit
P32630	UTR5	YEL035C		Protein UTR5
P32633	MTC7	YEL033W		Maintenance of telomere capping protein 7
P32634	PMD1	YER132C		Negative regulator of sporulation PMD1
P32639	BRR2	YER172C	RSS1;SNU246	Pre-mRNA-splicing helicase BRR2
P32641	RAD24	YER173W		Checkpoint protein RAD24
P32642	GRX4	YER174C		Monothiol glutaredoxin-4
P32643	TMT1	YER175C	TAM1	Trans-aconitate 3-methyltransferase
P32644	ECM32	YER176W	HEL1;MTT1	Putative ATP-dependent RNA helicase ECM32
P32645	ISC10	YER180C		Meiosis-specific protein ISC10
P32656	GCG1	YER163C		Glutathione-specific gamma-glutamylcyclotransferase
P32657	CHD1	YER164W		ATP-dependent chromatin remodeler CHD1
P32660	DNF1	YER166W		Phospholipid-transporting ATPase DNF1
P32767	KAP122	YGL016W	PDR6	Importin beta-like protein KAP122
P32768	FLO1	YAR050W	FLO2;FLO4;FLO8	Flocculation protein FLO1
P32769	HBS1	YKR084C		Elongation factor 1 alpha-like protein
P32770	NRP1	YDL167C	ARP;ARP1	Putative RNA-binding protein involved in heterochromatin assembly
P32771	SFA1	YDL168W	SFA	S-
P32772	UGX2	YDL169C		Protein UGX2
P32773	TOA1	YOR194C		Transcription initiation factor IIA large subunit
P32774	TOA2	YKL058W		Transcription initiation factor IIA subunit 2
P32775	GLC3	YEL011W		1,4-alpha-glucan-branching enzyme
P32776	TFB1	YDR311W		General transcription and DNA repair factor IIH subunit TFB1
P32781	AGA2	YGL032C		A-agglutinin-binding subunit
P32783	ABD1	YBR236C		mRNA cap guanine-N
P32784	SCT1	YBL011W	GAT2	Glycerol-3-phosphate O-acyltransferase 1
P32785	FMT1	YBL013W		Methionyl-tRNA formyltransferase, mitochondrial
P32786	RRN6	YBL014C		RNA polymerase I-specific transcription initiation factor RRN6
P32787	MGM101	YJR144W	MGM9	Mitochondrial genome maintenance protein MGM101
P32788	LAA2	YBL010C		Clathrin adapter accessory protein LAA2
P32789	ALK2	YBL009W		Serine/threonine-protein kinase Haspin homolog ALK2
P32790	SLA1	YBL007C		Actin cytoskeleton-regulatory complex protein SLA1
P32791	FRE1	YLR214W		Ferric/cupric reductase transmembrane component 1
P32792	YSC83	YHR017W		UPF0744 protein YSC83
P32793	YSC84	YHR016C	LSB4	Protein YSC84
P32794	AFG2	YLR397C	DRG1	ATPase family gene 2 protein
P32795	YME1	YPR024W	OSD1;YTA11	Mitochondrial inner membrane i-AAA protease supercomplex subunit YME1
P32796	CAT2	YML042W	CAT;YCAT	Carnitine O-acetyltransferase, mitochondrial
P32797	CDC13	YDL220C		Cell division control protein 13
P32798	COT1	YOR316C		Vacuolar zinc transporter COT1
P32799	COX13	YGL191W		Cytochrome c oxidase subunit 13, mitochondrial
P32800	PEX2	YJL210W	CRT1;PAS5	Peroxisomal biogenesis factor 2
P32801	ELM1	YKL048C		Serine/threonine-protein kinase ELM1
P32802	EMP70	YLR083C	TMN1	Transmembrane 9 superfamily member 1
P32803	EMP24	YGL200C		Endosomal protein P24B
P32804	ZRT1	YGL255W		High-affinity zinc transporter ZRT1
P32805	FZF1	YGL254W	SUL1	Zinc finger protein FZF1
P32806	GYP6	YJL044C		GTPase-activating protein GYP6
P32807	YKU70	YMR284W	HDF1;NES24	ATP-dependent DNA helicase II subunit 1
P32828	SLX5	YDL013W	HEX3	E3 ubiquitin-protein ligase complex SLX5-SLX8 subunit SLX5
P32829	MRE11	YMR224C		Double-strand break repair protein MRE11
P32830	TIM12	YBR091C	MRS5	Mitochondrial import inner membrane translocase subunit TIM12
P32831	NGR1	YBR212W	RBP1	Negative growth regulatory protein NGR1
P32832	NPL6	YMR091C	RSC7	Chromatin structure-remodeling complex subunit RSC7
P32833	ORC2	YBR060C	RRR1;SIR5	Origin recognition complex subunit 2
P32835	GSP1	YLR293C	CNR1;CST17	GTP-binding nuclear protein GSP1/CNR1
P32836	GSP2	YOR185C	CNR2	GTP-binding nuclear protein GSP2/CNR2
P32837	UGA4	YDL210W		GABA-specific permease
P32838	PPG1	YNR032W	PPG	Serine/threonine-protein phosphatase PP2A-like PPG1
P32839	BCS1	YDR375C		Mitochondrial chaperone BCS1
P32841	REC114	YMR133W		Meiotic recombination protein REC114
P32842	VMA11	YPL234C	CLS9;TFP3	V-type proton ATPase subunit c'
P32843	YME2	YMR302C	PRP12;RNA12	Mitochondrial escape protein 2
P32844	SEC6	YIL068C		Exocyst complex component SEC6
P32849	RAD5	YLR032W	REV2;SNM2	DNA-dependent ATPase/E3 ubiquitin-protein ligase RAD5
P32854	PEP12	YOR036W	VPS6;VPT13	Syntaxin PEP12
P32855	SEC8	YPR055W		Exocyst complex component SEC8
P32857	PTM1	YKL039W		Membrane protein PTM1
P32858	AIM26	YKL037W		Altered inheritance of mitochondria protein 26, mitochondrial
P32859		YKL036C		Putative uncharacterized protein YKL036C
P32860	NFU1	YKL040C	NUB1	NifU-like protein, mitochondrial
P32861	UGP1	YKL035W		UTP--glucose-1-phosphate uridylyltransferase
P32862	RGT1	YKL038W		Glucose transport transcription regulator RGT1
P32863	RAD54	YGL163C		DNA repair and recombination protein RAD54
P32864	MRS6	YOR370C	MSI4	Rab proteins geranylgeranyltransferase component A
P32867	SSO1	YPL232W		Protein SSO1
P32873	BEM3	YPL115C		GTPase-activating protein BEM3
P32874	HFA1	YMR207C		Acetyl-CoA carboxylase, mitochondrial
P32875	LIP5	YOR196C		Lipoyl synthase, mitochondrial
P32891	DLD1	YDL174C	DLD	D-lactate dehydrogenase
P32892	DRS1	YLL008W		ATP-dependent RNA helicase DRS1
P32893	TRS65	YGR166W	KRE11	Trafficking protein particle complex II-specific subunit 65
P32895	PRS1	YKL181W	PPS1;PRP1;PRPS;PRPS1	Ribose-phosphate pyrophosphokinase 1
P32896	PDC2	YDR081C		Protein PDC2
P32897	TIM23	YNR017W	MAS6;MIM23;MPI3	Mitochondrial import inner membrane translocase subunit TIM23
P32898	CYM1	YDR430C	MOP112	Presequence protease, mitochondrial
P32899	IMP3	YHR148W		U3 small nucleolar ribonucleoprotein protein IMP3
P32900	SKG6	YHR149C		Protein SKG6
P32901	PTR2	YKR093W		Peptide transporter PTR2
P32902	MRP4	YHL004W	MRP4A	Small ribosomal subunit protein uS2m
P32903	PMP1	YCR024C-A		Plasma membrane ATPase proteolipid 1
P32904	MRPL6	YHR147C		Large ribosomal subunit protein uL6m
P32905	RPS0A	YGR214W	NAB1;NAB1A;YST1	Small ribosomal subunit protein uS2A
P32906	MNS1	YJR131W		Endoplasmic reticulum mannosyl-oligosaccharide 1,2-alpha-mannosidase
P32907	ATO2	YNR002C	FUN34	Ammonia transport outward protein 2
P32908	SMC1	YFL008W	CHL10	Structural maintenance of chromosomes protein 1
P32909	SMY2	YBR172C		Protein SMY2
P32910	RPC34	YNR003C		DNA-directed RNA polymerase III subunit RPC6
P32911	SUI1	YNL244C	RFR1	Eukaryotic translation initiation factor eIF-1
P32912	VAM7	YGL212W		Vacuolar morphogenesis protein 7
P32913	VPS17	YOR132W	PEP21;VPT3	Vacuolar protein sorting-associated protein 17
P32914	SPT4	YGR063C		Transcription elongation factor SPT4
P32915	SEC61	YLR378C		Protein transport protein SEC61
P32916	SRP101	YDR292C		Signal recognition particle receptor subunit alpha homolog
P32917	STE5	YDR103W	NUL3	Protein STE5
P32939	YPT7	YML001W	VAM4	Ypt/Rab-type GTPase YPT7
P32943	CLB6	YGR109C		S-phase entry cyclin-6
P32944	SWE1	YJL187C		Mitosis inhibitor protein kinase SWE1
P32945	PPQ1	YPL179W	SAL6	Serine/threonine-protein phosphatase PPQ
P33122	TYE7	YOR344C	SGC1	Transcription factor TYE7
P33199		YGL015C		Uncharacterized protein YGL015C
P33200	PDR3	YBL005W		Transcription factor PDR3
P33201	MRT4	YKL009W		Ribosome assembly factor MRT4
P33202	UFD4	YKL010C		Ubiquitin fusion degradation protein 4
P33203	PRP40	YKL012W		Pre-mRNA-processing protein PRP40
P33204	ARC19	YKL013C		Actin-related protein 2/3 complex subunit 4
P33296	UBC6	YER100W	DOA2	Ubiquitin-conjugating enzyme E2 6
P33297	RPT5	YOR117W	YTA1	26S proteasome regulatory subunit 6A
P33298	RPT3	YDR394W	YNT1;YTA2	26S proteasome regulatory subunit 6B homolog
P33299	RPT1	YKL145W	CIM5;YTA3	26S proteasome regulatory subunit 7 homolog
P33300	SUR1	YPL057C	BCL21;CSG1;LPE15	Mannosyl phosphorylinositol ceramide synthase SUR1
P33301	XRS2	YDR369C		DNA repair protein XRS2
P33302	PDR5	YOR153W	LEM1;STS1;YDR1	Pleiotropic ABC efflux transporter of multiple drugs
P33303	SFC1	YJR095W	ACR1	Succinate/fumarate mitochondrial transporter
P33304	AFR1	YDR085C		Protein AFR1
P33306	BCK2	YER167W	CTR7	Protein BCK2
P33307	CSE1	YGL238W		Importin alpha re-exporter
P33308	CSE2	YNR010W	MED9	Mediator of RNA polymerase II transcription subunit 9
P33309	DOM34	YNL001W		Protein DOM34
P33310	MDL1	YLR188W		ATP-dependent permease MDL1, mitochondrial
P33311	MDL2	YPL270W	SSH1	ATP-dependent permease MDL2, mitochondrial
P33312	RIB7	YBR153W		2,5-diamino-6-ribosylamino-4
P33313	CNS1	YBR155W		Hsp70/Hsp90 co-chaperone CNS1
P33314	BUD2	YKL092C	CLA2;ERC25	Inhibitory regulator protein BUD2/CLA2
P33315	TKL2	YBR117C		Transketolase 2
P33317	DUT1	YBR252W		Deoxyuridine 5'-triphosphate nucleotidohydrolase
P33322	CBF5	YLR175W		H/ACA ribonucleoprotein complex subunit CBF5
P33323	REC104	YHR157W		Meiotic recombination protein REC104
P33324		YKL091C		CRAL-TRIO domain-containing protein YKL091C
P33327	GDH2	YDL215C		NAD-specific glutamate dehydrogenase
P33328	SNC2	YOR327C		Synaptobrevin homolog 2
P33329	PPZ2	YDR436W		Serine/threonine-protein phosphatase PP-Z2
P33330	SER1	YOR184W	ADE9;SERC	Phosphoserine aminotransferase
P33331	NTF2	YER009W		Nuclear transport factor 2
P33332	SEC3	YER008C	PSL1	Exocyst complex component SEC3
P33333	SLC1	YDL052C		1-acyl-sn-glycerol-3-phosphate acyltransferase
P33334	PRP8	YHR165C	DBF3;DNA39;RNA8;SLT21;USA2	Pre-mRNA-splicing factor 8
P33335	SGE1	YPR198W	NOR1	Protein SGE1
P33336	SKN1	YGR143W		Beta-glucan synthesis-associated protein SKN1
P33338	SLA2	YNL243W	END4;MOP2;UFG1	Protein SLA2
P33339	TFC4	YGR047C	PCF1	Transcription factor tau 131 kDa subunit
P33399	LHP1	YDL051W	LAH1;YLA1	La protein homolog
P33400	RIM101	YHL027W	RIM1	pH-response transcription factor pacC/RIM101
P33401	PGM1	YKL127W		Phosphoglucomutase 1
P33411	PRP18	YGR006W		Pre-mRNA-splicing factor 18
P33412	ECT1	YGR007W	MUQ1	Ethanolamine-phosphate cytidylyltransferase
P33413	DUR3	YHL016C		Urea active transporter
P33416	HSP78	YDR258C		Heat shock protein 78, mitochondrial
P33417	IXR1	YKL032C	ORD1	Intrastrand cross-link recognition protein
P33418	LOS1	YKL205W		Exportin-T
P33419	SPC29	YPL124W	LPH3;NIP29	Spindle pole component 29
P33420	NIP100	YPL174C	NIP80	Protein NIP100
P33421	SDH3	YKL141W	CYB3	Succinate dehydrogenase
P33441	MFT1	YML062C		THO complex subunit MFT1
P33442	RPS1A	YLR441C	PLC1;RPS10A	Small ribosomal subunit protein eS1A
P33448	TOM6	YOR045W	ISP6	Mitochondrial import receptor subunit TOM6
P33550	KTR2	YKR061W		Probable mannosyltransferase KTR2
P33734	HIS7	YBR248C		Imidazole glycerol phosphate synthase hisHF
P33748	MSN2	YMR037C		Zinc finger protein MSN2
P33749	MSN4	YKL062W		Zinc finger protein MSN4
P33750	SOF1	YLL011W		Protein SOF1
P33751	PAD1	YDR538W	POF1	Flavin prenyltransferase PAD1, mitochondrial
P33753	TRM2	YKR056W	NUC2;NUD1;RNC1	tRNA
P33754	SEC66	YBR171W	HSS1;SEC71	Translocation protein SEC66
P33755	NPL4	YBR170C	HRD4	Nuclear protein localization protein 4
P33757	SPO23	YBR250W		Sporulation protein 23
P33759	MRPS5	YBR251W		Small ribosomal subunit protein uS5m
P33760	PEX6	YNL329C	PAS8	Peroxisomal ATPase PEX6
P33767	WBP1	YEL002C		Dolichyl-diphosphooligosaccharide--protein glycosyltransferase subunit WBP1
P33775	PMT1	YDL095W		Dolichyl-phosphate-mannose--protein mannosyltransferase 1
P33890	TIR2	YOR010C	SRP2	Cold shock-induced protein TIR2
P33891	TIP20	YGL145W	TIP1	Protein transport protein TIP20
P33892	GCN1	YGL195W		eIF-2-alpha kinase activator GCN1
P33893	PET112	YBL080C		Glutamyl-tRNA
P33894	STE13	YOR219C	YCI1	Dipeptidyl aminopeptidase A
P33895	NUF2	YOL069W		Kinetochore protein NUF2
P34072	MKS1	YNL076W	LYS80	Negative regulator of RAS-cAMP pathway
P34077	NIC96	YFR002W		Nucleoporin NIC96
P34078	LTV1	YKL143W		Protein LTV1
P34087	RPB7	YDR404C		DNA-directed RNA polymerase II subunit RPB7
P34110	VPS35	YJL154C	VPT7	Vacuolar protein sorting-associated protein 35
P34111	TFC3	YAL001C	TSV115	Transcription factor tau 138 kDa subunit
P34160	STO1	YMR125W	CBC1;CBP80;GCR3;SUT1	Nuclear cap-binding protein complex subunit 1
P34161	YOX1	YML027W		Homeobox protein YOX1
P34162	SRB2	YHR041C	HRS2;MED20	Mediator of RNA polymerase II transcription subunit 20
P34163	TGL1	YKL140W		Sterol esterase TGL1
P34164	SIP2	YGL208W	SPM2	SNF1 protein kinase subunit beta-2
P34165	MFA1	YDR461W		Mating hormone A-factor 1
P34166	MFA2	YNL145W		Mating hormone A-factor 2
P34167	TIF3	YPR163C	STM1;TIF42	Eukaryotic translation initiation factor 4B
P34215		YBR144C		Uncharacterized protein YBR144C
P34216	EDE1	YBL047C	BUD15	EH domain-containing and endocytosis protein 1
P34217	PIN4	YBL051C	MDT1	RNA-binding protein PIN4
P34218	SAS3	YBL052C		Histone acetyltransferase SAS3
P34219	TOD6	YBL054W	PBF1	Transcriptional regulatory protein TOD6
P34220		YBL055C		Deoxyribonuclease Tat-D
P34221	PTC3	YBL056W		Protein phosphatase 2C homolog 3
P34222	PTH2	YBL057C		Peptidyl-tRNA hydrolase 2
P34223	SHP1	YBL058W	UBX1	UBX domain-containing protein 1
P34224		YBL059W		Uncharacterized protein YBL059W
P34225	YEL1	YBL060W		Guanine-nucleotide exchange factor YEL1
P34226	SKT5	YBL061C	CAL2;CHS4;CSD4	Chitin synthase regulator SKT5
P34227	PRX1	YBL064C		Peroxiredoxin PRX1, mitochondrial
P34228	SEF1	YBL066C		Putative transcription factor SEF1
P34230	PXA2	YKL188C	PAT1	Peroxisomal long-chain fatty acid import protein 1
P34231		YKL187C		Uncharacterized protein YKL187C
P34232	MTR2	YKL186C		mRNA transport regulator MTR2
P34233	ASH1	YKL185W		Transcriptional regulatory protein ASH1
P34234	LOT5	YKL183W		Protein LOT5
P34237	COY1	YKL179C		Protein CASP
P34238		YKL177W		Putative uncharacterized protein YKL177W
P34239	LST4	YKL176C		Protein LST4
P34240	ZRT3	YKL175W		Zinc-regulated transporter 3
P34241	URB1	YKL014C	NPA1	Nucleolar pre-ribosomal-associated protein 1
P34243	HCS1	YKL017C	DIP1	DNA polymerase alpha-associated DNA helicase A
P34244	HSL1	YKL101W		Probable serine/threonine-protein kinase HSL1
P34245		YKL097C		Uncharacterized protein YKL097C
P34246	MTC2	YKL098W		Maintenance of telomere capping protein 2
P34247	UTP11	YKL099C		U3 small nucleolar RNA-associated protein 11
P34248	YPF1	YKL100C		Intramembrane protease YPF1
P34249		YKL102C		Uncharacterized protein YKL102C
P34250	SEG2	YKL105C		Eisosome protein SEG2
P34251		YKL107W		Uncharacterized oxidoreductase YKL107W
P34252	SLD2	YKL108W	DRC1	DNA replication regulator SLD2
P34253	KTI12	YKL110C		Protein KTI12
P34730	BMH2	YDR099W		Protein BMH2
P34756	FAB1	YFR019W	SVL7	1-phosphatidylinositol 3-phosphate 5-kinase FAB1
P34758	SCD5	YOR329C	FTB1	Protein SCD5
P34760	TSA1	YML028W	TPX1;TSA;ZRG14	Peroxiredoxin TSA1
P34761	WHI3	YNL197C		Protein WHI3
P34909	MOT2	YER068W	CCL1;NOT4;SIG1;SSF1	General negative regulator of transcription subunit 4
P35056	PEX5	YDR244W	PAS10	Peroxisomal targeting signal receptor
P35127	YUH1	YJR099W		Ubiquitin carboxyl-terminal hydrolase YUH1
P35169	TOR1	YJR066W	DRR1	Serine/threonine-protein kinase TOR1
P35172	NTH2	YBR001C		Probable trehalase
P35176	CPR5	YDR304C	CYP5;CYPD	Peptidyl-prolyl cis-trans isomerase D
P35177	SPT7	YBR081C		SAGA complex subunit SPT7
P35178	RRP1	YDR087C		Ribosomal RNA-processing protein 1
P35179	SSS1	YDR086C		Protein transport protein SSS1
P35180	TOM20	YGR082W	MAS20;MOM19	Mitochondrial import receptor subunit TOM20
P35181	APS1	YLR170C	YAP19	AP-1 complex subunit sigma-1
P35182	PTC1	YDL006W	TPD1	Protein phosphatase 2C homolog 1
P35183	AST1	YBL069W		Protein AST1
P35184	SQT1	YIR012W		Ribosome assembly protein SQT1
P35187	SGS1	YMR190C	TPS1	ATP-dependent helicase SGS1
P35189	TAF14	YPL129W	ANC1;CST10;SWP29;TAF30;TFG3	Transcription initiation factor TFIID subunit 14
P35190	CLG1	YGL215W		PHO85 cyclin CLG1
P35191	MDJ1	YFL016C		DnaJ homolog 1, mitochondrial
P35192	MAC1	YMR021C	CUA1	Metal-binding activator 1
P35193	ATG19	YOL082W	CVT19	Autophagy-related protein 19
P35194	UTP20	YBL004W		U3 small nucleolar RNA-associated protein 20
P35195	ECM15	YBL001C		UPF0045 thiamine-binding protein family member ECM15
P35196	RER2	YBR002C		Dehydrodolichyl diphosphate synthase complex subunit RER2
P35197	GCS1	YDL226C		ADP-ribosylation factor GTPase-activating protein GCS1
P35198	MTH1	YDR277C		Protein MTH1
P35200	UPS2	YLR168C	AIM30;GEP1;MSF1	Protein UPS2, mitochondrial
P35201	MIF2	YKL089W		Inner kinetochore subunit MIF2
P35202	THI80	YOR143C		Thiamine pyrophosphokinase
P35203	CTF13	YMR094W	CBF3C	Centromere DNA-binding protein complex CBF3 subunit C
P35206	CSG2	YBR036C	CLS2	Mannosyl phosphorylinositol ceramide synthase regulatory protein CSG2
P35207	SKI2	YLR398C		Antiviral helicase SKI2
P35208	SPT10	YJL127C	CRE1;SUD1	Protein SPT10
P35209	SPT21	YMR179W		Protein SPT21
P35210	SPT23	YKL020C		Protein SPT23
P35497	SOR1	YJR159W	SDH1	Sorbitol dehydrogenase 1
P35688	LRG1	YDL240W		Rho-GTPase-activating protein LRG1
P35691	TMA19	YKL056C	MMI1	Translationally-controlled tumor protein homolog
P35718	RPC25	YKL144C		DNA-directed RNA polymerase III subunit RPC8
P35719	MRP8	YKL142W		Uncharacterized protein MRP8
P35723	YET1	YKL065C		Endoplasmic reticulum transmembrane protein 1
P35724	MNR2	YKL064W		Manganese resistance protein MNR2
P35725		YKL063C		Uncharacterized protein YKL063C
P35727	BLI1	YKL061W		Biogenesis of lysosome-related organelles complex 1 subunit BLI1
P35728	MPE1	YKL059C		Protein MPE1
P35729	NUP120	YKL057C	RAT2	Nucleoporin NUP120
P35731	OAR1	YKL055C		3-oxoacyl-
P35732	DEF1	YKL054C	RIP1;VID31	RNA polymerase II degradation factor 1
P35733		YKL053W		Putative uncharacterized protein YKL053W
P35734	ASK1	YKL052C		DASH complex subunit ASK1
P35735	SFK1	YKL051W		Protein SFK1
P35736		YKL050C		Uncharacterized protein YKL050C
P35817	BDF1	YLR399C		Bromodomain-containing factor 1
P35842	PHO11	YAR071W		Acid phosphatase PHO11
P35843	HES1	YOR237W	OSH5	Oxysterol-binding protein homolog 5
P35844	KES1	YPL145C	BSR3;OSH4	Oxysterol-binding protein homolog 4
P35845	SWH1	YAR042W	OSH1	Oxysterol-binding protein homolog 1
P35994	PAU16	YKL224C		Seripauperin-16
P35995		YKL222C		Uncharacterized transcriptional regulatory protein YKL222C
P35996	MRPL38	YKL170W	MRPL34	Large ribosomal subunit protein uL14m
P35997	RPS27A	YKL156W		Small ribosomal subunit protein eS27A
P35999	OCT1	YKL134C	MIP1	Mitochondrial intermediate peptidase
P36000	APL2	YKL135C		AP-1 complex subunit beta-1
P36001	RMA1	YKL132C		Probable folylpolyglutamate synthase
P36002	PTK1	YKL198C	POT1;STK1	Serine/threonine-protein kinase PTK1/STK1
P36003	NNK1	YKL171W		Nitrogen network kinase 1
P36004	KKQ8	YKL168C		Probable serine/threonine-protein kinase KKQ8
P36005	KDX1	YKL161C	MLP1	Serine/threonine-protein kinase KDX1
P36006	MYO3	YKL129C		Myosin-3
P36007	SRY1	YKL218C		L-threo-3-hydroxyaspartate ammonia-lyase
P36008	TEF4	YKL081W	EFC1	Elongation factor 1-gamma 2
P36009	DHR2	YKL078W		Probable ATP-dependent RNA helicase DHR2
P36010	YNK1	YKL067W	NDK1;YNK	Nucleoside diphosphate kinase
P36012	CSE4	YKL049C	CSL2	Histone H3-like centromeric protein CSE4
P36013	MAE1	YKL029C		NAD-dependent malic enzyme, mitochondrial
P36014	GPX1	YKL026C		Glutathione peroxidase-like peroxiredoxin 1
P36015	YKT6	YKL196C		Synaptobrevin homolog YKT6
P36016	LHS1	YKL073W		Heat shock protein 70 homolog LHS1
P36017	VPS21	YOR089C	VPS12;VPT12;YPT21;YPT51	Vacuolar protein sorting-associated protein 21
P36018	YPT52	YKR014C		GTP-binding protein YPT52
P36019	YPT53	YNL093W		GTP-binding protein YPT53
P36022	DYN1	YKR054C	DHC1	Dynein heavy chain, cytoplasmic
P36023	OAF3	YKR064W		Oleate activated transcription factor 3
P36024	SIS2	YKR072C	HAL3	Phosphopantothenoylcysteine decarboxylase subunit SIS2
P36025		YOR062C		Uncharacterized protein YOR062C
P36026	UBP11	YKR098C		Ubiquitin carboxyl-terminal hydrolase 11
P36027	MID2	YLR332W	KAI1;SMS1	Cell wall integrity sensor MID2
P36029	TPO5	YKL174C		Polyamine transporter TPO5
P36030		YKL225W		Putative UPF0320 protein YKL225W
P36031		YKL223W		Putative UPF0377 protein YKL223W
P36032	MCH2	YKL221W		Probable transporter MCH2
P36033	FRE2	YKL220C		Ferric/cupric reductase transmembrane component 2
P36034	COS9	YKL219W		Protein COS9
P36035	JEN1	YKL217W		Carboxylic acid transporter protein homolog
P36036	YRA2	YKL214C		RNA annealing protein YRA2
P36037	DOA1	YKL213C	UFD3;ZZZ4	Protein DOA1
P36038	CBT1	YKL208W	SOC1	Cytochrome b termination protein 1
P36039	EMC3	YKL207W	AIM27	ER membrane protein complex subunit 3
P36040	ADD66	YKL206C	PBA2;POC2	Proteasome assembly chaperone 2
P36041	EAP1	YKL204W		Protein EAP1
P36042		YKL202W		Putative uncharacterized protein YKL202W
P36044	MNN4	YKL201C		Mannosyltransferase regulator 4
P36046	MIA40	YKL195W	TIM40	Mitochondrial intermembrane space import and assembly protein 40
P36047	SDS22	YKL193C	EGP1	Protein phosphatase 1 regulatory subunit SDS22
P36048	SNU114	YKL173W	GIN10	Pre-mRNA-splicing factor SNU114
P36049	EBP2	YKL172W		rRNA-processing protein EBP2
P36050		YKL169C		Putative uncharacterized protein YKL169C
P36051	MCD4	YKL165C	FSR2;SSU21;ZRG16	GPI ethanolamine phosphate transferase 1
P36052		YKL162C		Protein arginine methyltransferase NDUFAF7 homolog, mitochondrial
P36053	ELF1	YKL160W		Transcription elongation factor 1
P36054	RCN1	YKL159C	DSCR1L	Calcipressin-like protein
P36056	RSM22	YKL155C		Ribosome assembly protein RSM22, mitochondrial
P36057	SRP102	YKL154W		Signal recognition particle receptor subunit beta
P36058		YKL153W		Putative uncharacterized protein YKL153W
P36059	NNR2	YKL151C		ATP-dependent
P36060	MCR1	YKL150W		NADH-cytochrome b5 reductase 2
P36061		YKL147C		Putative uncharacterized protein YKL147C
P36062	AVT3	YKL146W		Vacuolar amino acid transporter 3
P36064	CMC1	YKL137W		COX assembly mitochondrial protein
P36065		YKL136W		Putative uncharacterized protein YKL136W
P36066		YKL133C		Protein MRG3-like
P36067		YKL131W		Putative uncharacterized protein YKL131W
P36068	SHE2	YKL130C		SWI5-dependent HO expression protein 2
P36069	PMU1	YKL128C		Probable phosphoglycerate mutase PMU1
P36070	RRN3	YKL125W		RNA polymerase I-specific transcription initiation factor RRN3
P36071		YKL123W		Putative uncharacterized protein YKL123W
P36072		YKL118W		Putative uncharacterized protein YKL118W
P36073		YKL115C		Putative uncharacterized protein YKL115C
P36074		YKL111C		Putative uncharacterized protein YKL111C
P36075	CUE2	YKL090W		Endonuclease CUE2
P36076	CAB3	YKL088W		Coenzyme A biosynthesis protein 3
P36077	SRX1	YKL086W		Sulfiredoxin
P36078	HOT13	YKL084W		Helper of Tim protein 13
P36079		YKL083W		Putative uncharacterized protein YKL083W
P36080	RRP14	YKL082C		Ribosomal RNA-processing protein 14
P36081	PSG1	YKL077W		PMA1 stabilization in the Golgi protein 1
P36082	PSY1	YKL076C		Putative platinum sensitivity protein 1
P36083		YKL075C		Uncharacterized protein YKL075C
P36084	MUD2	YKL074C		Splicing factor MUD2
P36085	STB6	YKL072W		Protein STB6
P36086		YKL071W		Uncharacterized oxidoreductase YKL071W
P36087		YKL070W		Uncharacterized protein YKL070W
P36088		YKL069W		Free methionine-R-sulfoxide reductase
P36089		YKL066W		Putative uncharacterized protein YKL066W
P36090	ANR2	YKL047W		Uncharacterized protein ANR2
P36091	DCW1	YKL046C		Mannan endo-1,6-alpha-mannosidase DCW1
P36092		YKL044W		Uncharacterized protein YKL044W
P36093	PHD1	YKL043W		Putative transcription factor PHD1
P36094	SPC42	YKL042W		Spindle pole body component SPC42
P36095	VPS24	YKL041W	DID3	Vacuolar protein-sorting-associated protein 24
P36096	TUL1	YKL034W		Transmembrane E3 ubiquitin-protein ligase 1
P36097	TTI1	YKL033W	FMP47	TEL2-interacting protein 1
P36098		YKL031W		Putative uncharacterized protein YKL031W
P36099		YKL030W		Putative uncharacterized protein YKL030W
P36100	TFA1	YKL028W		Transcription initiation factor IIE subunit alpha
P36101	TCD2	YKL027W		tRNA threonylcarbamoyladenosine dehydratase 2
P36102	PAN3	YKL025C	ECM35	PAN2-PAN3 deadenylation complex subunit PAN3
P36103		YKL023W		Uncharacterized protein YKL023W
P36104	SWD2	YKL018W	CPS35;SAF37	COMPASS component SWD2
P36105	RPL14A	YKL006W		Large ribosomal subunit protein eL14A
P36106	BYE1	YKL005C		Transcription factor BYE1
P36107	AUR1	YKL004W		Inositol phosphorylceramide synthase catalytic subunit AUR1
P36108	DID4	YKL002W	CHM2;GRD7;REN1;VPL2;VPS2;VPT14	DOA4-independent degradation protein 4
P36109		YKR012C		Putative uncharacterized protein YKR012C
P36110	PRY2	YKR013W		Protein PRY2
P36111		YKR015C		Uncharacterized protein YKR015C
P36112	MIC60	YKR016W	AIM28;FCJ1;FMP13	MICOS complex subunit MIC60
P36113	HEL1	YKR017C		E3 ubiquitin-protein ligase HEL1
P36114		YKR018C		IML2-like protein YKR018C
P36115	IRS4	YKR019C		Increased rDNA silencing protein 4
P36116	VPS51	YKR020W	API3;VPS67;WHI6	Vacuolar protein sorting-associated protein 51
P36117	ALY1	YKR021W	ART6	Arrestin-related trafficking adapter 6
P36118	NTR2	YKR022C		Pre-mRNA-splicing factor NTR2
P36119	RQT4	YKR023W		RQC trigger complex subunit RQT4
P36120	DBP7	YKR024C		ATP-dependent RNA helicase DBP7
P36121	RPC37	YKR025W		DNA-directed RNA polymerase III subunit RPC5
P36122	BCH2	YKR027W	FMP50	Protein BCH2
P36123	SAP190	YKR028W		SIT4-associating protein SAP190
P36124	SET3	YKR029C		Histone reader SET3
P36125	GMH1	YKR030W	MSG1	Protein GMH1
P36126	SPO14	YKR031C	PLD1	Phospholipase D1
P36127		YKR032W		Uncharacterized protein YKR032W
P36128		YKR033C		Putative uncharacterized protein YKR033C
P36129	OPI8	YKR035C		Putative uncharacterized protein OPI8
P36130	CAF4	YKR036C		CCR4-associated factor 4
P36131	SPC34	YKR037C		DASH complex subunit SPC34
P36132	KAE1	YKR038C		tRNA N6-adenosine threonylcarbamoyltransferase
P36133		YKR040C		Putative uncharacterized protein YKR040C
P36134		YKR041W		Uncharacterized protein YKR041W
P36135	UTH1	YKR042W		Probable secreted beta-glucosidase UTH1
P36136	SHB17	YKR043C		Sedoheptulose 1,7-bisphosphatase
P36137	UIP5	YKR044W		Protein UIP5
P36138		YKR045C		Uncharacterized protein YKR045C
P36139	PET10	YKR046C		Protein PET10
P36140		YKR047W		Putative uncharacterized protein YKR047W
P36141	FMP46	YKR049C		Putative redox protein FMP46, mitochondrial
P36142	HFL1	YKR051W		Vacuole membrane protein HFL1
P36143	GLG1	YKR058W		Glycogenin-1
P36144	UTP30	YKR060W		Ribosome biogenesis protein UTP30
P36145	TFA2	YKR062W		Transcription initiation factor IIE subunit beta
P36146	LAS1	YKR063C		Protein LAS1
P36147	PAM17	YKR065C	FMP18	Presequence translocated-associated motor subunit PAM17, mitochondrial
P36148	GPT2	YKR067W	GAT1	Glycerol-3-phosphate O-acyltransferase 2
P36149	BET3	YKR068C		Trafficking protein particle complex subunit BET3
P36150	MET1	YKR069W	MET20	Uroporphyrinogen-III C-methyltransferase
P36151		YKR070W		Mitochondrial hydrolase YKR070W
P36152	DRE2	YKR071C		Fe-S cluster assembly protein DRE2
P36153		YKR073C		Uncharacterized protein YKR073C
P36154	AIM29	YKR074W		Altered inheritance rate of mitochondria protein 29
P36155		YKR075C		Uncharacterized protein YKR075C
P36156	ECM4	YKR076W	GTO2	Glutathione S-transferase omega-like 2
P36157	MSA2	YKR077W		Putative transcriptional activator MSA2
P36158		YKR078W		Uncharacterized protein YKR078W
P36159	TRZ1	YKR079C		Ribonuclease Z
P36160	RPF2	YKR081C		Ribosome biogenesis protein RPF2
P36161	NUP133	YKR082W	RAT3	Nucleoporin NUP133
P36162	DAD2	YKR083C	HSK1	DASH complex subunit DAD2
P36163	OMA1	YKR087C		Mitochondrial metalloendopeptidase OMA1
P36164	TVP38	YKR088C		Golgi apparatus membrane protein TVP38
P36165	TGL4	YKR089C	STC1	Triacylglycerol lipase 4
P36166	PXL1	YKR090W		Paxillin-like protein 1
P36167	SRL3	YKR091W		Protein SRL3
P36168	ESL2	YKR096W		EST/SMG-like protein 2
P36169	SKG1	YKR100C		Suppressor of lethality of KEX2 GAS1 double null mutant protein 1
P36170	FLO10	YKR102W		Flocculation protein FLO10
P36172	VBA5	YKR105C		Vacuolar basic amino acid transporter 5
P36173	GEX2	YKR106W		Glutathione exchanger 2
P36224	JNM1	YMR294W	INS1	Nuclear migration protein JNM1
P36421	TYS1	YGR185C	MGM104	Tyrosine--tRNA ligase, cytoplasmic
P36516	MRPL3	YMR024W		Large ribosomal subunit protein mL44
P36517	MRPL4	YLR439W		Large ribosomal subunit protein uL29m
P36519	MRPL7	YDR237W		Large ribosomal subunit protein uL5m
P36520	MRPL10	YNL284C	MRPL18	Large ribosomal subunit protein uL15m
P36521	MRPL11	YDL202W		Large ribosomal subunit protein uL10m
P36523	MRPL15	YLR312W-A		Large ribosomal subunit protein mL57
P36525	MRPL24	YMR193W	MRPL14	Large ribosomal subunit protein bL28m
P36526	MRPL27	YBR282W		Large ribosomal subunit protein mL41
P36527	MRPL28	YDR462W		Large ribosomal subunit protein mL40
P36528	MRPL17	YNL252C	MRPL30	Large ribosomal subunit protein mL46
P36531	MRPL36	YBR122C		Large ribosomal subunit protein bL31m
P36532	MRPL37	YBR268W		Large ribosomal subunit protein mL54
P36533	MRPL39	YML009C		Large ribosomal subunit protein bL33m
P36534	MRPL40	YPL173W		Large ribosomal subunit protein uL24m
P36775	PIM1	YBL022C	LON	Lon protease homolog, mitochondrial
P36973	APT2	YDR441C		Adenine phosphoribosyltransferase 2
P37012	PGM2	YMR105C	GA-5;GAL5	Phosphoglucomutase 2
P37020	GEF1	YJR040W	CLCY1	Anion/proton exchange transporter GEF1
P37254	ABZ1	YNR033W		Aminodeoxychorismate synthase
P37261	FRM2	YCL026C-A		nitroreductase FRM2
P37262	SOL2	YCR073W-A		6-phosphogluconolactonase-like protein 2
P37263		YCR087C-A		UPF0743 protein YCR087C-A
P37264		YCL065W		Putative uncharacterized protein YCL065W
P37265		YCR041W		Uncharacterized protein YCR041W
P37267	CBP4	YGR174C		Assembly factor CBP4
P37291	SHM2	YLR058C	SHMT2	Serine hydroxymethyltransferase, cytosolic
P37292	SHM1	YBR263W	SHMT1	Serine hydroxymethyltransferase, mitochondrial
P37293	NAT2	YGR147C		Putative N-terminal acetyltransferase 2
P37296	STV1	YMR054W		V-type proton ATPase subunit a, Golgi isoform
P37297	STT4	YLR305C		Phosphatidylinositol 4-kinase STT4
P37298	SDH4	YDR178W	ACN18	Succinate dehydrogenase
P37299	QCR10	YHR001W-A		Cytochrome b-c1 complex subunit 10, mitochondrial
P37302	APE3	YBR286W		Aminopeptidase Y
P37303	GLY1	YEL046C		Low specificity L-threonine aldolase
P37304	PAM1	YDR251W		Protein PAM1
P37366	CCL1	YPR025C		Cyclin CCL1
P37370	VRP1	YLR337C	END5;MDP2	Verprolin
P37838	NOP4	YPL043W	NOP77	Nucleolar protein 4
P37898	AAP1	YHR047C		Alanine/arginine aminopeptidase
P38009	ADE17	YMR120C		Bifunctional purine biosynthesis protein ADE17
P38011	ASC1	YMR116C	CPC2	Small ribosomal subunit protein RACK1
P38013	AHP1	YLR109W		Peroxiredoxin AHP1
P38041	BOI1	YBL085W	BOB1;GIN7	BEM1-interacting protein 1
P38042	CDC27	YBL084C	APC3;SNB1	Anaphase-promoting complex subunit CDC27
P38061	RPL32	YBL092W		Large ribosomal subunit protein eL32
P38063	PRS4	YBL068W	PRPS4	Ribose-phosphate pyrophosphokinase 4
P38064	MRPL16	YBL038W	RML16	Large ribosomal subunit protein uL16m
P38065	APL3	YBL037W		AP-2 complex subunit alpha
P38066	RIB1	YBL033C		GTP cyclohydrolase-2
P38067	UGA2	YBR006W	UGA5	Succinate-semialdehyde dehydrogenase
P38068	GRX7	YBR014C	GRX6	Monothiol glutaredoxin-7
P38069	MNN2	YBR015C	CRV4;LDB8;TTP1	Alpha-1,2-mannosyltransferase MNN2
P38070	YPK3	YBR028C		Serine/threonine-protein kinase YPK3
P38071	ETR1	YBR026C	MRF1;MRF1'	Enoyl-
P38072	SCO2	YBR024W		Cytochrome c oxidase assembly factor SCO2
P38073	EDS1	YBR033W		Transcriptional regulatory protein EDS1
P38074	HMT1	YBR034C	ODP1;RMT1	Protein arginine N-methyltransferase 1
P38075	PDX3	YBR035C		Pyridoxamine 5'-phosphate oxidase
P38077	ATP3	YBR039W	ATP3a;ATP3b	ATP synthase subunit gamma, mitochondrial
P38079	YRO2	YBR054W		Protein YRO2
P38080	AKL1	YBR059C		Serine/threonine-protein kinase AKL1
P38081		YBR056W		Uncharacterized glycosyl hydrolase YBR056W
P38082	NRG2	YBR066C		Probable transcriptional regulator NRG2
P38083		YBR063C		Uncharacterized protein YBR063C
P38084	BAP2	YBR068C		Leu/Val/Ile amino-acid permease
P38085	TAT1	YBR069C	TAP1;VAP1	Valine/tyrosine/tryptophan amino-acid permease 1
P38086	RDH54	YBR073W	TID1	DNA repair and recombination protein RDH54
P38087	YMC2	YBR104W		Carrier protein YMC2, mitochondrial
P38088	GRS1	YBR121C		Glycine--tRNA ligase 1, mitochondrial
P38089	PTC4	YBR125C	GCT1	Protein phosphatase 2C homolog 4
P38090	AGP2	YBR132C		General amino acid permease AGP2
P38109	ATG42	YBR139W		Vacuolar serine-type carboxypeptidase ATG42
P38110	TEL1	YBL088C		Serine/threonine-protein kinase TEL1
P38111	MEC1	YBR136W	ESR1;SAD3	Serine/threonine-protein kinase MEC1
P38112	MAK5	YBR142W		ATP-dependent RNA helicase MAK5
P38113	ADH5	YBR145W		Alcohol dehydrogenase 5
P38114	TBS1	YBR150C		Uncharacterized transcriptional regulatory protein TBS1
P38115	ARA1	YBR149W		D-arabinose dehydrogenase
P38116	ARL1	YBR164C	ARF3	ADP-ribosylation factor-like protein 1
P38120	MRPS9	YBR146W		Small ribosomal subunit protein uS9m
P38121	POL12	YBL035C		DNA polymerase alpha subunit B
P38122	ECM31	YBR176W		3-methyl-2-oxobutanoate hydroxymethyltransferase
P38123	SWD3	YBR175W	CPS30;SAF35	COMPASS component SWD3
P38124	FLR1	YBR008C		Fluconazole resistance protein 1
P38125	DTR1	YBR180W		Dityrosine transporter 1
P38126	PCH2	YBR186W		Pachytene checkpoint protein 2
P38127	RIM2	YBR192W		Mitochondrial pyrimidine nucleotide transporter RIM2
P38128	SMP1	YBR182C		Transcription factor SMP1
P38129	TAF5	YBR198C	TAF90	SAGA complex/transcription factor TFIID complex subunit TAF5
P38130	KTR3	YBR205W		Probable mannosyltransferase KTR3
P38131	KTR4	YBR199W		Probable mannosyltransferase KTR4
P38132	MCM7	YBR202W	CDC47	DNA replication licensing factor MCM7
P38137	PCS60	YBR222C	AAE3;FAT2	Oxalate--CoA ligase
P38138	ROT2	YBR229C	GLS2	Glucosidase 2 subunit alpha
P38139	LDH1	YBR204C		Lipid droplet hydrolase 1
P38140	ERT1	YBR239C		Transcription activator of gluconeogenesis ERT1
P38141	THI2	YBR240C	PHO6	Thiamine biosynthesis regulatory protein
P38142		YBR241C		Probable metabolite transport protein YBR241C
P38143	GPX2	YBR244W		Glutathione peroxidase-like peroxiredoxin 2
P38144	ISW1	YBR245C		ISWI chromatin-remodeling complex ATPase ISW1
P38145	RIB5	YBR256C		Riboflavin synthase
P38146	YPT10	YBR264C		GTP-binding protein YPT10
P38147	CHK1	YBR274W		Serine/threonine-protein kinase CHK1
P38148	PPS1	YBR276C		Dual specificity protein phosphatase PPS1
P38149	DUG2	YBR281C		Probable di- and tripeptidase DUG2
P38150		YBR284W		Inactive deaminase YBR284W
P38151	PBP2	YBR233W		PAB1-binding protein 2
P38152	CTP1	YBR291C		Tricarboxylate transport protein
P38153	APM3	YBR288C	YKS6	AP-3 complex subunit mu
P38155	PAU24	YBR301W	DAN3	Seripauperin-24
P38156	MAL31	YBR298C	MAL3T	Maltose permease MAL31
P38157	MAL33	YBR297W	MAL3R	Maltose fermentation regulatory protein MAL33
P38158	MAL32	YBR299W	MAL3S	Alpha-glucosidase MAL32
P38161		YBL108W		Putative UPF0377 protein YBL108W
P38162	MIX23	YBL107C	MIC23	Mitochondrial intermembrane space cysteine motif-containing protein MIX23
P38163	SRO77	YBL106C	SNI2;SOP2	Exocytosis protein SRO77
P38164	SEA4	YBL104C		SEH-associated protein 4
P38165	RTG3	YBL103C		Retrograde regulation protein 3
P38166	SFT2	YBL102W		Protein transport protein SFT2
P38167	ECM21	YBL101C		Protein ECM21
P38168		YBL100C		Putative uncharacterized protein YBL100C
P38169	BNA4	YBL098W		Kynurenine 3-monooxygenase
P38170	BRN1	YBL097W		Condensin complex subunit 2
P38171		YBL096C		Putative uncharacterized protein YBL096C
P38172	MRX3	YBL095W		MIOREX complex component 3
P38173		YBL094C		Putative uncharacterized protein YBL094C
P38174	MAP2	YBL091C		Methionine aminopeptidase 2
P38175	MRP21	YBL090W	MRP50	Small ribosomal subunit protein bS21m
P38176	AVT5	YBL089W		Vacuolar amino acid transporter 5
P38177		YBL086C		Uncharacterized protein YBL086C
P38178		YBL083C		Putative uncharacterized protein YBL083C
P38179	ALG3	YBL082C	RHK1	Dol-P-Man:Man
P38180		YBL081W		Uncharacterized protein YBL081W
P38181	NUP170	YBL079W	NLE3	Nucleoporin NUP170
P38182	ATG8	YBL078C	APG8;AUT7;CVT5	Autophagy-related protein 8
P38183		YBL077W		Putative uncharacterized protein YBL077W
P38184		YBL073W		Putative uncharacterized protein YBL073W
P38185		YBL071C		Uncharacterized protein YBL071C
P38186		YBL070C		Putative uncharacterized protein YBL070C
P38187	UBP13	YBL067C		Ubiquitin carboxyl-terminal hydrolase 13
P38188		YBL065W		Putative uncharacterized protein YBL065W
P38189		YBL062W		Putative uncharacterized membrane protein YBL062W
P38190		YBL053W		Putative uncharacterized protein YBL053W
P38191	MOH1	YBL049W		Pro-Apoptotic protein MOH1
P38192	RRT1	YBL048W		Regulator of rDNA transcription protein 1
P38193	PSY4	YBL046W	HTP3	Serine/threonine-protein phosphatase 4 regulatory subunit 2
P38194		YBL044W		Uncharacterized protein YBL044W
P38195	ECM13	YBL043W		Protein ECM13
P38196	FUI1	YBL042C		Uridine permease
P38197		YBL036C		Pyridoxal phosphate homeostasis protein
P38198	STU1	YBL034C		Protein STU1
P38199	HEK2	YBL032W	KHD1	Heterogeneous nuclear rnp K-like protein 2
P38200	SHE1	YBL031W		Mitotic spindle-associated protein SHE1
P38201		YBL029W		Uncharacterized protein YBL029W
P38202		YBL028C		UPF0642 protein YBL028C
P38203	LSM2	YBL026W	SMX5;SNP3	LSM complex subunit LSM2
P38204	RRN10	YBL025W		RNA polymerase I-specific transcription initiation factor RRN10
P38205	NCL1	YBL024W	TRM4	Multisite-specific tRNA:
P38206	RFT1	YBL020W		Man
P38207	APN2	YBL019W	ETH1	DNA-
P38208	POP8	YBL018C		Ribonucleases P/MRP protein subunit POP8
P38209		YBL012C		Putative uncharacterized protein YBL012C
P38210	LDB7	YBL006C	RSC14	Chromatin structure-remodeling complex protein RSC14
P38211	GPI18	YBR004C		GPI mannosyltransferase 2
P38212	RCR1	YBR005W		Protein RCR1
P38213	DSF2	YBR007C		Protein DSF2
P38214		YBR012C		Putative uncharacterized protein YBR012C
P38215		YBR013C		Putative uncharacterized protein YBR013C
P38216	CPP1	YBR016W		Lipid-anchored plasma membrane protein CPP1
P38217	KAP104	YBR017C		Importin subunit beta-2
P38218	POA1	YBR022W		ADP-ribose 1''-phosphate phosphatase
P38219	OLA1	YBR025C		Obg-like ATPase 1
P38220		YBR027C		Uncharacterized protein YBR027C
P38221	CDS1	YBR029C	CDG1	Phosphatidate cytidylyltransferase
P38222	RKM3	YBR030W		Ribosomal lysine N-methyltransferase 3
P38223		YBR032W		Uncharacterized protein YBR032W
P38224	FIG1	YBR040W		Factor-induced gene 1 protein
P38225	FAT1	YBR041W		Very long-chain fatty acid transport protein
P38226	CST26	YBR042C	PSI1	2-acyl-1-lysophosphatidylinositol acyltransferase
P38227	QDR3	YBR043C	AQR2	Quinidine resistance protein 3
P38228	TCM62	YBR044C		Mitochondrial chaperone TCM62
P38229	GIP1	YBR045C		GLC7-interacting protein 1
P38230	ZTA1	YBR046C		Zeta-crystallin
P38231	FMP23	YBR047W		Protein FMP23, mitochondrial
P38232	REG2	YBR050C		Protein REG2
P38233		YBR051W		Putative uncharacterized protein YBR051W
P38234	RFS1	YBR052C		Protein RFS1
P38235		YBR053C		Uncharacterized protein YBR053C
P38236	MUM2	YBR057C		Protein MUM2
P38237	UBP14	YBR058C	GID6	Ubiquitin carboxyl-terminal hydrolase 14
P38238	TRM7	YBR061C		tRNA
P38239		YBR062C		Uncharacterized RING finger protein YBR062C
P38240		YBR064W		Putative uncharacterized membrane protein YBR064W
P38241	ECM2	YBR065C	SLT11	Pre-mRNA-splicing factor SLT11
P38242	ALG14	YBR070C		UDP-N-acetylglucosamine transferase subunit ALG14
P38243		YBR071W		Uncharacterized protein YBR071W
P38244	PFF1	YBR074W		Vacuolar membrane protease
P38246	ECM8	YBR076W		Protein ECM8
P38247	SLM4	YBR077C	EGO3;GSE1	Protein SLM4
P38248	ECM33	YBR078W		Cell wall protein ECM33
P38249	RPG1	YBR079C	TIF32	Eukaryotic translation initiation factor 3 subunit A
P38250	IST2	YBR086C		Increased sodium tolerance protein 2
P38251	RFC5	YBR087W		Replication factor C subunit 5
P38252		YBR089W		Putative uncharacterized protein YBR089W
P38253		YBR090C		Uncharacterized protein YBR090C
P38254	PBY1	YBR094W		Probable tubulin--tyrosine ligase PBY1
P38255	RXT2	YBR095C	RAF60	Transcriptional regulatory protein RXT2
P38256		YBR096W		Probable thioesterase YBR096W
P38257	MMS4	YBR098W	SLX2	Crossover junction endonuclease MMS4
P38258		YBR099C		Putative uncharacterized protein YBR099C
P38260	FES1	YBR101C		Hsp70 nucleotide exchange factor FES1
P38261	EXO84	YBR102C	USA3	Exocyst complex component EXO84
P38262	SIF2	YBR103W	EMB1	SIR4-interacting protein SIF2
P38263	VID24	YBR105C	GID4	GID complex substrate-recognition subunit 4
P38264	PHO88	YBR106W	SND3	SRP-independent targeting protein 3
P38265	IML3	YBR107C	MCM19	Inner kinetochore subunit IML3
P38266	AIM3	YBR108W		Altered inheritance of mitochondria protein 3
P38267		YBR113W		Putative uncharacterized membrane protein YBR113W
P38268		YBR116C		Putative uncharacterized protein YBR116C
P38269		YBR124W		Putative uncharacterized protein YBR124W
P38270	ATG14	YBR128C	APG14;CVT12	Autophagy-related protein 14
P38271	OPY1	YBR129C		Pleckstrin homology domain protein OPY1
P38272	SHE3	YBR130C		SWI5-dependent HO expression protein 3
P38273	CCZ1	YBR131W	AUT11;CVT16	Vacuolar fusion protein CCZ1
P38274	HSL7	YBR133C		Protein arginine N-methyltransferase HSL7
P38275		YBR134W		Putative uncharacterized protein YBR134W
P38276		YBR137W		UPF0303 protein YBR137W
P38277		YBR138C		Uncharacterized protein YBR138C
P38278	BMT2	YBR141C		25S rRNA
P38279	RTC2	YBR147W	YPQ3	Vacuolar histidine transporter YPQ3
P38280	YSW1	YBR148W		Spore-specific protein YSW1
P38281	APD1	YBR151W		Actin patches distal protein 1
P38282	SPP381	YBR152W		Pre-mRNA-splicing factor SPP381
P38283	SLI15	YBR156C		Inner centromere protein SLI15
P38284	ICS2	YBR157C		Increased copper sensitivity protein 2
P38285	AMN1	YBR158W	CST13;ICS4	Antagonist of mitotic exit network protein 1
P38286	IFA38	YBR159W		Very-long-chain 3-oxoacyl-CoA reductase
P38287	CSH1	YBR161W		Mannosyl phosphorylinositol ceramide synthase CSH1
P38288	TOS1	YBR162C		Probable circularly permuted 1,3-beta-glucanase TOS1
P38289	EXO5	YBR163W	DEM1	Exonuclease V, mitochondrial
P38290	UBS1	YBR165W		Ubiquitin-conjugating enzyme suppressor 1
P38291	POP7	YBR167C	RPP2	Ribonucleases P/MRP protein subunit POP7
P38292	PEX32	YBR168W		Peroxisomal membrane protein PEX32
P38293	UMP1	YBR173C		Proteasome maturation factor UMP1
P38294		YBR174C		Putative uncharacterized protein YBR174C
P38295	EHT1	YBR177C		Medium-chain fatty acid ethyl ester synthase/esterase 2
P38296		YBR178W		Putative uncharacterized protein YBR178W
P38297	FZO1	YBR179C		Mitofusin FZO1
P38298	YPC1	YBR183W		Alkaline ceramidase YPC1
P38299		YBR184W		Uncharacterized protein YBR184W
P38300	MBA1	YBR185C		Inner membrane mitoribosome receptor MBA1, mitochondrial
P38301	GDT1	YBR187W		Divalent cation/proton antiporter GDT1
P38302	NTC20	YBR188C	SNT384	Pre-mRNA-splicing factor NTC20
P38303		YBR190W		Putative uncharacterized protein YBR190W
P38304	MED8	YBR193C		Mediator of RNA polymerase II transcription subunit 8
P38305	AIM4	YBR194W	SOY1	Altered inheritance of mitochondria protein 4
P38306		YBR197C		Uncharacterized protein YBR197C
P38307	DER1	YBR201W		Degradation in the endoplasmic reticulum protein 1
P38308	COS111	YBR203W		F-box protein COS111
P38309		YBR206W		Putative uncharacterized protein YBR206W
P38310	FTH1	YBR207W		Iron transporter FTH1
P38311		YBR209W		Uncharacterized protein YBR209W
P38312	ERV15	YBR210W		ER-derived vesicles protein ERV15
P38313	AME1	YBR211C	ARP100	Inner kinetochore subunit AME1
P38314	SDS24	YBR214W		Protein SDS24
P38315	YBP1	YBR216C		YAP1-binding protein 1
P38316	ATG12	YBR217W	APG12	Ubiquitin-like protein ATG12
P38317		YBR219C		Uncharacterized protein YBR219C
P38318		YBR220C		Uncharacterized membrane protein YBR220C
P38319	TDP1	YBR223C		Tyrosyl-DNA phosphodiesterase 1
P38320		YBR224W		Putative uncharacterized membrane protein YBR224W
P38321		YBR225W		Uncharacterized protein YBR225W
P38322		YBR226C		Putative uncharacterized protein YBR226C
P38323	MCX1	YBR227C		ATP-dependent clpX-like chaperone, mitochondrial
P38324	SLX1	YBR228W		Structure-specific endonuclease subunit SLX1
P38325	OM14	YBR230C		Mitochondrial outer membrane protein OM14
P38326	SWC5	YBR231C	AOR1	SWR1-complex protein 5
P38327		YBR232C		Putative uncharacterized protein YBR232C
P38328	ARC40	YBR234C		Actin-related protein 2/3 complex subunit 1
P38329	VHC1	YBR235W		Vacuolar cation-chloride cotransporter 1
P38330		YBR238C		RNA-binding protein RMD9-like, mitochondrial
P38331		YBR242W		5'-deoxynucleotidase YBR242W
P38332	RRT2	YBR246W	DPH7;ERE1	Diphthine methyltransferase
P38333	ENP1	YBR247C	MEG1	Essential nuclear protein 1
P38334	TRS20	YBR254C		Trafficking protein particle complex subunit 20
P38335	MTC4	YBR255W		Maintenance of telomere capping protein 4
P38336	POP4	YBR257W		RNases MRP/P 32.9 kDa subunit
P38337	SHG1	YBR258C	CPS15	COMPASS component SHG1
P38338		YBR259W		Uncharacterized protein YBR259W
P38339	RGD1	YBR260C		RHO GTPase-activating protein RGD1
P38340	TAE1	YBR261C	NTM1	Alpha N-terminal protein methyltransferase 1
P38341	MIC12	YBR262C	AIM5;FMP51;MCS12	MICOS complex subunit MIC12
P38342	TSC10	YBR265W		3-ketodihydrosphingosine reductase TSC10
P38343	SLM6	YBR266C		Protein SLM6
P38344	REI1	YBR267W		Cytoplasmic 60S subunit biogenesis factor REI1
P38345	SDH8	YBR269C	FMP21	Succinate dehydrogenase assembly factor 4, mitochondrial
P38346	BIT2	YBR270C		Probable target of rapamycin complex 2 subunit BIT2
P38347	EFM2	YBR271W		Protein-lysine N-methyltransferase EFM2
P38348	HSM3	YBR272C		DNA mismatch repair protein HSM3
P38349	UBX7	YBR273C		UBX domain-containing protein 7
P38350		YBR277C		Putative uncharacterized protein YBR277C
P38351	PAF1	YBR279W		RNA polymerase II-associated protein 1
P38352	SAF1	YBR280C		SCF-associated factor 1
P38353	SSH1	YBR283C		Sec sixty-one protein homolog
P38354		YBR285W		Putative uncharacterized protein YBR285W
P38355		YBR287W		Uncharacterized transporter YBR287W
P38356	BSD2	YBR290W		Metal homeostatis protein BSD2
P38357		YBR292C		Uncharacterized protein YBR292C
P38358	VBA2	YBR293W		Vacuolar basic amino acid transporter 2
P38359	SUL1	YBR294W	SFP2	Sulfate permease 1
P38360	PCA1	YBR295W	CAD2;PAY2	P-type cation-transporting ATPase
P38361	PHO89	YBR296C	ITN1	Phosphate permease PHO89
P38362		YBR300C		Putative uncharacterized protein YBR300C
P38374	YSY6	YBR162W-A		Protein YSY6
P38426	TPS3	YMR261C		Trehalose synthase complex regulatory subunit TPS3
P38427	TSL1	YML100W		Trehalose synthase complex regulatory subunit TSL1
P38428	CUE1	YMR264W	KIS4	Coupling of ubiquitin conjugation to ER degradation protein 1
P38429	SAP30	YMR263W		Transcriptional regulatory protein SAP30
P38430		YMR262W		Uncharacterized deoxyribonuclease YMR262W
P38431	TIF5	YPR041W		Eukaryotic translation initiation factor 5
P38439	LEO1	YOR123C		RNA polymerase-associated protein LEO1
P38523	MGE1	YOR232W	GRPE;GRPE1;YGE1	GrpE protein homolog, mitochondrial
P38555	YPT31	YER031C	YPT8	GTP-binding protein YPT31/YPT8
P38590	MSG5	YNL053W		Tyrosine-protein phosphatase MSG5
P38604	ERG7	YHR072W		Lanosterol synthase ERG7
P38615	RIM11	YMR139W	GSK3;MDS1	Serine/threonine-protein kinase RIM11/MSD1
P38616	YGP1	YNL160W		Protein YGP1
P38620	PRS2	YER099C	PRPS2;PRS	Ribose-phosphate pyrophosphokinase 2
P38622	RCK1	YGL158W		Serine/threonine-protein kinase RCK1
P38623	RCK2	YLR248W	CLK1;CMK3	Serine/threonine-protein kinase RCK2
P38624	PRE3	YJL001W		Proteasome subunit beta type-1
P38625	GUA1	YMR217W		GMP synthase
P38626	CBR1	YIL043C	CBR;CBR5	NADH-cytochrome b5 reductase 1
P38627	URA8	YJR103W		CTP synthase 2
P38628	PCM1	YEL058W	AGM1	Phosphoacetylglucosamine mutase
P38629	RFC3	YNL290W		Replication factor C subunit 3
P38630	RFC1	YOR217W	CDC44	Replication factor C subunit 1
P38631	FKS1	YLR342W	CND1;CWH53;ETG1;GLS1;GSC1;PBR1	1,3-beta-glucan synthase component FKS1
P38632	MMS21	YEL019C	NSE2	E3 SUMO-protein ligase MMS21
P38633	SOH1	YGL127C	MED31	Mediator of RNA polymerase II transcription subunit 31
P38634	SIC1	YLR079W	SDB25	Protein SIC1
P38635	HIS2	YFR025C		Histidinol-phosphatase
P38636	ATX1	YNL259C		Copper chaperone ATX1
P38637	STS1	YIR011C	DBF8;SSM5	Tethering factor for nuclear proteasome STS1
P38682	GLO3	YER122C		ADP-ribosylation factor GTPase-activating protein GLO3
P38687	SRP68	YPL243W		Signal recognition particle subunit SRP68
P38688	SRP72	YPL210C		Signal recognition particle subunit SRP72
P38689	PRS3	YHL011C	PRPS3	Ribose-phosphate pyrophosphokinase 3
P38690		YHR033W		Uncharacterized protein YHR033W
P38691	KSP1	YHR082C		Serine/threonine-protein kinase KSP1
P38692	KIC1	YHR102W	NRK1	Serine/threonine-protein kinase KIC1
P38693	PHO12	YHR215W		Acid phosphatase PHO12
P38694	MSC7	YHR039C		Putative aldehyde dehydrogenase-like protein YHR039C
P38695	HXT5	YHR096C		Probable glucose transporter HXT5
P38696	ARP1	YHR129C	ACT3;ACT5	Centractin
P38697	IMD2	YHR216W	PUR5	Inosine-5'-monophosphate dehydrogenase 2
P38698	PPX1	YHR201C		Polyphosphatase
P38699	STB5	YHR178W		Protein STB5
P38700	APM2	YHL019C		Adaptin medium chain homolog APM2
P38701	RPS20	YHL015W	URP2	Small ribosomal subunit protein uS10
P38702	LEU5	YHR002W		Mitochondrial coenzyme A transporter LEU5
P38703	LAG1	YHL003C		Ceramide synthase LAG1
P38704	STP2	YHR006W		Transcription factor STP2
P38705	DIA4	YHR011W		Serine--tRNA ligase, mitochondrial
P38707	DED81	YHR019C		Asparagine--tRNA ligase, cytoplasmic
P38708		YHR020W		Putative proline--tRNA ligase YHR020W
P38709		YHL012W		Probable UTP--glucose-1-phosphate uridylyltransferase
P38710	INM1	YHR046C	IMP1	Inositol monophosphatase 1
P38711	RPS27B	YHR021C		Small ribosomal subunit protein eS27B
P38712	RRP3	YHR065C		ATP-dependent rRNA helicase RRP3
P38713	OSH3	YHR073W		Oxysterol-binding protein homolog 3
P38714	MSR1	YHR091C		Arginine--tRNA ligase, mitochondrial
P38715	GRE3	YHR104W	XYL1;XYLA	NADPH-dependent aldose reductase GRE3
P38716		YHR112C		Uncharacterized trans-sulfuration enzyme YHR112C
P38717	SIP3	YNL257C	LAM3	Membrane-anchored lipid-binding protein SIP3
P38719	DBP8	YHR169W		ATP-dependent RNA helicase DBP8
P38720	GND1	YHR183W		6-phosphogluconate dehydrogenase, decarboxylating 1
P38721		YHL050C		Uncharacterized protein YHL050C
P38722		YHL049C		Uncharacterized protein YHL049C
P38723	COS8	YHL048W		Protein COS8
P38724	ARN2	YHL047C	TAF1	Siderophore iron transporter ARN2
P38725	PAU13	YHL046C		Seripauperin-13
P38726	PXP3	YHL045W		Peroxisomal protein 3
P38727	DFP4	YHL044W		DUP240 protein DFP4
P38728	ECM34	YHL043W		Protein ECM34
P38729		YHL042W		Putative uncharacterized protein YHL042W
P38730		YHL041W		Uncharacterized protein YHL041W
P38731	ARN1	YHL040C		Siderophore iron transporter ARN1
P38732	EFM1	YHL039W		Protein-lysine N-methyltransferase EFM1
P38733		YHL037C		Uncharacterized protein YHL037C
P38734	MUP3	YHL036W		Low-affinity methionine permease
P38735	VMR1	YHL035C		ABC transporter ATP-binding protein/permease VMR1
P38736	GOS1	YHL031C		Golgi SNAP receptor complex member 1
P38737	ECM29	YHL030W		Proteasome component ECM29
P38738	OCA5	YHL029C		Oxidant-induced cell-cycle arrest protein 5
P38739	WSC4	YHL028W		Cell wall integrity and stress response component 4
P38740		YHL026C		Uncharacterized protein YHL026C
P38741	RIM4	YHL024W		Meiotic activator RIM4
P38742	NPR3	YHL023C	RMD11	Nitrogen permease regulator 3
P38744		YHL018W		Putative pterin-4-alpha-carbinolamine dehydratase
P38745		YHL017W		Uncharacterized membrane protein YHL071W
P38746	YLF2	YHL014C		Obg-like ATPase homolog
P38747	OTU2	YHL013C		OTU domain-containing protein 2
P38748	ETP1	YHL010C		RING finger protein ETP1
P38749	YAP3	YHL009C		AP-1-like transcription factor YAP3
P38750		YHL008C		Uncharacterized transporter YHL008C
P38751	SHU1	YHL006C		Suppressor of HU sensitivity involved in recombination protein 1
P38752		YHL005C		Uncharacterized protein YHL005C
P38753	HSE1	YHL002W		Class E vacuolar protein-sorting machinery protein HSE1
P38754	RPL14B	YHL001W		Large ribosomal subunit protein eL14B
P38755	OSH7	YHR001W		Oxysterol-binding protein homolog 7
P38756	TCD1	YHR003C		tRNA threonylcarbamoyladenosine dehydratase 1
P38757	NEM1	YHR004C		Nuclear envelope morphology protein 1
P38758	TDA3	YHR009C	BTN3	Putative oxidoreductase TDA3
P38759	VPS29	YHR012W	PEP11;VTP6	Vacuolar protein sorting-associated protein 29
P38760	MIP6	YHR015W		RNA-binding protein MIP6
P38763		YHR022C		Uncharacterized protein YHR022C
P38764	RPN1	YHR027C	HRD2;NAS1;RPD1	26S proteasome regulatory subunit RPN1
P38765	YHI9	YHR029C		Uncharacterized isomerase YHI9
P38766	RRM3	YHR031C	RTT104	ATP-dependent DNA helicase RRM3
P38767	ERC1	YHR032W		Ethionine resistance-conferring protein 1
P38768	PIH1	YHR034C	NOP17	Protein interacting with Hsp90 1
P38769	NEL1	YHR035W		GTPase-activating protein NEL1
P38770	BRL1	YHR036W		Nucleus export protein BRL1
P38771	RRF1	YHR038W	FIL1;KIM4	Ribosome-recycling factor, mitochondrial
P38772	BCD1	YHR040W		Box C/D snoRNA protein 1
P38773	DOG2	YHR043C		2-deoxyglucose-6-phosphate phosphatase 2
P38774	DOG1	YHR044C		2-deoxyglucose-6-phosphate phosphatase 1
P38775		YHR045W		Putative uncharacterized protein YHR045W
P38776	YHK8	YHR048W		Probable drug/proton antiporter YHK8
P38777	FSH1	YHR049W		Family of serine hydrolases 1
P38778	SMF2	YHR050W		Manganese transporter SMF2
P38779	CIC1	YHR052W	NSA3	Proteasome-interacting protein CIC1
P38780		YHR054C		Uncharacterized protein YHR054C
P38781	RSC30	YHR056C		Chromatin structure-remodeling complex protein RSC30
P38782	MED6	YHR058C	MTR32	Mediator of RNA polymerase II transcription subunit 6
P38783	FYV4	YHR059W		Small ribosomal subunit protein mS41
P38784	VMA22	YHR060W		Vacuolar ATPase assembly protein VMA22
P38785	GIC1	YHR061C		GTPase-interacting component 1
P38786	RPP1	YHR062C		Ribonuclease P/MRP protein subunit RPP1
P38787	PAN5	YHR063C		2-dehydropantoate 2-reductase
P38788	SSZ1	YHR064C	PDR13	Ribosome-associated complex subunit SSZ1
P38789	SSF1	YHR066W		Ribosome biogenesis protein SSF1
P38790	HTD2	YHR067W	RMD12	Hydroxyacyl-thioester dehydratase type 2, mitochondrial
P38791	DYS1	YHR068W		Deoxyhypusine synthase
P38792	RRP4	YHR069C		Exosome complex component RRP4
P38793	TRM5	YHR070W		tRNA
P38794	PCL5	YHR071W		PHO85 cyclin-5
P38795	QNS1	YHR074W		Glutamine-dependent NAD
P38796	PPE1	YHR075C		Protein phosphatase methylesterase 1
P38797	PTC7	YHR076W		Protein phosphatase 2C homolog 7, mitochondrial
P38798	NMD2	YHR077C	IFS1;SUA1;UPF2	Nonsense-mediated mRNA decay protein 2
P38799		YHR078W		Uncharacterized protein YHR078W
P38800	LAM4	YHR080C	LTC3	Membrane-anchored lipid-binding protein LAM4
P38801	LRP1	YHR081W	RRP47;YC1D	Exosome complex protein LRP1
P38803	IPI1	YHR085W		Pre-rRNA-processing protein IPI1
P38804	RTC3	YHR087W		Restriction of telomere capping protein 3
P38805	RPF1	YHR088W		Ribosome production factor 1
P38806	YNG2	YHR090C	EAF4;NBN1	Chromatin modification-related protein YNG2
P38808		YHR095W		Putative uncharacterized protein YHR095W
P38809		YHR097C		Uncharacterized protein YHR097C
P38810	SFB3	YHR098C	LST1	SED5-binding protein 3
P38811	TRA1	YHR099W		SAGA complex/NuA4 acetyltransferase complex subunit TRA1
P38812	GEP4	YHR100C		Phosphatidylglycerophosphatase GEP4, mitochondrial
P38813	BIG1	YHR101C		Protein BIG1
P38814	SBE22	YHR103W		Protein SBE22
P38815	YPT35	YHR105W		Endosomal/vacuolar adapter protein YPT35
P38816	TRR2	YHR106W		Thioredoxin reductase 2, mitochondrial
P38817	GGA2	YHR108W		ADP-ribosylation factor-binding protein GGA2
P38818	CTM1	YHR109W		Cytochrome c lysine N-methyltransferase 1
P38819	ERP5	YHR110W		Protein ERP5
P38820	UBA4	YHR111W	NCS3	Adenylyltransferase and sulfurtransferase UBA4
P38821	APE4	YHR113W		Aspartyl aminopeptidase 4
P38822	BZZ1	YHR114W	LSB7	Protein BZZ1
P38823	DMA1	YHR115C	CHF1	E3 ubiquitin-protein ligase DMA1
P38824	COX23	YHR116W		Cytochrome c oxidase-assembly factor COX23, mitochondrial
P38825	TOM71	YHR117W	TOM72	Protein TOM71
P38826	ORC6	YHR118C	AAP1	Origin recognition complex subunit 6
P38827	SET1	YHR119W	KMT2;YTX1	Histone-lysine N-methyltransferase, H3 lysine-4 specific
P38828	LSM12	YHR121W		Protein LSM12
P38829		YHR122W		MIP18 family protein YHR122W
P38830	NDT80	YHR124W	DAS1	Meiosis-specific transcription factor NDT80
P38831		YHR125W		Uncharacterized protein YHR125W
P38832	ANS1	YHR126C		Probable GPI-anchored protein ANS1
P38833		YHR127W		Uncharacterized protein YHR127W
P38834		YHR130C		Uncharacterized protein YHR130C
P38835		YHR131C		PH domain-containing protein YHR131C
P38836	ECM14	YHR132C		Inactive metallocarboxypeptidase ECM14
P38837	NSG1	YHR133C		Protein NSG1
P38838	WSS1	YHR134W		DNA-dependent metalloprotease WSS1
P38839	SPL2	YHR136C		Putative cyclin-dependent kinase inhibitor SPL2
P38840	ARO9	YHR137W		Aromatic amino acid aminotransferase 2
P38841		YHR138C		Uncharacterized protein YHR138C
P38842		YHR140W		UPF0641 membrane protein YHR140W
P38843	CHS7	YHR142W		Chitin synthase export chaperone
P38844	DSE2	YHR143W		Protein DSE2
P38845	CRP1	YHR146W		Cruciform DNA-recognizing protein 1
P38848	PEX28	YHR150W		Peroxisomal membrane protein PEX28
P38849	MTC6	YHR151C		Maintenance of telomere capping protein 6
P38850	RTT107	YHR154W	ESC4	Regulator of Ty1 transposition protein 107
P38851	LAM1	YHR155W	YSP1	Membrane-anchored lipid-binding protein LAM1
P38852	LIN1	YHR156C		Protein LIN1
P38853	KEL1	YHR158C		Kelch repeat-containing protein 1
P38854	TDA11	YHR159W		Topoisomerase I damage affected protein 11
P38855	PEX18	YHR160C		Peroxisomal membrane protein PEX18
P38856	YAP1801	YHR161C		Clathrin coat assembly protein AP180A
P38857	MPC2	YHR162W		Mitochondrial pyruvate carrier 2
P38858	SOL3	YHR163W		6-phosphogluconolactonase 3
P38859	DNA2	YHR164C		DNA replication ATP-dependent helicase/nuclease DNA2
P38860	MTG2	YHR168W		GTPase MTG2, mitochondrial
P38861	NMD3	YHR170W		60S ribosomal export protein NMD3
P38862	ATG7	YHR171W	APG7;CVT2	Ubiquitin-like modifier-activating enzyme ATG7
P38863	SPC97	YHR172W		Spindle pole body component SPC97
P38864		YHR173C		Uncharacterized protein YHR173C
P38865	CTR2	YHR175W		Copper transport protein CTR2
P38866	FMO1	YHR176W		Thiol-specific monooxygenase
P38867		YHR177W		Uncharacterized protein YHR177W
P38868		YHR180W		Uncharacterized protein YHR180W
P38869	SVP26	YHR181W		Protein SVP26
P38870	RGD3	YHR182W		Rho-GTPase-activating protein RGD3
P38871	SSP1	YHR184W		Sporulation-specific protein 1
P38872	PFS1	YHR185C	ADY1	Prospore formation at selected spindle poles protein 1
P38873	KOG1	YHR186C	LAS24	Target of rapamycin complex 1 subunit KOG1
P38874	IKI1	YHR187W	ELP5;HAP2;TOT5	Elongator complex protein 5
P38875	GPI16	YHR188C		GPI transamidase component GPI16
P38876	PTH1	YHR189W		Peptidyl-tRNA hydrolase
P38877	CTF8	YHR191C		Chromosome transmission fidelity protein 8
P38878	LNP1	YHR192W		Endoplasmic reticulum junction formation protein lunapark
P38879	EGD2	YHR193C		Nascent polypeptide-associated complex subunit alpha
P38880	MDM31	YHR194W		Mitochondrial distribution and morphology protein 31
P38881	NVJ1	YHR195W	VAB36	Nucleus-vacuole junction protein 1
P38882	UTP9	YHR196W		U3 small nucleolar RNA-associated protein 9
P38883	RIX1	YHR197W	IPI2	Pre-rRNA-processing protein RIX1
P38884	AIM18	YHR198C	FMP22	Altered inheritance of mitochondria protein 18, mitochondrial
P38885	AIM46	YHR199C	FMP34	Altered inheritance of mitochondria protein 46, mitochondrial
P38886	RPN10	YHR200W	MCB1;SUN1	26S proteasome regulatory subunit RPN10
P38887	SMN1	YHR202W		5'-nucleotidase SMN1
P38888	MNL1	YHR204W	HTM1	ER degradation-enhancing alpha-mannosidase-like protein 1
P38889	SKN7	YHR206W	BRY1;POS9	Transcription factor SKN7
P38890	SET5	YHR207C		Histone-lysine N-methyltransferase SET5
P38891	BAT1	YHR208W	ECA39;TWT1	Branched-chain-amino-acid aminotransferase, mitochondrial
P38892	CRG1	YHR209W		Probable S-adenosylmethionine-dependent methyltransferase CRG1
P38893		YHR210C		Uncharacterized isomerase YHR210C
P38894	FLO5	YHR211W		Flocculation protein FLO5
P38898		YHR217C		Putative uncharacterized protein YHR217C
P38899		YHR218W		Uncharacterized protein YHR218W
P38900		YHR219W		Putative uncharacterized protein YHR219W
P38902	RPB11	YOL005C		DNA-directed RNA polymerase II subunit RPB11
P38903	RTS1	YOR014W	SCS1	Serine/threonine-protein phosphatase 2A 56 kDa regulatory subunit delta isoform
P38904	SPP41	YDR464W		Protein SPP41
P38907	CHL4	YDR254W	CTF17;MCM17	Inner kinetochore subunit CHL4
P38909	CYC2	YOR037W		Cytochrome c mitochondrial import factor CYC2
P38910	HSP10	YOR020C	CPN10	10 kDa heat shock protein, mitochondrial
P38911	FPR3	YML074C	NPI46	Peptidyl-prolyl cis-trans isomerase
P38912	TIF11	YMR260C		Eukaryotic translation initiation factor 1A
P38913	FAD1	YDL045C		FAD synthase
P38915	SPT8	YLR055C		SAGA complex subunit SPT8
P38920	MLH1	YMR167W	PMS2	DNA mismatch repair protein MLH1
P38921	PET8	YNL003C	SAM5	Mitochondrial S-adenosylmethionine carrier protein
P38922	HRB1	YNL004W	TOM34	Serine/arginine
P38925	SMF1	YOL122C	ESP1	Manganese transporter SMF1
P38927	REV7	YIL139C		DNA polymerase zeta processivity subunit
P38928	AXL2	YIL140W	BUD10;SRO4	Axial budding pattern protein 2
P38929	PMC1	YGL006W		Calcium-transporting ATPase 2
P38930	CKB2	YOR039W		Casein kinase II subunit beta'
P38931	SSN2	YDR443C	MED13;NUT8;RYE3;SCA1;SRB9;UME2	Mediator of RNA polymerase II transcription subunit 13
P38932	VPS45	YGL095C	STT10;VPL28	Vacuolar protein sorting-associated protein 45
P38934	BFR1	YOR198C		Nuclear segregation protein BFR1
P38953	RAD55	YDR076W		DNA repair protein RAD55
P38954	IPT1	YDR072C	SYR4	Inositolphosphotransferase 1
P38956	SNF11	YDR073W		Transcription regulatory protein SNF11
P38957	SHU2	YDR078C		Suppressor of hydroxyurea sensitivity protein 2
P38958	PET100	YDR079W		Protein PET100, mitochondrial
P38959	VPS41	YDR080W	FET2;VAM2	Vacuolar protein sorting-associated protein 41
P38960	STN1	YDR082W		Protein STN1
P38961	RRP8	YDR083W		25S rRNA
P38962	TVP23	YDR084C		Golgi apparatus membrane protein TVP23
P38966	VTC5	YDR089W		Vacuole transporter chaperone complex subunit 5
P38967	TAT2	YOL020W	LTG3;SAB2;SCM2;TAP2	Tryptophan permease
P38968	SEC31	YDL195W	WEB1	Protein transport protein SEC31
P38969	PNT1	YOR266W		Pentamidine resistance factor, mitochondrial
P38970	HAL5	YJL165C		Serine/threonine-protein kinase HAL5
P38971	ALP1	YNL270C		Basic amino-acid permease
P38972	ADE6	YGR061C		Phosphoribosylformylglycinamidine synthase
P38985	SRP14	YDL092W		Signal recognition particle subunit SRP14
P38986	ASP1	YDR321W		L-asparaginase 1
P38987	TEM1	YML064C		Protein TEM1
P38988	GGC1	YDL198C	SHM1;YHM1	Mitochondrial GTP/GDP carrier protein 1
P38989	SMC2	YFR031C		Structural maintenance of chromosomes protein 2
P38990	SAK1	YER129W	PAK1	SNF1-activating kinase 1
P38991	IPL1	YPL209C		Aurora kinase
P38992	SUR2	YDR297W	SYR2	Sphingolipid C4-hydroxylase SUR2
P38993	FET3	YMR058W		Iron transport multicopper oxidase FET3
P38994	MSS4	YDR208W		Phosphatidylinositol 4-phosphate 5-kinase MSS4
P38995	CCC2	YDR270W		Copper-transporting ATPase
P38996	NAB3	YPL190C	HMD1	Nuclear polyadenylated RNA-binding protein 3
P38998	LYS1	YIR034C		Saccharopine dehydrogenase
P38999	LYS9	YNR050C	LYS13	Saccharopine dehydrogenase
P39000	SHC1	YER096W		Protein SHC1
P39001	UME6	YDR207C	CAR80;CARGR1;NIM2;RIM16	Transcriptional regulatory protein UME6
P39002	FAA3	YIL009W		Long-chain-fatty-acid--CoA ligase 3
P39003	HXT6	YDR343C		High-affinity hexose transporter HXT6
P39004	HXT7	YDR342C		High-affinity hexose transporter HXT7
P39005	KRE9	YJL174W		Cell wall synthesis protein KRE9
P39006	PSD1	YNL169C		Phosphatidylserine decarboxylase proenzyme 1, mitochondrial
P39007	STT3	YGL022W		Dolichyl-diphosphooligosaccharide--protein glycosyltransferase subunit STT3
P39008	POP2	YNR052C	CAF1	Poly
P39009	DUN1	YDL101C		DNA damage response protein kinase DUN1
P39010	AKR1	YDR264C		Palmitoyltransferase AKR1
P39011	BEM4	YPL161C	ROM7	GTPase-GDP dissociation stimulator BEM4
P39012	GAA1	YLR088W	END2	GPI transamidase component GAA1
P39013	END3	YNL084C		Actin cytoskeleton-regulatory complex protein END3
P39014	MET30	YIL046W		F-box protein MET30
P39015	STM1	YLR150W	MPT4;STO1	Suppressor protein STM1
P39016	MPT5	YGL178W	HTR1;PUF5	Suppressor protein MPT5
P39073	SSN3	YPL042C	ARE1;CDK8;GIG2;SRB10;UME5	Meiotic mRNA stability protein kinase SSN3
P39076	CCT2	YIL142W	BIN3;TCP2	T-complex protein 1 subunit beta
P39077	CCT3	YJL014W	BIN2;TCP3	T-complex protein 1 subunit gamma
P39078	CCT4	YDL143W	ANC2;TCP4	T-complex protein 1 subunit delta
P39079	CCT6	YDR188W	TCP20;TCP6	T-complex protein 1 subunit zeta
P39081	PCF11	YDR228C		Protein PCF11
P39083	RGA1	YOR127W	DBM1;THE1	Rho-type GTPase-activating protein 1
P39101	CAJ1	YER048C		Protein CAJ1
P39102	XDJ1	YLR090W		DnaJ protein homolog XDJ1
P39103	COX14	YML129C		Cytochrome c oxidase assembly protein COX14
P39104	PIK1	YNL267W		Phosphatidylinositol 4-kinase PIK1
P39105	PLB1	YMR008C		Lysophospholipase 1
P39106	MNN1	YER001W		Alpha-1,3-mannosyltransferase MNN1
P39107	MNN9	YPL050C		Mannan polymerase complexes subunit MNN9
P39108	PEX7	YDR142C	PAS7;PEB1	Peroxisomal targeting signal 2 receptor
P39109	YCF1	YDR135C		Metal resistance protein YCF1
P39110	CIN4	YMR138W	GTP1;UGX1	GTP-binding protein CIN4
P39111	VMA7	YGR020C		V-type proton ATPase subunit F
P39112	DSS1	YMR287C	MSU1	Exoribonuclease II, mitochondrial
P39113	CAT8	YMR280C	MSP8	Regulatory protein CAT8
P39515	TIM17	YJL143W	MIM17;MPI2;SMS1	Mitochondrial import inner membrane translocase subunit TIM17
P39516	RPS14B	YJL191W	CRY2	Small ribosomal subunit protein uS11B
P39517	DHH1	YDL160C		ATP-dependent RNA helicase DHH1
P39518	FAA2	YER015W	FAM1	Long-chain-fatty-acid--CoA ligase 2
P39520	IFH1	YLR223C	RRP3	Protein IFH1
P39521	FHL1	YPR104C		Pre-rRNA-processing protein FHL1
P39522	ILV3	YJR016C		Dihydroxy-acid dehydratase, mitochondrial
P39523		YMR124W		Uncharacterized protein YMR124W
P39524	DRS2	YAL026C	SWA3	Phospholipid-transporting ATPase DRS2
P39525	CEM1	YER061C		3-oxoacyl-
P39526	LAA1	YJL207C		AP-1 accessory protein LAA1
P39529		YJL206C		Putative transcriptional regulatory protein YJL206C
P39531	RCY1	YJL204C		Recyclin-1
P39532		YJL202C		Putative uncharacterized protein YJL202C
P39533	ACO2	YJL200C		Homocitrate dehydratase, mitochondrial
P39534	MBB1	YJL199C		Uncharacterized protein MBB1
P39535	PHO90	YJL198W		Low-affinity phosphate transporter PHO90
P39538	UBP12	YJL197W		Ubiquitin carboxyl-terminal hydrolase 12
P39540	ELO1	YJL196C		Fatty acid elongase 1
P39541		YJL195C		Putative uncharacterized protein YJL195C
P39542		YJL193W		Uncharacterized transporter YJL193W
P39543	SOP4	YJL192C		Protein SOP4
P39545	PAU7	YAR020C		Seripauperin-7
P39547	UIP3	YAR027W		ULP1-interacting protein 3
P39548	KTD1	YAR028W		Protein-toxin resistance protein KTD1
P39549	DFP2	YAR029W		DUP240 protein DFP2
P39550		YAR030C		Putative uncharacterized protein YAR030C
P39551	PRM9	YAR031W		Pheromone-regulated membrane protein 9
P39552	MST28	YAR033W		Multicopy suppressor of SEC21 protein 28
P39557		YAR047C		Putative uncharacterized membrane protein YAR047C
P39559		YAR053W		Putative uncharacterized protein YA5053W
P39563		YAR064W		Uncharacterized protein YAR064W
P39564		YAR068W		Uncharacterized protein YAR068W
P39566		YAR070C		Putative uncharacterized protein YAR070C
P39567	IMD1	YAR073W		Putative inosine-5'-monophosphate dehydrogenase 1
P39676	YHB1	YGR234W	YHB	Flavohemoprotein
P39677	MEF2	YJL102W		Ribosome-releasing factor 2, mitochondrial
P39678	MBP1	YDL056W		Transcription factor MBP1
P39682	PRP39	YML046W		Pre-mRNA-processing factor 39
P39683	NPT1	YOR209C		Nicotinate phosphoribosyltransferase
P39684	PES4	YFR023W		Protein PES4
P39685	POM152	YMR129W		Nucleoporin POM152
P39692	MET10	YFR030W		Sulfite reductase
P39702	VPS8	YAL002W	VPT8	Vacuolar protein sorting-associated protein 8
P39703		YAL004W		Putative uncharacterized protein YAL004W
P39704	ERP2	YAL007C		Protein ERP2
P39705	NUP60	YAR002W	FUN17	Nucleoporin NUP60
P39706	SWD1	YAR003W	CPS50;SAF49	COMPASS component SWD1
P39707	SEN34	YAR008W		tRNA-splicing endonuclease subunit SEN34
P39708	GDH3	YAL062W		NADP-specific glutamate dehydrogenase 2
P39709	SEO1	YAL067C		Probable transporter SEO1
P39710		YAL066W		Putative uncharacterized protein YAL066W
P39711		YAL064W		Putative uncharacterized protein YAL064W
P39712	FLO9	YAL063C		Flocculation protein FLO9
P39713	BDH2	YAL061W		Probable diacetyl reductase
P39714	BDH1	YAL060W	BDH	
P39715	ECM1	YAL059W	SIM1	Shuttling pre-60S factor ECM1
P39717	GPB2	YAL056W	KRH1	Guanine nucleotide-binding protein subunit beta 2
P39718	PEX22	YAL055W		Ubiquitin-conjugating enzyme E2 enzyme activator PEX22
P39719	FLC2	YAL053W		Flavin carrier protein 2
P39720	OAF1	YAL051W	YAF1	Oleate-activated transcription factor 1
P39721	AIM2	YAL049C		Protein AIM2
P39722	GEM1	YAL048C		Mitochondrial Rho GTPase 1
P39723	SPC72	YAL047C	LDB4;SPI6	Gamma tubulin complex adapter SPC72
P39724	BOL3	YAL046C	AIM1	BolA-like protein 3
P39725		YAL045C		Putative uncharacterized protein YAL045C
P39726	GCV3	YAL044C		Glycine cleavage system H protein, mitochondrial
P39727	ERV46	YAL042W		ER-derived vesicles protein ERV46
P39728		YAL037W		Uncharacterized protein YAL037W
P39729	RBG1	YAL036C	FUN11	Ribosome-interacting GTPase 1
P39730	FUN12	YAL035W		Eukaryotic translation initiation factor 5B
P39731	MTW1	YAL034W-A	DSN3;NSL2	Kinetochore-associated protein MTW1
P39732	GIP4	YAL031C	FUN21	GLC7-interacting protein 4
P39734	FRT2	YAL028W	HPH2	Protein HPH2
P39735	SAW1	YAL027W		Single-strand annealing weakened protein 1
P39742	SEC72	YLR292C	SEC67;SIM2	Translocation protein SEC72
P39743	RVS167	YDR388W		Reduced viability upon starvation protein 167
P39744	NOC2	YOR206W		Nucleolar complex protein 2
P39875	EXO1	YOR033C	DHS1	Exodeoxyribonuclease 1
P39904	VPS52	YDR484W	SAC2	Vacuolar protein sorting-associated protein 52
P39923	NPR2	YEL062W		Nitrogen permease regulator 2
P39924	HXT13	YEL069C	HXT8	Hexose transporter HXT13
P39925	AFG3	YER017C	YTA10	Mitochondrial inner membrane m-AAA protease component YTA10
P39926	SSO2	YMR183C		Protein SSO2
P39927	PTI1	YGR156W		Protein PTI1
P39928	SLN1	YIL147C	YPD2	Osmosensing histidine protein kinase SLN1
P39929	SNF7	YLR025W	DID1;VPS32	Vacuolar-sorting protein SNF7
P39931	SSP120	YLR250W		Protein SSP120
P39932	STL1	YDR536W		Sugar transporter STL1
P39933	PZF1	YPR186C	TFC2;TFIIIA	Transcription factor IIIA
P39935	TIF4631	YGR162W		Eukaryotic initiation factor 4F subunit p150
P39936	TIF4632	YGL049C		Eukaryotic initiation factor 4F subunit p130
P39937	PAC2	YER007W		Protein PAC2
P39938	RPS26A	YGL189C	RPS26	Small ribosomal subunit protein eS26A
P39939	RPS26B	YER131W		Small ribosomal subunit protein eS26B
P39940	RSP5	YER125W	MDP1;NPI1	E3 ubiquitin-protein ligase RSP5
P39943	MIG3	YER028C		Transcription corepressor MIG3
P39944	UBP5	YER144C		Ubiquitin carboxyl-terminal hydrolase 5
P39945	AST2	YER101C		Protein AST2
P39946	PAC1	YOR269W	LIS1	Nuclear distribution protein PAC1
P39952	OXA1	YER154W	PET1402	Mitochondrial inner membrane protein OXA1
P39953	YEA6	YEL006W	NDT2	Mitochondrial nicotinamide adenine dinucleotide transporter 2
P39954	SAH1	YER043C		Adenosylhomocysteinase
P39955	SAP1	YER047C		Microtubule severing ATPase SAP1
P39956	RPH1	YER169W		DNA damage-responsive transcriptional repressor RPH1
P39958	GDI1	YER136W	SEC19	Rab GDP-dissociation inhibitor
P39959		YER130C		Zinc finger protein YER130C
P39960	BEM2	YER155C	IPL2;SUP9	GTPase-activating protein BEM2/IPL2
P39961	TOG1	YER184C		Transcription factor TOG1
P39962	YCK3	YER123W	CKI3	Casein kinase I homolog 3
P39965	AIM10	YER087W		Probable proline--tRNA ligase, mitochondrial
P39966	PTC2	YER089C		Protein phosphatase 2C homolog 2
P39967	UBP9	YER098W		Ubiquitin carboxyl-terminal hydrolase 9
P39968	VAC8	YEL013W	YEB3	Vacuolar protein 8
P39969	BOI2	YER114C	BEB1	BEM1-interacting protein 2
P39970	ACA1	YER045C		ATF/CREB activator 1
P39971		YEL076C		Uncharacterized protein YEL076C
P39972		YEL075C		Uncharacterized protein YEL075C
P39973		YEL074W		Putative UPF0320 protein YEL074W
P39974		YEL073C		Uncharacterized protein YEL073C
P39975	RMD6	YEL072W		Sporulation protein RMD6
P39976	DLD3	YEL071W		D-2-hydroxyglutarate--pyruvate transhydrogenase DLD3
P39977		YEL068C		Uncharacterized protein YEL068C
P39978		YEL067C		Uncharacterized protein YEL067C
P39979	HPA3	YEL066W		D-amino-acid N-acetyltransferase HPA3
P39980	SIT1	YEL065W	ARN3	Siderophore iron transporter 1
P39981	AVT2	YEL064C		Vacuolar amino acid transporter 2
P39982	HHY1	YEL059W		Hypersensitivity to hygromycin-B protein 1
P39983	SDD1	YEL057C		Uncharacterized protein YEL057C
P39984	HAT2	YEL056W		Histone acetyltransferase type B subunit 2
P39985	POL5	YEL055C		rRNA processing protein POL5
P39986	SPF1	YEL031W	COD1	Endoplasmic reticulum transmembrane helix translocase
P39987	ECM10	YEL030W	SSC3	Heat shock protein SSC3, mitochondrial
P39988	BUD16	YEL029C		Putative pyridoxal kinase BUD16
P39989		YEL028W		Uncharacterized protein YEL028W
P39990	SNU13	YEL026W		13 kDa ribonucleoprotein-associated protein
P39991		YEL025C		Uncharacterized protein YEL025C
P39992		YEL023C		Uncharacterized protein YEL023C
P39993	GEA2	YEL022W		ARF guanine-nucleotide exchange factor 2
P39994	PXP1	YEL020C		2-hydroxyacyl-CoA lyase
P39995	EAF5	YEL018W		Chromatin modification-related protein EAF5
P39996	GTT3	YEL017W		Glutathione transferase 3
P39997	NPP2	YEL016C		Ectonucleotide pyrophosphatase/phosphodiesterase 2
P39998	EDC3	YEL015W	LSM16	Enhancer of mRNA-decapping protein 3
P39999		YEL014C		Uncharacterized protein YEL014C
P40000		YEL010W		Putative uncharacterized protein YEL010W
P40001		YEL008W		Uncharacterized protein YEL008W
P40002	MIT1	YEL007W		Transcriptional regulator MIT1
P40003	VAB2	YEL005C	VAB31	Biogenesis of lysosome-related organelles complex 1 subunit VAB2
P40004	YEA4	YEL004W		UDP-N-acetylglucosamine transporter YEA4
P40005	GIM4	YEL003W	PFD2	Prefoldin subunit 2
P40006	IRC22	YEL001C		Increased recombination centers protein 22
P40007	NOP16	YER002W		Nucleolar protein 16
P40008	FMP52	YER004W		Protein FMP52, mitochondrial
P40009	YND1	YER005W		Golgi apyrase
P40010	NUG1	YER006W		Nuclear GTP-binding protein NUG1
P40011		YER010C		4-hydroxy-4-methyl-2-oxoglutarate aldolase
P40012	HEM14	YER014W		Protoporphyrinogen oxidase
P40013	BIM1	YER016W		Protein BIM1
P40014	SPC25	YER018C		Kinetochore protein SPC25
P40015	ISC1	YER019W		Inositol phosphosphingolipids phospholipase C
P40016	RPN3	YER021W	SUN2	26S proteasome regulatory subunit RPN3
P40017	YAT2	YER024W		Carnitine O-acetyltransferase YAT2
P40018	SMB1	YER029C		Small nuclear ribonucleoprotein-associated protein B
P40019	CHZ1	YER030W		Histone H2A.Z-specific chaperone CHZ1
P40020	FIR1	YER032W	PIP1	Factor interacting with REF2
P40021	ZRG8	YER033C		Zinc-regulated protein 8
P40022		YER034W		Uncharacterized protein YER034W
P40023	EDC2	YER035W		Enhancer of mRNA-decapping protein 2
P40024	ARB1	YER036C		ABC transporter ATP-binding protein ARB1
P40025	PHM8	YER037W		Phosphate metabolism protein 8
P40026	KRE29	YER038C		DNA repair protein KRE29
P40028	YEN1	YER041W		Holliday junction resolvase YEN1
P40029	MXR1	YER042W		Peptide methionine sulfoxide reductase
P40030	ERG28	YER044C	BUD18	Ergosterol biosynthetic protein 28
P40031	SPO73	YER046W		Sporulation-specific protein 73
P40032	TPA1	YER049W		Prolyl 3,4-dihydroxylase TPA1
P40033	RSM18	YER050C		Small ribosomal subunit protein bS18m
P40034	JHD1	YER051W		JmjC domain-containing histone demethylation protein 1
P40035	PIC2	YER053C		Mitochondrial phosphate carrier protein 2
P40036	GIP2	YER054C		GLC7-interacting protein 2
P40037	HMF1	YER057C	HIG1	Protein HMF1
P40038	PCL6	YER059W		PHO85 cyclin-6
P40039	FCY21	YER060W	FCYY	Purine-cytosine permease FCY21
P40040	THO1	YER063W		Protein THO1
P40041	VHR2	YER064C		Transcription factor VHR2
P40042	RRT13	YER066W		Regulator of rDNA transcription protein 13
P40043	RGI1	YER067W		Respiratory growth induced protein 1
P40045	TDA2	YER071C		Topoisomerase I damage affected protein 2
P40046	VTC1	YER072W	NRF1;PHM4	Vacuolar transporter chaperone complex subunit 1
P40047	ALD5	YER073W	ALD3;ALDH5	Aldehyde dehydrogenase 5, mitochondrial
P40048	PTP3	YER075C		Tyrosine-protein phosphatase 3
P40049		YER076C		Putative uncharacterized protein YER076C
P40050	MRX1	YER077C		MIOREX complex component 1
P40051	ICP55	YER078C		Intermediate cleaving peptidase 55
P40052		YER079W		Uncharacterized protein YER079W
P40053	AIM9	YER080W	FMP29	Altered inheritance of mitochondria protein 9, mitochondrial
P40054	SER3	YER081W		D-3-phosphoglycerate dehydrogenase 1
P40055	UTP7	YER082C	KRE31	U3 small nucleolar RNA-associated protein 7
P40056	GET2	YER083C	HUR2;RMD7	Golgi to ER traffic protein 2
P40057		YER084W		Uncharacterized protein YER084W
P40058		YER085C		Uncharacterized protein YER085C
P40059	DOT6	YER088C	PBF2	Transcriptional regulatory protein DOT6
P40060	IES5	YER092W		Ino eighty subunit 5
P40061	TSC11	YER093C	AVO3	Target of rapamycin complex 2 subunit TSC11
P40062		YER097W		Putative uncharacterized protein YER097W
P40063	RTT105	YER104W		Regulator of Ty1 transposition protein 105
P40064	NUP157	YER105C		Nucleoporin NUP157
P40065	MAM1	YER106W		Monopolin complex subunit MAM1
P40066	GLE2	YER107C	RAE1	mRNA export factor GLE2
P40068	FLO8	YER109C	PDH5	Transcriptional activator FLO8
P40069	KAP123	YER110C	YRB4	Importin subunit beta-4
P40070	LSM4	YER112W	SDB23;USS1	LSM complex subunit LSM4
P40071	TMN3	YER113C		Transmembrane 9 superfamily member 3
P40072	SLX8	YER116C		E3 ubiquitin-protein ligase complex SLX5-SLX8 subunit SLX8
P40073	SHO1	YER118C	SSU81	High osmolarity signaling protein SHO1
P40074	AVT6	YER119C		Vacuolar amino acid transporter 6
P40075	SCS2	YER120W		Vesicle-associated membrane protein-associated protein SCS2
P40076		YER121W		Uncharacterized protein YER121W
P40077	DSE1	YER124C		Protein DSE1
P40078	NSA2	YER126C		Ribosome biogenesis protein NSA2
P40079	LCP5	YER127W		U3 small nucleolar ribonucleoprotein protein LCP5
P40080	VFA1	YER128W		VPS4-associated protein 1
P40081		YER134C		Putative magnesium-dependent phosphatase YER134C
P40082		YER135C		Uncharacterized protein YER135C
P40083		YER137C		Uncharacterized protein YEL137C
P40084	RTR1	YER139C		RNA polymerase II subunit B1 CTD phosphatase RTR1
P40085	EMP65	YER140W		Endoplasmic reticulum membrane protein 65
P40086	COX15	YER141W		Heme A synthase COX15
P40087	DDI1	YER143W	VSM1	DNA damage-inducible protein 1
P40088	FTR1	YER145C		Plasma membrane iron permease
P40089	LSM5	YER146W		LSM complex subunit LSM5
P40090	SCC4	YER147C		MAU2 chromatid cohesion factor homolog
P40091	PEA2	YER149C	PPF2	Protein PEA2
P40092	SPI1	YER150W		Uncharacterized cell wall protein SPI1
P40093		YER156C		MYG1 protein YER156C
P40094	COG3	YER157W	GRD20;SEC34	Conserved oligomeric Golgi complex subunit 3
P40095		YER158C		Uncharacterized protein YER158C
P40096	BUR6	YER159C	NCB1	Negative cofactor 2 complex subunit alpha
P40097		YER181C		Uncharacterized protein YER181C, mitochondrial
P40098	FMP10	YER182W		Uncharacterized mitochondrial membrane protein FMP10
P40099	FAU1	YER183C		5-formyltetrahydrofolate cyclo-ligase
P40100	PUG1	YER185W		Protoporphyrin uptake protein 1
P40101		YER186C		Uncharacterized protein YER186C
P40102		YER187W		Uncharacterized protein YER187W
P40103		YER188W		Uncharacterized protein YER188W
P40104		YER189W		Uncharacterized protein YER189W
P40105	YRF1-2	YER190W		Y' element ATP-dependent helicase protein 1 copy 2
P40106	GPP2	YER062C	HOR2	Glycerol-1-phosphate phosphohydrolase 2
P40107	VRG4	YGL225W	GOG5;LDB3;MCD3;VAN2;VIG4	GDP-mannose transporter 1
P40150	SSB2	YNL209W	YG103	Ribosome-associated molecular chaperone SSB2
P40151	MGS1	YNL218W		DNA-dependent ATPase MGS1
P40152	PPN2	YNL217W		Zinc-dependent endopolyphosphatase
P40154	IES2	YNL215W		Ino eighty subunit 2
P40155	PEX17	YNL214W	PAS9	Peroxisomal membrane protein PEX17
P40156	RRG9	YNL213C		Required for respiratory growth protein 9, mitochondrial
P40157	VID27	YNL212W		Vacuolar import and degradation protein 27
P40159		YNL208W		Uncharacterized protein YNL208W
P40160	RIO2	YNL207W		Serine/threonine-protein kinase RIO2
P40161	RTT106	YNL206C		Histone chaperone RTT106
P40162		YNL205C		Putative uncharacterized protein YNL205C
P40163		YNL203C		Putative uncharacterized protein YNL203C
P40164	PSY2	YNL201C		Serine/threonine-protein phosphatase 4 regulatory subunit 3
P40165	NNR1	YNL200C		NAD
P40166		YNL198C		Uncharacterized protein YNL198C, mitochondrial
P40167	SLZ1	YNL196C		Sporulation-specific with a leucine zipper motif protein 1
P40168		YNL195C		Uncharacterized protein YNL195C
P40169		YNL194C		Uncharacterized plasma membrane protein YNL194C
P40185	MMF1	YIL051C	IBM1	Protein MMF1, mitochondrial
P40186	PCL7	YIL050W	PAP1	PHO85 cyclin-7
P40187	PIG2	YIL045W		GSY2-interacting protein PIG2
P40188	RGI2	YIL057C		Respiratory growth induced protein 2
P40202	CCS1	YMR038C	LYS7	Superoxide dismutase 1 copper chaperone
P40204	SMX2	YFL017W-A	SNP2	Small nuclear ribonucleoprotein G
P40206	JLP2	YMR132C		Protein JLP2
P40207	ERG29	YMR134W		Ergosterol biosynthesis protein 29
P40208	GID8	YMR135C	DCR1	GID complex subunit 8
P40209	GAT2	YMR136W		Protein GAT2
P40210	SIP5	YMR140W		Protein SIP5
P40211		YMR141C		Uncharacterized protein YMR141C
P40212	RPL13B	YMR142C	RPL13	Large ribosomal subunit protein eL13B
P40214	FDO1	YMR144W		Protein FDO1
P40215	NDE1	YMR145C	NDH1	External NADH-ubiquinone oxidoreductase 1, mitochondrial
P40217	TIF34	YMR146C		Eukaryotic translation initiation factor 3 subunit I
P40218	LDO45	YMR147W		Lipid droplet organization protein LDO45
P40219	LDO16	YMR148W	OSW5	Lipid droplet organization protein LDO16
P40260	MEP1	YGR121C	AMT1	Ammonium transporter MEP1
P40302	PRE5	YMR314W		Proteasome subunit alpha type-6
P40303	PRE6	YOL038W		Proteasome subunit alpha type-4
P40308	TGL3	YMR313C		Triacylglycerol lipase 3
P40309	KHA1	YJL094C		K
P40310	TOK1	YJL093C	DUK1	Outward-rectifier potassium channel TOK1
P40312	CYB5	YNL111C		Cytochrome b5
P40314	BTT1	YDR252W		Nascent polypeptide-associated complex subunit beta-2
P40316	PDS1	YDR113C		Securin
P40317	SOK1	YDR006C		Protein SOK1
P40318	SSM4	YIL030C	DOA10	ERAD-associated E3 ubiquitin-protein ligase DOA10
P40319	ELO3	YLR372W	APA1;SRE1;SUR4;VBM1	Fatty acid elongase 3
P40323		YPL073C		Uncharacterized protein YPL073C
P40325	HUA1	YGR268C		Proline-rich protein HUA1
P40326		YGR269W		Uncharacterized protein YGR269W
P40327	RPT2	YDL007W	YHS4;YTA5	26S proteasome regulatory subunit 4 homolog
P40328	YTA6	YPL074W		Microtubule severing ATPase YTA6
P40335	PEP8	YJL053W	GRD6;VPS26;VPT4	Carboxypeptidase Y-deficient protein 8
P40339	RFC4	YOL094C		Replication factor C subunit 4
P40340	YTA7	YGR270W		ATPase histone chaperone YTA7
P40341	YTA12	YMR089C	RCA1	Mitochondrial inner membrane m-AAA protease component YTA12
P40342	SWM2	YNR004W		Nucleolar protein SWM2
P40343	VPS27	YNR006W	DID7;GRD11;SSV17;VPL23;VPT27	Vacuolar protein sorting-associated protein 27
P40344	ATG3	YNR007C	APG3;AUT1	Autophagy-related protein 3
P40345	LRO1	YNR008W		Phospholipid:diacylglycerol acyltransferase
P40347	LTP1	YPR073C		Low molecular weight phosphotyrosine protein phosphatase
P40348	RFC2	YJR068W		Replication factor C subunit 2
P40350	ALG5	YPL227C		Dolichyl-phosphate beta-glucosyltransferase
P40351	ALG8	YOR067C		Dolichyl pyrophosphate Glc1Man9GlcNAc2 alpha-1,3-glucosyltransferase
P40352	RAD26	YJR035W	GTA1085	DNA repair and recombination protein RAD26
P40353	ATF1	YOR377W		Alcohol O-acetyltransferase 1
P40354	NTA1	YJR062C		Protein N-terminal amidase
P40355	MNN14	YJR061W		Mannosyltransferase regulator 14
P40356	PGD1	YGL025C	HRS1;MED3	Mediator of RNA polymerase II transcription subunit 3
P40357	SEC9	YGR009C	HSS7	Protein transport protein SEC9
P40358	JEM1	YJL073W	KAR8	DnaJ-like chaperone JEM1
P40359	PSF2	YJL072C		DNA replication complex GINS protein PSF2
P40360	ARG2	YJL071W		Amino-acid acetyltransferase, mitochondrial
P40361		YJL070C		Inactive deaminase YJL070C
P40362	UTP18	YJL069C		U3 small nucleolar RNA-associated protein 18
P40363		YJL068C		S-formylglutathione hydrolase
P40364	MPM1	YJL066C		Mitochondrial peculiar membrane protein 1
P40365		YJL067W		Putative uncharacterized protein YJL067W
P40366	DLS1	YJL065C		Protein DLS1
P40367	LAS21	YJL062W	GPI7	GPI ethanolamine phosphate transferase 2
P40368	NUP82	YJL061W		Nucleoporin NUP82
P40395	RIC1	YLR039C		Guanine nucleotide exchange factor subunit RIC1
P40413	CCT5	YJR064W	TCP5	T-complex protein 1 subunit epsilon
P40414	TPM2	YIL138C		Tropomyosin-2
P40416	ATM1	YMR301C	MDY	Iron-sulfur clusters transporter ATM1, mitochondrial
P40422	RPC10	YHR143W-A	RPB12	DNA-directed RNA polymerases I, II, and III subunit RPABC4
P40433	PFK26	YIL107C		6-phosphofructo-2-kinase 1
P40434		YIL177C		Y' element ATP-dependent helicase YIL177C
P40438	VTH1	YIL173W		VPS10 homolog 1
P40440		YIL171W		Putative transporter-like protein YIL171W
P40441	HXT12	YIL170W		Putative hexose transporter 12
P40442	CSS1	YIL169C	HPF1'	Secreted protein CSS1
P40445		YIL166C		Uncharacterized transporter YIL166C
P40446		YIL165C		Putative nitrilase-like protein YIL165C
P40447	NIT1	YIL164C		Putative nitrilase-like protein NIT1
P40448		YIL163C		Uncharacterized protein YIL163C
P40449		YIL161W		Uncharacterized protein YIL161W
P40450	BNR1	YIL159W		BNI1-related protein 1
P40451	AIM20	YIL158W		Altered inheritance of mitochondria protein 20
P40452	COA1	YIL157C	FMP35	Cytochrome c oxidase assembly factor 1
P40453	UBP7	YIL156W		Ubiquitin carboxyl-terminal hydrolase 7
P40454	RRD1	YIL153W	NCS1;YPA1	Serine/threonine-protein phosphatase 2A activator 1
P40455		YIL152W		Uncharacterized protein YIL152W
P40456	ESL1	YIL151C		EST/SMG-like protein 1
P40457	MLP2	YIL149C		Protein MLP2
P40458	ATG32	YIL146C	ECM17	Autophagy-related protein 32
P40459	PAN6	YIL145C		Pantoate--beta-alanine ligase
P40460	NDC80	YIL144W	HEC1;TID3	Kinetochore protein NDC80
P40461		YIL141W		Putative uncharacterized protein YIL141W
P40462	TMA108	YIL137C		Protein TMA108
P40463	VHS2	YIL135C		Protein VHS2
P40464	FLX1	YIL134W		Mitochondrial FAD carrier protein FLX1
P40465	CSM2	YIL132C		Chromosome segregation in meiosis protein 2
P40466	FKH1	YIL131C		Fork head protein homolog 1
P40467	ASG1	YIL130W		Activator of stress genes 1
P40468	TAO3	YIL129C	PAG1	Cell morphogenesis protein PAG1
P40469	MET18	YIL128W	MMS19	DNA repair/transcription protein MET18/MMS19
P40470	RRT14	YIL127C		Regulator of rDNA transcription protein 14
P40471	AYR1	YIL124W	GBG1	NADPH-dependent 1-acyldihydroxyacetone phosphate reductase
P40472	SIM1	YIL123W	PBP3	Probable secreted beta-glucosidase SIM1
P40473	POG1	YIL122W		Transcriptional activator POG1
P40474	QDR2	YIL121W		Quinidine resistance protein 2
P40475	QDR1	YIL120W		Quinidine resistance protein 1
P40476	PRM5	YIL117C		Pheromone-regulated membrane protein 5
P40477	NUP159	YIL115C	NUP158;RAT7	Nucleoporin NUP159
P40478	POR2	YIL114C		Non-selective voltage-gated ion channel 2
P40479	SDP1	YIL113W		Dual-specificity protein phosphatase SDP1
P40480	HOS4	YIL112W		Protein HOS4
P40481	HPM1	YIL110W	MNI1	Histidine protein methyltransferase 1
P40482	SEC24	YIL109C	ANU1	Protein transport protein SEC24
P40483		YIL108W		Putative zinc metalloproteinase YIL108W
P40484	MOB1	YIL106W		DBF2 kinase activator protein MOB1
P40485	SLM1	YIL105C	LIT2	Phosphatidylinositol 4,5-bisphosphate-binding protein SLM1
P40486	SHQ1	YIL104C		Protein SHQ1
P40487	DPH1	YIL103W		2-
P40488		YIL102C		Uncharacterized protein YIL102C
P40489	XBP1	YIL101C		Transcriptional repressor XBP1
P40490		YIL100W		Putative uncharacterized protein YIL100W
P40491	FMC1	YIL098C		ATP synthase assembly factor FMC1, mitochondrial
P40492	FYV10	YIL097W	GID9	GID complex subunit 9
P40493	BMT5	YIL096C		25S rRNA
P40494	PRK1	YIL095W	PAK1	Actin-regulating kinase PRK1
P40495	LYS12	YIL094C	LYS10;LYS11	Homoisocitrate dehydrogenase, mitochondrial
P40496	RSM25	YIL093C		Small ribosomal subunit protein mS23
P40497		YIL092W		Uncharacterized protein YIL092W
P40498	UTP25	YIL091C		U3 small nucleolar RNA-associated protein 25
P40499	ICE2	YIL090W		Protein ICE2
P40500		YIL089W		Uncharacterized membrane protein YIL089W
P40501	AVT7	YIL088C		Vacuolar amino acid transporter 7
P40502	AIM19	YIL087C		Altered inheritance of mitochondria protein 19, mitochondrial
P40503		YIL086C		Uncharacterized protein YIL086C
P40504	KTR7	YIL085C		Probable mannosyltransferase KTR7
P40505	SDS3	YIL084C		Transcriptional regulatory protein SDS3
P40506	CAB2	YIL083C		Phosphopantothenate--cysteine ligase CAB2
P40507	AIR1	YIL079C		Protein AIR1
P40508		YIL077C		PUP1 protein homolog
P40509	SEC28	YIL076W		Coatomer subunit epsilon
P40510	SER33	YIL074C		D-3-phosphoglycerate dehydrogenase 2
P40511	SPO22	YIL073C		Sporulation-specific protein 22
P40512	PCI8	YIL071C	CSN11;YIH1	Cop9 signalosome complex subunit 11
P40513	MAM33	YIL070C		Mitochondrial acidic protein MAM33
P40514		YIL067C		Uncharacterized protein YIL067C
P40515	FIS1	YIL065C	MDV2	Mitochondrial fission 1 protein
P40516	EFM4	YIL064W	SEE1	Protein-lysine N-methyltransferase EFM4
P40517	YRB2	YIL063C		Ran-specific GTPase-activating protein 2
P40518	ARC15	YIL062C		Actin-related protein 2/3 complex subunit 5
P40519		YIL060W		Uncharacterized protein YIL060W
P40520		YIL059C		Uncharacterized protein YIL059C
P40521		YIL058W		Putative uncharacterized protein YIL058W
P40522	VHR1	YIL056W		Transcription factor VHR1
P40523		YIL055C		Uncharacterized protein YIL055C
P40524		YIL054W		Uncharacterized membrane protein YIL054W
P40525	RPL34B	YIL052C		Large ribosomal subunit protein eL34B
P40526	DFG10	YIL049W		Polyprenal reductase
P40527	NEO1	YIL048W		Phospholipid-transporting ATPase NEO1
P40528	SYG1	YIL047C		Phosphate exporter SYG1
P40529	AGE2	YIL044C		ADP-ribosylation factor GTPase-activating protein effector protein 2
P40530	PKP1	YIL042C		
P40531	GVP36	YIL041W		Protein GVP36
P40532	APQ12	YIL040W		Nuclear membrane organization protein APQ12
P40533	TED1	YIL039W		Protein TED1
P40534	PRM2	YIL037C		Pheromone-regulated membrane protein 2
P40535	CST6	YIL036W	ACA2	ATF/CREB activator 2
P40536		YIL032C		Putative uncharacterized protein YIL032C
P40537	ULP2	YIL031W	SMT4	Ubiquitin-like-specific protease 2
P40538		YIL029C		Uncharacterized protein YIL029C
P40539		YIL028W		Putative uncharacterized protein YIL028W
P40540	EMC5	YIL027C	KRE27	ER membrane protein complex subunit 5
P40541	IRR1	YIL026C	SCC3	Cohesin subunit SCC3
P40542		YIL025C		Putative uncharacterized protein YIL025C
P40543	ATG45	YIL024C		Autophagy receptor ATG45
P40544	YKE4	YIL023C		Zinc transporter YKE4
P40545	HIS6	YIL020C		1-
P40546	FAF1	YIL019W		Protein FAF1
P40547	VID28	YIL017C	GID5	GID complex subunit 5
P40548	SNL1	YIL016W		HSP70 co-chaperone SNL1
P40549	MNT3	YIL014W		Alpha-1,3-mannosyltransferase MNT3
P40550	PDR11	YIL013C		ATP-dependent permease PDR11
P40551		YIL012W		Uncharacterized protein YIL012W
P40552	TIR3	YIL011W	YIB1	Cell wall protein TIR3
P40553	DOT5	YIL010W		Peroxiredoxin DOT5
P40554	URM1	YIL008W		Ubiquitin-related modifier 1
P40555	NAS2	YIL007C		Probable 26S proteasome regulatory subunit p27
P40556	YIA6	YIL006W	NDT1	Mitochondrial nicotinamide adenine dinucleotide transporter 1
P40557	EPS1	YIL005W		ER-retained PMA1-suppressing protein 1
P40558	CFD1	YIL003W	DRE3;RIX19	Cytosolic Fe-S cluster assembly factor CFD1
P40559	INP51	YIL002C	SJL1	Phosphatidylinositol 4,5-bisphosphate 5-phosphatase INP51
P40560		YIL001W		Ankyrin repeat-containing protein YIL001W
P40561	SGN1	YIR001C	RBP29	RNA-binding protein SGN1
P40562	MPH1	YIR002C		ATP-dependent DNA helicase MPH1
P40563	AIM21	YIR003W		Altered inheritance of mitochondria protein 21
P40564	DJP1	YIR004W	ICS1;PAS22	DnaJ-like protein 1
P40565	IST3	YIR005W	SNU17	U2 snRNP component IST3
P40566	EGH1	YIR007W		Ergosteryl-beta-glucosidase
P40567	MSL1	YIR009W		U2 small nuclear ribonucleoprotein B''
P40568	DSN1	YIR010W		Kinetochore-associated protein DSN1
P40569	GAT4	YIR013C		Protein GAT4
P40570	VLD1	YIR014W		Vacuole localized DSC protein 1
P40571	RPR2	YIR015W		Ribonuclease P protein subunit RPR2
P40572		YIR016W		Uncharacterized protein YIR016W
P40573	MET28	YIR017C		Transcriptional activator of sulfur metabolism MET28
P40574	YAP5	YIR018W		AP-1-like transcription factor YAP5
P40575		YIR020C		Uncharacterized protein YIR020C
P40576	INA22	YIR024C		Inner membrane assembly complex subunit 22
P40577	MND2	YIR025W		Anaphase-promoting complex subunit MND2
P40578	MGA2	YIR033W		Protein MGA2
P40579	NRE1	YIR035C		Benzil reductase
P40580	IRC24	YIR036C		Benzil reductase
P40581	HYR1	YIR037W	GPX3;ORP1	Glutathione peroxidase-like peroxiredoxin HYR1
P40582	GTT1	YIR038C		Glutathione S-transferase 1
P40583	YPS6	YIR039C		Aspartic proteinase yapsin-6
P40584		YIR040C		Putative UPF0377 protein YIR040C
P40585	PAU15	YIR041W		Seripauperin-15
P40586		YIR042C		Uncharacterized protein YIR042C
P40587		YIR043C		Putative uncharacterized protein YIR043C
P40588		YIR044C		Putative uncharacterized protein YIR044C
P40693	RLP7	YNL002C	RPL7	Ribosome biogenesis protein RLP7
P40825	ALA1	YOR335C	CDC64	Alanine--tRNA ligase, mitochondrial
P40850	MKT1	YNL085W		Post-transcriptional regulator MKT1
P40851	AXL1	YPR122W	FUS5;STE22	A-factor-processing protease AXL1
P40856	SAP185	YJL098W		SIT4-associating protein SAP185
P40857	PHS1	YJL097W		Very-long-chain
P40858	MRPL49	YJL096W		Large ribosomal subunit protein bL21m
P40884	IMA5	YJL216C		Oligo-1,6-glucosidase IMA5
P40885	HXT9	YJL219W		Hexose transporter HXT9
P40886	HXT8	YJL214W		Hexose transporter HXT8
P40889		YJL225C		Y' element ATP-dependent helicase YJL225C
P40890	VTH2	YJL222W		VPS10 homolog 2
P40891		YJL220W		Putative uncharacterized protein YJL220W
P40892		YJL218W		Putative acetyltransferase YJL218W
P40893	REE1	YJL217W		Regulation of enolase protein 1
P40895		YJL215C		Putative uncharacterized protein YJL215C
P40896		YJL213W		Uncharacterized protein YJL213W
P40897	OPT1	YJL212C	GSH11;HGT1	Oligopeptide transporter 1
P40898		YJL211C		Putative uncharacterized protein YJL211C
P40917	CIN5	YOR028C	HAL6;SDS15;YAP4	AP-1-like transcription factor YAP4
P40955	CHS6	YJL099W	CSD3	Chitin biosynthesis protein CHS6
P40956	GTS1	YGL181W	LSR1	Protein GTS1
P40957	MAD1	YGL086W		Spindle assembly checkpoint component MAD1
P40958	MAD2	YJL030W		Mitotic spindle checkpoint component MAD2
P40959	MVP1	YMR004W		Sorting nexin MVP1
P40960	PAC11	YDR488C		WD repeat-containing protein PAC11
P40961	PHB1	YGR132C	PHB	Prohibitin-1
P40962	RTS2	YOR077W		Zinc finger protein RTS2
P40963	SAS2	YMR127C	ESO1	Histone acetyltransferase SAS2
P40965	MSH4	YFL003C		MutS protein homolog 4
P40968	CDC40	YDR364C	PRP17;SLU4;XRS2	Pre-mRNA-processing factor 17
P40969	CEP3	YMR168C	CBF3;CBF3B;CSL1	Centromere DNA-binding protein complex CBF3 subunit B
P40970	LCB2	YDR062W	SCS1;TSC1	Serine palmitoyltransferase 2
P40971	LYS14	YDR034C		Lysine biosynthesis regulatory protein LYS14
P40975	PMP2	YEL017C-A		Plasma membrane ATPase proteolipid 2
P40985	HUL4	YJR036C		Probable E3 ubiquitin-protein ligase HUL4
P40986	CDC1	YDR182W	DSR1;ESP2	Cell division control protein 1
P40987	CIN1	YOR349W		Chromosome instability protein 1
P40988	FET4	YMR319C		Low-affinity Fe
P40989	GSC2	YGR032W	FKS2;GLS2	1,3-beta-glucan synthase component GSC2
P40990	MSS2	YDL107W		Protein MSS2, mitochondrial
P40991	NOP2	YNL061W	YNA1	25S rRNA
P40992	RRN7	YJL025W		RNA polymerase I-specific transcription initiation factor RRN7
P40993	SNM1	YDR478W		Ribonuclease MRP protein subunit SNM1
P40994	ARF3	YOR094W		ADP-ribosylation factor 3
P41056	RPL33B	YOR234C	RPL37B	Large ribosomal subunit protein eL33B
P41057	RPS29A	YLR388W	RPS36A;YS29A	Small ribosomal subunit protein uS14A
P41058	RPS29B	YDL061C	RPS36B;YS29B	Small ribosomal subunit protein uS14B
P41277	GPP1	YIL053W	RHR2	Glycerol-1-phosphate phosphohydrolase 1
P41318	LST8	YNL006W		Target of rapamycin complex subunit LST8
P41338	ERG10	YPL028W		Acetyl-CoA acetyltransferase
P41543	OST1	YJL002C	NLT1	Dolichyl-diphosphooligosaccharide--protein glycosyltransferase subunit 1
P41544	SYS1	YJL004C		Protein SYS1
P41546	HAC1	YFL031W	ERN4;IRE15;IRE2	Transcriptional activator HAC1
P41695	BUB1	YGR188C		Spindle assembly checkpoint serine/threonine-protein kinase BUB1
P41696	AZF1	YOR113W		Transcription factor AZF1
P41697	BUD6	YLR319C	AIP3	Bud site selection protein 6
P41698	BUD8	YLR353W		Bud site selection protein 8
P41733	GAB1	YLR459W	CDC91	GPI transamidase component GAB1
P41734	IAH1	YOR126C	EST2	Isoamyl acetate-hydrolyzing esterase
P41735	CAT5	YOR125C	COQ7	5-demethoxyubiquinone hydroxylase, mitochondrial
P41800	MMM1	YLL006W	YME6	Maintenance of mitochondrial morphology protein 1
P41805	RPL10	YLR075W	GRC5;QSR1	Large ribosomal subunit protein uL16
P41806	VMA21	YGR105W		Vacuolar ATPase assembly integral membrane protein VMA21
P41807	VMA13	YPR036W	CLS11	V-type proton ATPase subunit H
P41808	SMK1	YPR054W		Sporulation-specific mitogen-activated protein kinase SMK1
P41809	HKR1	YDR420W		Signaling mucin HKR1
P41810	SEC26	YDR238C		Coatomer subunit beta
P41811	SEC27	YGL137W		Coatomer subunit beta'
P41812	POP1	YNL221C		Ribonucleases P/MRP protein subunit POP1
P41813	FKH2	YNL068C		Fork head protein homolog 2
P41814	GCD10	YNL062C	TIF33;TRM6	tRNA
P41815	BAP3	YDR046C	PAP1	Valine amino-acid permease
P41816	OYE3	YPL171C		NADPH dehydrogenase 3
P41817	CUP9	YPL177C		Homeobox protein CUP9
P41818	GLC8	YMR311C		Protein GLC8
P41819	DIM1	YPL266W		Dimethyladenosine transferase
P41821	MID1	YNL291C		Stretch-activated cation channel MID1
P41832	BNI1	YNL271C	PPF3;SHE5	Protein BNI1
P41833	IME4	YGL192W	SPO8	N
P41834	UFE1	YOR075W		Syntaxin UFE1
P41835	THI6	YPL214C		Thiamine biosynthetic bifunctional enzyme
P41895	TFG1	YGR186W	SSU71	Transcription initiation factor IIF subunit alpha
P41896	TFG2	YGR005C		Transcription initiation factor IIF subunit beta
P41901	SPR3	YGR059W		Sporulation-regulated protein 3
P41902	CRS5	YOR031W		Metallothionein-like protein CRS5
P41903	TES1	YJR019C	PTE1	Peroxisomal acyl-coenzyme A thioester hydrolase 1
P41909	PXA1	YPL147W	PAL1;PAT2;SSH2	Peroxisomal long-chain fatty acid import protein 2
P41910	MAF1	YDR005C		Repressor of RNA polymerase III transcription MAF1
P41911	GPD2	YOL059W	GPD3	Glycerol-3-phosphate dehydrogenase
P41912	SHR5	YOL110W	ERF4	Ras modification protein ERF4
P41913	GDS1	YOR355W		Protein GDS1
P41920	YRB1	YDR002W	CST20;HTN1;SFO1	Ran-specific GTPase-activating protein 1
P41921	GLR1	YPL091W		Glutathione reductase
P41930	SSU1	YPL092W		Sulfite efflux pump SSU1
P41939	IDP2	YLR174W		Isocitrate dehydrogenase
P41940	PSA1	YDL055C	MPG1;SRB1;VIG9	Mannose-1-phosphate guanyltransferase
P41948	MEP2	YNL142W	AMT2	Ammonium transporter MEP2
P42073	REF2	YDR195W		RNA end formation protein 2
P42222	ERR3	YMR323W		Enolase-related protein 3
P42223	SBE2	YDR351W		Protein SBE2
P42826	XKS1	YGR194C		Xylulose kinase
P42833	HXT14	YNL318C	HXT9	Hexose transporter HXT14
P42834	MDJ2	YNL328C		Mitochondrial DnaJ homolog 2
P42835	EGT2	YNL327W		Protein EGT2
P42836	PFA3	YNL326C		Palmitoyltransferase PFA3
P42837	FIG4	YNL325C		Polyphosphoinositide phosphatase
P42838	LEM3	YNL323W	BRE3;ROS3	Phospholipid-transporting ATPase accessory subunit LEM3
P42839	VNX1	YNL321W		Low affinity vacuolar monovalent cation/H
P42840		YNL320W		Uncharacterized membrane protein YNL320W
P42841	PFS2	YNL317W		Polyadenylation factor subunit 2
P42842	EMW1	YNL313C		Essential for maintenance of the cell wall protein 1
P42843	SKP2	YNL311C		F-box protein SKP2
P42844	ZIM17	YNL310C	FMP28;HEP1;TIM15	Mitochondrial protein import protein ZIM17
P42845	STB1	YNL309W		Protein STB1
P42846	KRI1	YNL308C		Protein KRI1
P42847	MRPS18	YNL306W		Small ribosomal subunit protein uS11m
P42883	THI12	YNL332W		4-amino-5-hydroxymethyl-2-methylpyrimidine phosphate synthase THI12
P42884	AAD14	YNL331C		Putative aryl-alcohol dehydrogenase AAD14
P42900	SLS1	YLR139C		Sigma-like sequence protein 1, mitochondrial
P42933	SPG5	YMR191W		Stationary phase protein 5
P42934	PMT6	YGR199W		Dolichyl-phosphate-mannose--protein mannosyltransferase 6
P42935	ELP2	YGR200C	TOT2	Elongator complex protein 2
P42936		YGR201C		Putative elongation factor 1 gamma homolog
P42937	YCH1	YGR203W		CDC25-like phosphatase YCH1
P42938	TDA10	YGR205W		Probable ATP-dependent kinase TDA10
P42939	MVB12	YGR206W		Multivesicular body sorting factor 12
P42940	CIR1	YGR207C		Electron transfer flavoprotein subunit beta
P42941	SER2	YGR208W		Phosphoserine phosphatase
P42942		YGR210C		Uncharacterized GTP-binding protein YGR210C
P42943	CCT7	YJL111W		T-complex protein 1 subunit eta
P42944	GZF3	YJL110C		Protein GZF3
P42945	UTP10	YJL109C		U3 small nucleolar RNA-associated protein 10
P42946	PRM10	YJL108C		Pheromone-regulated membrane protein 10
P42947		YJL107C		Uncharacterized protein YJL107C
P42948	SET4	YJL105W		Histone reader SET4
P42949	PAM16	YJL104W	TIM16	Mitochondrial import inner membrane translocase subunit TIM16
P42950	GSM1	YJL103C		Glucose starvation modulator protein 1
P42951	LSB6	YJL100W		Phosphatidylinositol 4-kinase LSB6
P43122	QRI7	YDL104C		tRNA N6-adenosine threonylcarbamoyltransferase, mitochondrial
P43123	QRI1	YDL103C	UAP1	UDP-N-acetylglucosamine pyrophosphorylase
P43124	NSE4	YDL105W	QRI2	Non-structural maintenance of chromosome element 4
P43132	BRE2	YLR015W	CPS60	COMPASS component BRE2
P43321	SMD3	YLR147C		Small nuclear ribonucleoprotein Sm D3
P43497	CWP2	YKL096W-A	LPR1	Cell wall protein CWP2
P43534	THI5	YFL058W	MOL2	4-amino-5-hydroxymethyl-2-methylpyrimidine phosphate synthase THI5
P43535	GCN20	YFR009W		Protein GCN20
P43537		YFL067W		Uncharacterized membrane protein YFL067W
P43538		YFL066C		Y' element ATP-dependent helicase YFL066C
P43539		YFL065C		Uncharacterized protein YFL065C
P43540		YFL064C		Uncharacterized protein YFL064C
P43541		YFL063W		Putative UPF0320 protein YFL063W
P43542	COS4	YFL062W		Protein COS4
P43544	SNO3	YFL060C		Probable pyridoxal 5'-phosphate synthase subunit SNO3
P43545	SNZ3	YFL059W		Probable pyridoxal 5'-phosphate synthase subunit SNZ3
P43546		YFL057C		Putative aryl-alcohol dehydrogenase YFL057C
P43547	AAD6	YFL056C		Putative aryl-alcohol dehydrogenase AAD6
P43548	AGP3	YFL055W		General amino acid permease AGP3
P43549	AQY3	YFL054C		Aquaglycerol porin AQY3
P43550	DAK2	YFL053W		Dihydroxyacetone kinase 2
P43551	ZNF1	YFL052W		Respiratory transcription factor ZNF1
P43552		YFL051C		Uncharacterized membrane protein YFL051C
P43553	ALR2	YFL050C		Magnesium transporter ALR2
P43554	SWP82	YFL049W		SWI/SNF global transcription activator complex subunit SWP82
P43555	EMP47	YFL048C		Protein EMP47
P43556	RGD2	YFL047W		Rho-GTPase-activating protein RGD2
P43557	FMP32	YFL046W		Protein FMP32, mitochondrial
P43558	OTU1	YFL044C		Ubiquitin thioesterase OTU1
P43560	LAM5	YFL042C	LTC2	Membrane-anchored lipid-binding protein LAM5
P43561	FET5	YFL041W		Iron transport multicopper oxidase FET5
P43562		YFL040W		Probable metabolite transport protein YFL040W
P43563	MOB2	YFL034C-B		CBK1 kinase activator protein MOB2
P43564	MIL1	YFL034W		Probable lipase MIL1
P43565	RIM15	YFL033C	TAK1	Serine/threonine-protein kinase RIM15
P43566		YFL032W		Putative uncharacterized protein YFL032W
P43567	AGX1	YFL030W		Alanine--glyoxylate aminotransferase 1
P43568	CAK1	YFL029C	CIV1	Serine/threonine-protein kinase CAK1
P43569	CAF16	YFL028C		CCR4-associated factor 16
P43570	GYP8	YFL027C		GTPase-activating protein GYP8
P43571	BST1	YFL025C		GPI inositol-deacylase
P43572	EPL1	YFL024C		Enhancer of polycomb-like protein 1
P43573	BUD27	YFL023W	URI	Bud site selection protein 27
P43574	GAT1	YFL021W		Transcriptional regulatory protein GAT1
P43575	PAU5	YFL020C		Seripauperin-5
P43576		YFL019C		Uncharacterized protein YFL019C
P43577	GNA1	YFL017C	PAT1	Glucosamine 6-phosphate N-acetyltransferase
P43578		YFL015C		Uncharacterized protein YFL015C
P43579	IES1	YFL013C		Ino eighty subunit 1
P43580		YFL012W		Uncharacterized protein YFL012W
P43581	HXT10	YFL011W		Hexose transporter HXT10
P43582	WWM1	YFL010C		WW domain-containing protein WWM1
P43583	BLM10	YFL007W	BLM3	Proteasome activator BLM10
P43585	VTC2	YFL004W	PHM1	Vacuolar transporter chaperone complex subunit 2
P43586	LOC1	YFR001W		60S ribosomal subunit assembly/export protein LOC1
P43587	YPI1	YFR003C		Type 1 phosphatases regulator YPI1
P43588	RPN11	YFR004W	MPR1	Ubiquitin C-terminal hydrolase RPN11
P43589	SAD1	YFR005C		Pre-mRNA-splicing factor SAD1
P43590		YFR006W		Uncharacterized peptidase YFR006W
P43591	YFH7	YFR007W	AIM12	ATP-dependent kinase YFH7
P43592	FAR7	YFR008W		Factor arrest protein 7
P43593	UBP6	YFR010W		Ubiquitin carboxyl-terminal hydrolase 6
P43594	MIC19	YFR011C	AIM13;MCS19	MICOS complex subunit MIC19
P43595	DCV1	YFR012W		Protein DCV1
P43596	IOC3	YFR013W		ISWI one complex protein 3
P43597	AIP5	YFR016C		Actin-interacting protein 5
P43598	IGD1	YFR017C		Inhibitor of glycogen debranching 1
P43599		YFR018C		Uncharacterized protein YFR018C
P43600	CSS2	YFR020W		Secreted protein CSS2
P43601	ATG18	YFR021W	AUT10;CVT18;NMR1;SVP1	Autophagy-related protein 18
P43602	ROG3	YFR022W		Protein ROG3
P43603	LSB3	YFR024C-A		LAS seventeen-binding protein 3
P43604	ULI1	YFR026C		Unfolded protein response-inducible protein 1
P43605	ECO1	YFR027W	CTF7	N-acetyltransferase ECO1
P43606	PTR3	YFR029W	APF3;SSY3	SPS-sensor component PTR3
P43607	RRT5	YFR032C		Regulator of rDNA transcription protein 5
P43608		YFR035C		Uncharacterized protein YFR035C
P43609	RSC8	YFR037C	SWH3	Chromatin structure-remodeling complex protein RSC8
P43610	IRC5	YFR038W		Uncharacterized ATP-dependent helicase IRC5
P43611	OSW7	YFR039C		Outer spore wall protein 7
P43612	SAP155	YFR040W		SIT4-associating protein SAP155
P43613	ERJ5	YFR041C		ER-localized J domain-containing protein 5
P43614	KEG1	YFR042W		Beta-1,6-glucan synthesis-associated protein KEG1
P43615	IRC6	YFR043C		Increased recombination centers protein 6
P43616	DUG1	YFR044C		Cys-Gly metallodipeptidase DUG1
P43617		YFR045W		Uncharacterized mitochondrial carrier YFR045W
P43618	CNN1	YFR046C		Inner kinetochore subunit CNN1
P43619	BNA6	YFR047C	QPT1	Nicotinate-nucleotide pyrophosphorylase
P43620	RMD8	YFR048W		Sporulation protein RMD8
P43621	RET2	YFR051C		Coatomer subunit delta
P43622		YFR054C		Uncharacterized protein YFR054C
P43623	IRC7	YFR055W		Putative cystathionine beta-lyase
P43624		YFR056C		Putative uncharacterized protein YFR056C
P43625		YFR057W		Uncharacterized protein YFR057W
P43633	ALK1	YGL021W		Serine/threonine-protein kinase Haspin homolog ALK1
P43634	CHA4	YLR098C	SIL2;SIL3	Activatory protein CHA4
P43635	CIT3	YPR001W		Citrate synthase 3, mitochondrial
P43636	ALG2	YGL065C		Alpha-1,3/1,6-mannosyltransferase ALG2
P43637	TOS3	YGL179C		Serine/threonine-protein kinase TOS3
P43638	MHP1	YJL042W		MAP-homologous protein 1
P43639	CKB1	YGL019W		Casein kinase II subunit beta
P43682	SFT1	YKL006C-A		Protein transport protein SFT1
P45818	ROK1	YGL171W		ATP-dependent RNA helicase ROK1
P45819	SPO74	YGL170C		Sporulation-specific protein 74
P45820	HUR1	YGL168W		Putative uncharacterized protein HUR1
P45976	FIP1	YJR093C		Pre-mRNA polyadenylation factor FIP1
P45978	SCD6	YPR129W		Protein SCD6
P46151	MET12	YPL023C		Methylenetetrahydrofolate reductase 1
P46367	ALD4	YOR374W	ALD7;ALDH2	Potassium-activated aldehyde dehydrogenase, mitochondrial
P46654	RPS0B	YLR048W	NAB1B;NAB4;YST2	Small ribosomal subunit protein uS2B
P46655	GUS1	YGL245W		Glutamate--tRNA ligase, cytoplasmic
P46669	RPA43	YOR340C	RRN12	DNA-directed RNA polymerase I subunit RPA43
P46670	CIN2	YPL241C		Tubulin-specific chaperone C
P46671	FAR3	YMR052W		Factor arrest protein 3
P46672	ARC1	YGL105W	G4P1	tRNA-aminoacylation cofactor ARC1
P46673	NUP85	YJR042W	RAT9	Nucleoporin NUP85
P46674	SAC3	YDR159W	LEP1	Nuclear mRNA export protein SAC3
P46675	STU2	YLR045C		Protein STU2
P46676	SUM1	YDR310C		Suppressor of mar1-1 protein
P46677	TAF1	YGR274C	TAF130;TAF145	Transcription initiation factor TFIID subunit 1
P46678	BDP1	YNL039W	TFC5	Transcription factor TFIIIB component B''
P46679	STB2	YMR053C		Protein STB2
P46680	AIP1	YMR092C		Actin-interacting protein 1
P46681	DLD2	YDL178W	AIP2	D-2-hydroxyglutarate--pyruvate transhydrogenase DLD2
P46682	APL6	YGR261C	YKS5	AP-3 complex subunit beta
P46683	YAR1	YPL239W		Ankyrin repeat-containing protein YAR1
P46784	RPS10B	YMR230W		Small ribosomal subunit protein eS10B
P46943	GUF1	YLR289W		Translation factor GUF1, mitochondrial
P46944	TRS85	YDR108W	GSG1;MUM1	Trafficking protein particle complex III-specific subunit 85
P46945		YGL176C		Uncharacterized protein YGL176C
P46946	SAE2	YGL175C	COM1	DNA endonuclease SAE2
P46947	BUD13	YGL174W	CWC26;SLC7	Pre-mRNA-splicing factor CWC26
P46948	SKI6	YGR195W	ECM20;RRP41	Exosome complex component SKI6
P46949	FYV8	YGR196C		Protein FYV8
P46950	SNG1	YGR197C		Nitrosoguanidine resistance protein SNG1
P46951	YPP1	YGR198W		Cargo-transport protein YPP1
P46954	SIP4	YJL089W		Protein SIP4
P46955	NCA3	YJL116C		Beta-glucosidase-like protein NCA3, mitochondrial
P46956	PHO86	YJL117W		Inorganic phosphate transporter PHO86
P46957	POL31	YJR006W	HUS2;HYS2;SDP5	DNA polymerase delta small subunit
P46958	IDS2	YJL146W		IME2-dependent-signaling protein
P46959	GCD14	YJL125C	TRM61	tRNA
P46961	GPI2	YPL076W	GCR4	Phosphatidylinositol N-acetylglucosaminyltransferase GPI2 subunit
P46962	CTK2	YJL006C		CTD kinase subunit beta
P46963	CTK3	YML112W		CTD kinase subunit gamma
P46964	OST2	YOR103C		Dolichyl-diphosphooligosaccharide--protein glycosyltransferase subunit OST2
P46965	SPC1	YJR010C-A		Signal peptidase complex subunit 1
P46969	RPE1	YJL121C	EPI1;POS18	Ribulose-phosphate 3-epimerase
P46970	NMD5	YJR132W	KAP119	Nonsense-mediated mRNA decay protein 5
P46971	PMT4	YJR143C		Dolichyl-phosphate-mannose--protein mannosyltransferase 4
P46972	IMP2	YMR035W		Mitochondrial inner membrane protease subunit 2
P46973	HIT1	YJR055W		Protein HIT1
P46974	RSF2	YJR127C	ZMS1	Respiration factor 2
P46982	MNN5	YJL186W		Alpha-1,2-mannosyltransferase MNN5
P46983	ATG36	YJL185C		Autophagy-related protein 36
P46984	GON7	YJL184W	LDB6;PCC2	EKC/KEOPS complex subunit GON7
P46985	MNN11	YJL183W		Probable alpha-1,6-mannosyltransferase MNN11
P46986		YJL182C		Putative uncharacterized protein YJL182C
P46987		YJL181W		UPF0508 protein YJL181W
P46988	PFD1	YJL179W	GIM6	Prefoldin subunit 1
P46989	ATG27	YJL178C	ETF1	Autophagy-related protein 27
P46990	RPL17B	YJL177W	RPL20B	Large ribosomal subunit protein uL22B
P46991		YJL175W		Putative uncharacterized membrane protein YJL175W
P46992	TOH1	YJL171C		Probable circularly permuted 1,3-beta-glucanase YJL171C
P46993	ASG7	YJL170C		Protein ASG7
P46994		YJL169W		Putative uncharacterized protein YJL169W
P46995	SET2	YJL168C	EZL1;KMT3	Histone-lysine N-methyltransferase, H3 lysine-36 specific
P46996		YJL163C		Uncharacterized membrane protein YJL163C
P46997	JJJ2	YJL162C		J protein JJJ2
P46998	FMP33	YJL161W		Mitochondrial membrane protein FMP33
P46999	PIR5	YJL160C		Cell wall protein PIR5
P47001	CIS3	YJL158C	CCW11;CCW5;PIR4;SCW8	Cell wall mannoprotein CIS3
P47002	SSY5	YJL156C	APF8	SPS-sensor serine protease component SSY5
P47003		YJL152W		Putative uncharacterized protein YJL152W
P47004		YJL150W		Putative uncharacterized protein YJL150W
P47005	DAS1	YJL149W		F-box protein DAS1
P47006	RPA34	YJL148W		DNA-directed RNA polymerase I subunit RPA34
P47007	MRX5	YJL147C		MIOREX complex component 5
P47008	SFH5	YJL145W		Phosphatidylinositol transfer protein SFH5
P47009		YJL144W		Uncharacterized protein YJL144W
P47010	IRC9	YJL142C		Uncharacterized protein IRC9
P47011	GLG2	YJL137C		Glycogenin-2
P47012		YJL135W		Putative uncharacterized protein YJL135W
P47013	LCB3	YJL134W	LBP1;YSR2	Dihydrosphingosine 1-phosphate phosphatase LCB3
P47014		YJL132W		Uncharacterized protein YJL132W
P47015	AIM23	YJL131C		Translation initiation factor IF-3, mitochondrial
P47016	NIT2	YJL126W		Deaminated glutathione amidase
P47017	LSM1	YJL124C	SPB8	LSM1-LSM7 complex subunit LSM1
P47018	MTC1	YJL123C		Maintenance of telomere capping protein 1
P47019	ALB1	YJL122W		Ribosome biogenesis protein ALB1
P47020		YJL120W		Putative uncharacterized protein YJL120W
P47021		YJL119C		Putative uncharacterized protein YJL119C
P47022		YJL118W		Uncharacterized protein YJL118W
P47023	TY4A-J	YJL114W	YJLWTy4-1;GAG	Transposon Ty4-J Gag polyprotein
P47024	TY4B-J	YJL113W	YJLWTy4-1;POL	Transposon Ty4-J Gag-Pol polyprotein
P47025	MDV1	YJL112W	FIS2;GAG3;NET2	Mitochondrial division protein 1
P47026	GWT1	YJL091C		GPI-anchored wall transfer protein 1
P47027	DPB11	YJL090C		DNA replication regulator DPB11
P47028		YJL086C		Putative uncharacterized protein YJL086C
P47029	ALY2	YJL084C	ART3	Arrestin-related trafficking adapter 3
P47030	TAX4	YJL083W		Protein TAX4
P47031	IML2	YJL082W		Inclusion body clearance protein IML2
P47032	PRY1	YJL079C		Protein PRY1
P47033	PRY3	YJL078C		Cell wall protein PRY3
P47034	ICS3	YJL077C		Increased copper sensitivity protein 3
P47035	NET1	YJL076W	CFI1;ESC5;SRM8	Nucleolar protein NET1
P47036	APQ13	YJL075C		Uncharacterized protein APQ13
P47037	SMC3	YJL074C		Structural maintenance of chromosomes protein 3
P47038		YJL064W		Putative uncharacterized protein YJL064W
P47039	BNA3	YJL060W		Probable kynurenine--oxoglutarate transaminase BNA3
P47040	YHC3	YJL059W	BTN1	Protein BTN1
P47041	BIT61	YJL058C		Target of rapamycin complex 2 subunit BIT61
P47042	IKS1	YJL057C		Probable serine/threonine-protein kinase IKS1
P47043	ZAP1	YJL056C		Zinc-responsive transcriptional regulator ZAP1
P47044		YJL055W		LOG family protein YJL055W
P47045	TIM54	YJL054W		Mitochondrial import inner membrane translocase subunit TIM54
P47046	IRC8	YJL051W		Uncharacterized protein IRC8
P47047	MTR4	YJL050W	DOB1	ATP-dependent RNA helicase DOB1
P47048		YJL049W		Uncharacterized protein YJL049W
P47049	UBX6	YJL048C		UBX domain-containing protein 6
P47050	RTT101	YJL047C	CUL8	Cullin-8
P47051	AIM22	YJL046W		Putative lipoate-protein ligase A
P47052		YJL045W		Succinate dehydrogenase
P47053		YJL043W		Uncharacterized protein YJL043W
P47054	NUP192	YJL039C		Nucleoporin NUP192
P47055	LOH1	YJL038C	OSW4	Outer spore wall protein 4
P47056	IRC18	YJL037W	OSW6	Outer spore wall protein 6
P47057	SNX4	YJL036W	ATG24;CVT13	Sorting nexin-4
P47058	TAD2	YJL035C		tRNA-specific adenosine-34 deaminase catalytic subunit TAD2
P47059		YJL032W		Putative uncharacterized protein YJL032W
P47061	VPS53	YJL029C		Vacuolar protein sorting-associated protein 53
P47062		YJL028W		Uncharacterized protein YJL028W
P47063		YJL027C		Uncharacterized protein YJL027C
P47064	APS3	YJL024C	YKS7	AP-3 complex subunit sigma
P47065	PET130	YJL023C		Protein PET130
P47066		YJL022W		Putative uncharacterized protein YJL009W
P47068	BBC1	YJL020C	MTI1	Myosin tail region-interacting protein MTI1
P47069	MPS3	YJL019W	NEP98	Spindle pole body assembly component MPS3
P47072		YJL016W		Uncharacterized protein YJL016W
P47073		YJL015C		Putative uncharacterized protein YJL015C
P47074	MAD3	YJL013C		Spindle assembly checkpoint component MAD3
P47075	VTC4	YJL012C	PHM3	Vacuolar transporter chaperone complex subunit 4
P47076	RPC17	YJL011C		DNA-directed RNA polymerase III subunit RPC9
P47077	NOP9	YJL010C		Nucleolar protein 9
P47078		YJL009W		Uncharacterized protein YJL009W
P47079	CCT8	YJL008C		T-complex protein 1 subunit theta
P47080		YJL007C		Uncharacterized protein YJL007C
P47081	COX16	YJL003W		Cytochrome c oxidase assembly protein COX16, mitochondrial
P47082	AVT1	YJR001W		Vacuolar amino acid transporter 1
P47083	MPP10	YJR002W		U3 small nucleolar RNA-associated protein MPP10
P47084	MRX12	YJR003C		MIOREX complex component 12
P47085	MHO1	YJR008W		MEMO1 family protein MHO1
P47086		YJR011C		Uncharacterized protein YJR011C
P47087	PEX39	YJR012C		Peroxisomal biogenesis factor 39
P47088	GPI14	YJR013W	PMH1	GPI mannosyltransferase 1
P47089	TMA22	YJR014W	RBF22	Translation machinery-associated protein 22
P47090		YJR015W		Uncharacterized endoplasmic reticulum membrane protein YJR015W
P47091		YJR018W		Putative uncharacterized protein YJR018W
P47092		YJR020W		Putative uncharacterized protein YJR020W
P47093	LSM8	YJR022W		LSM2-LSM8 complex subunit LSM8
P47094		YJR023C		Putative uncharacterized protein YJR023C
P47095	MDE1	YJR024C		Methylthioribulose-1-phosphate dehydratase
P47096	BNA1	YJR025C	HAD1	3-hydroxyanthranilate 3,4-dioxygenase
P47098	TY1B-JR1	YJR027W	YJRWTy1-1;POL	Transposon Ty1-JR1 Gag-Pol polyprotein
P47099	TY1A-JR2	YJR028W	YJRWTy1-2;GAG	Transposon Ty1-JR2 Gag polyprotein
P47100	TY1B-JR2	YJR029W	YJRWTy1-2;POL	Transposon Ty1-JR2 Gag-Pol polyprotein
P47101		YJR030C		UPF0508 protein YJR030C
P47102	GEA1	YJR031C		ARF guanine-nucleotide exchange factor 1
P47103	CPR7	YJR032W		Peptidyl-prolyl cis-trans isomerase CYP7
P47104	RAV1	YJR033C	SOI3	Regulator of V-ATPase in vacuolar membrane protein 1
P47105		YJR037W		Putative uncharacterized protein YJR037W
P47106		YJR038C		Putative uncharacterized protein YJR038C
P47107		YJR039W		Uncharacterized protein YJR039W
P47108	URB2	YJR041C	NPA2	Nucleolar pre-ribosomal-associated protein 2
P47110	POL32	YJR043C		DNA polymerase delta subunit 3
P47111	VPS55	YJR044C		Vacuolar protein sorting-associated protein 55
P47112	TAH11	YJR046W	CDT1;SID2	Cell division cycle protein CDT1
P47113	BFA1	YJR053W		Mitotic check point protein BFA1
P47114	KCH1	YJR054W		Low affinity K
P47115		YJR056C		Uncharacterized protein YJR056C
P47116	PTK2	YJR059W	STK2	Serine/threonine-protein kinase PTK2/STK2
P47117	ARP3	YJR065C	ACT4	Actin-related protein 3
P47118	YAE1	YJR067C		Protein YAE1
P47119	HAM1	YJR069C		Inosine triphosphate pyrophosphatase
P47120	LIA1	YJR070C	MMD1	Deoxyhypusine hydroxylase
P47121		YJR071W		Putative uncharacterized protein YJR071W
P47122	NPA3	YJR072C	EPA1;GPN1	GPN-loop GTPase 1
P47123	MOG1	YJR074W		Nuclear import protein MOG1
P47124	HOC1	YJR075W		Putative glycosyltransferase HOC1
P47125	BNA2	YJR078W		Indoleamine 2,3-dioxygenase
P47126		YJR079W		Uncharacterized protein YJR079W
P47127	AIM24	YJR080C	FMP26	Altered inheritance of mitochondria protein 24, mitochondrial
P47128	EAF6	YJR082C		Chromatin modification-related protein EAF6
P47129	ACF4	YJR083C		Assembly-complementing factor 4
P47130	CSN12	YJR084W		Cop9 signalosome complex subunit 12
P47131		YJR085C		TMEM14 protein homolog YJR085C
P47132		YJR087W		Putative uncharacterized protein YJR087W
P47133	EMC2	YJR088C		ER membrane protein complex subunit 2
P47134	BIR1	YJR089W		Chromosomal passenger complex protein BIR1
P47135	JSN1	YJR091C	PUF1	Protein JSN1
P47136	BUD4	YJR092W		Bud site selection protein 4
P47137		YJR096W		Uncharacterized oxidoreductase YJR096W
P47138	JJJ3	YJR097W	DPH4	Diphthamide biosynthesis protein 4
P47139		YJR098C		Uncharacterized protein YJR098C
P47140	AIM25	YJR100C		Altered inheritance rate of mitochondria protein 25
P47141	RSM26	YJR101W		Small ribosomal subunit protein mS42
P47142	VPS25	YJR102C	VPT25	Vacuolar protein-sorting-associated protein 25
P47143	ADO1	YJR105W		Adenosine kinase
P47144	ECM27	YJR106W		Protein ECM27
P47145	LIH1	YJR107W		Putative lipase LIH1
P47146	ABM1	YJR108W		Aberrant microtubules protein 1
P47147	YMR1	YJR110W		Phosphoinositide 3-phosphatase
P47148	PXP2	YJR111C		Peroxisomal protein 2
P47149	NNF1	YJR112W		Kinetochore-associated protein NNF1
P47150	RSM7	YJR113C		Small ribosomal subunit protein uS7m
P47151		YJR114W		Putative uncharacterized protein YJR114W
P47152		YJR115W		Uncharacterized protein YJR115W
P47153	TDA4	YJR116W		Topoisomerase I damage affected protein 4
P47154	STE24	YJR117W	AFC1	CAAX prenyl protease 1
P47155	ILM1	YJR118C		Protein ILM1
P47156	JHD2	YJR119C		Histone demethylase JHD2
P47157		YJR120W		Putative uncharacterized protein YJR120W
P47158	IBA57	YJR122W	CAF17	Iron-sulfur cluster assembly factor IBA57, mitochondrial
P47159		YJR124C		Uncharacterized membrane protein YJR124C
P47160	ENT3	YJR125C		Epsin-3
P47161	VPS70	YJR126C		Vacuolar protein sorting-associated protein 70
P47162		YJR128W		Uncharacterized protein YJR128W
P47163	EFM3	YJR129C		Protein-lysine N-methyltransferase EFM3
P47164	STR2	YJR130C		Cystathionine gamma-synthase
P47165	XPT1	YJR133W		Xanthine phosphoribosyltransferase 1
P47166	SGM1	YJR134C		Protein SGM1
P47167	MCM22	YJR135C		Inner kinetochore subunit MCM22
P47168	TTI2	YJR136C		TEL2-interacting protein 2
P47169	MET5	YJR137C	ECM17	Sulfite reductase
P47170	IML1	YJR138W	SEA1	Vacuolar membrane-associated protein IML1
P47171	HIR3	YJR140C	HPC1	Histone transcription regulator 3
P47172		YJR141W		Uncharacterized protein YJR141W
P47173		YJR142W		Uncharacterized protein YJR142W
P47174		YJR146W		Uncharacterized protein YJR146W
P47175	HMS2	YJR147W		Probable transcription factor HMS2
P47176	BAT2	YJR148W	ECA40;TWT2	Branched-chain-amino-acid aminotransferase, cytosolic
P47177		YJR149W		Putative nitronate monooxygenase
P47178	DAN1	YJR150C	CCW13	Cell wall protein DAN1
P47179	DAN4	YJR151C		Cell wall protein DAN4
P47180	PGU1	YJR153W	PGL1;PSM1	Polygalacturonase
P47181		YJR154W		Uncharacterized protein YJR154W
P47182	AAD10	YJR155W		Putative aryl-alcohol dehydrogenase AAD10
P47183	THI11	YJR156C		4-amino-5-hydroxymethyl-2-methylpyrimidine phosphate synthase THI11
P47184		YJR157W		Putative uncharacterized protein YJR157W
P47185	HXT16	YJR158W		Hexose transporter HXT16
P47187	COS5	YJR161C		Protein COS5
P47188		YJR162C		Putative UPF0320 protein YJR162C
P47190	PMT3	YOR321W		Dolichyl-phosphate-mannose--protein mannosyltransferase 3
P47771	ALD2	YMR170C	ALD5	Aldehyde dehydrogenase
P47818	CCC1	YLR220W		Protein CCC1
P47821	SSN8	YNL025C	GIG3;NUT9;SRB11;UME3	RNA polymerase II holoenzyme cyclin-like subunit
P47822	SRB7	YDR308C	MED21	Mediator of RNA polymerase II transcription subunit 21
P47912	FAA4	YMR246W		Long-chain-fatty-acid--CoA ligase 4
P47976	CTH1	YDR151C		mRNA decay factor CTH1
P47977	TIS11	YLR136C	CTH2	mRNA decay factor CTH2
P47988	TEA1	YOR337W		TY1 enhancer activator
P48015	GCV1	YDR019C		Aminomethyltransferase, mitochondrial
P48016	ATH1	YPR026W		Periplasmic acid trehalase ATH1
P48164	RPS7B	YNL096C		Small ribosomal subunit protein eS7B
P48231	TCB2	YNL087W		Tricalbin-2
P48232	SNN1	YNL086W		Biogenesis of lysosome-related organelles complex 1 subunit SNN1
P48234	ENP2	YGR145W		Ribosome biogenesis protein ENP2
P48235	ECL1	YGR146C		Extender of the chronological lifespan protein 1
P48236	GPC1	YGR149W		Glycerophosphocholine acyltransferase 1
P48237	CCM1	YGR150C	DMR1;RRG2	Mitochondrial 15S rRNA processing factor CCM1
P48238		YGR153W		Uncharacterized protein YGR153W
P48239	GTO1	YGR154C		Glutathione S-transferase omega-like 1
P48240	MTR3	YGR158C		Exosome complex component MTR3
P48353	HLJ1	YMR161W		Protein HLJ1
P48360	ARH1	YDR376W		Probable NADPH:adrenodoxin oxidoreductase, mitochondrial
P48361	ASK10	YGR097W	RGC2	Activator of SKN7 protein 10
P48362	HGH1	YGR187C		Co-chaperone protein HGH1
P48363	PAC10	YGR078C	GIM2;PFD3	Prefoldin subunit 3
P48365	GYP7	YDL234C		GTPase-activating protein GYP7
P48412	UPF3	YGR072W	SUA6	Nonsense-mediated mRNA decay protein 3
P48415	SEC16	YPL085W		COPII coat assembly protein SEC16
P48439	OST3	YOR085W		Dolichyl-diphosphooligosaccharide--protein glycosyltransferase subunit 3
P48445	BPL1	YDL141W	ACC2	Biotin--protein ligase
P48510	DSK2	YMR276W	SHE4	Ubiquitin domain-containing protein DSK2
P48524	BUL1	YMR275C	DAG1;RDS1;SMM2	Ubiquitin ligase-binding protein BUL1
P48525	MSE1	YOL033W		Glutamate--tRNA ligase, mitochondrial
P48526	ISM1	YPL040C		Isoleucine--tRNA ligase, mitochondrial
P48527	MSY1	YPL097W		Tyrosine--tRNA ligase, mitochondrial
P48558	BXI1	YNL305C	YBH3	Bax inhibitor 1
P48559	YPT11	YNL304W		GTP-binding protein YPT11
P48560	TOS6	YNL300W		Protein TOS6
P48561	TRF5	YNL299W		Poly
P48562	CLA4	YNL298W		Serine/threonine-protein kinase CLA4
P48563	MON2	YNL297C	YSL2	Protein MON2
P48564	MRX6	YNL295W		MIOREX complex component 6
P48565	RIM21	YNL294C	PAL2	pH-response regulator protein palH/RIM21
P48566	MSB3	YNL293W	GYP3	GTPase-activating protein GYP3
P48567	PUS4	YNL292W		tRNA pseudouridine synthase 4
P48568		YDL186W		Uncharacterized protein YDL186W
P48569		YDL183C		Uncharacterized protein YDL183C
P48570	LYS20	YDL182W		Homocitrate synthase, cytosolic isozyme
P48581	RAD17	YOR368W		DNA damage checkpoint control protein RAD17
P48582	BRO1	YPL084W	ASI6;LPF2;NPI3;VPS31	Vacuolar-sorting protein BRO1
P48589	RPS12	YOR369C		Small ribosomal subunit protein eS12
P48606	RBL2	YOR265W		Tubulin-specific chaperone A
P48743	RFX1	YLR176C	CRT1	RFX-like DNA-binding protein RFX1
P48813	GNP1	YDR508C		High-affinity glutamine permease
P48836	VMA10	YHR039C-A		V-type proton ATPase subunit G
P48837	NUP57	YGR119C		Nucleoporin NUP57
P49017	COQ5	YML110C	DBI56	2-methoxy-6-polyprenyl-1,4-benzoquinol methylase, mitochondrial
P49018	GPI8	YDR331W		GPI-anchor transamidase
P49089	ASN1	YPR145W		Asparagine synthetase
P49090	ASN2	YGR124W		Asparagine synthetase
P49095	GCV2	YMR189W	GSD2	Glycine dehydrogenase
P49166	RPL37A	YLR185W	RPL35A	Large ribosomal subunit protein eL37A
P49167	RPL38	YLR325C		Large ribosomal subunit protein eL38
P49334	TOM22	YNL131W	MAS17;MAS22;MOM22	Mitochondrial import receptor subunit TOM22
P49367	LYS4	YDR234W	LYS3	Homoaconitase, mitochondrial
P49435	APT1	YML022W		Adenine phosphoribosyltransferase 1
P49573	CTR1	YPR124W		Copper transport protein CTR1
P49626	RPL4B	YDR012W	RPL2B	Large ribosomal subunit protein uL4B
P49686	NUP42	YDR192C	RIP1;UIP1	Nucleoporin NUP42
P49687	NUP145	YGL092W	RAT10	Nucleoporin NUP145
P49704	PRP31	YGR091W		Pre-mRNA-processing factor 31
P49723	RNR4	YGR180C	CRT3	Ribonucleoside-diphosphate reductase small chain 2
P49775	HNT2	YDR305C	APH1	Bis
P49954	NIT3	YLR351C		Omega-amidase NIT3
P49955	HSH155	YMR288W		U2 snRNP component HSH155
P49956	CTF18	YMR078C	CHL12	Chromosome transmission fidelity protein 18
P49957	TRM9	YML014W		tRNA
P49960	PRP24	YMR268C		U4/U6 snRNA-associated-splicing factor PRP24
P50076	DIE2	YGR227W	ALG10	Dol-P-Glc:Glc
P50077	CCH1	YGR217W		Calcium-channel protein CCH1
P50078	TOS2	YGR221C		Protein TOS2
P50079	HSV2	YGR223C		SVP1-like protein 2
P50080	AZR1	YGR224W		Azole resistance protein 1
P50082	AMA1	YGR225W	SPO70	Meiosis-specific APC/C activator protein AMA1
P50083		YGR226C		Putative uncharacterized protein YGR226C
P50084	BNS1	YGR230W		Protein BNS1
P50085	PHB2	YGR231C		Prohibitin-2
P50086	NAS6	YGR232W		Probable 26S proteasome regulatory subunit p28
P50087	MIC26	YGR235C	MCS29;MIO27;MOS2	MICOS subunit MIC26
P50088	SPG1	YGR236C		Stationary phase gene 1 protein
P50089		YGR237C		Uncharacterized protein YGR237C
P50090	KEL2	YGR238C		Kelch repeat-containing protein 2
P50091	PEX21	YGR239C		Peroxisomal protein PEX21
P50094	IMD4	YML056C		Inosine-5'-monophosphate dehydrogenase 4
P50095	IMD3	YLR432W		Inosine-5'-monophosphate dehydrogenase 3
P50101	UBP15	YMR304W		Ubiquitin carboxyl-terminal hydrolase 15
P50102	UBP8	YMR223W		Ubiquitin carboxyl-terminal hydrolase 8
P50104	STB4	YMR019W		Probable transcriptional regulatory protein STB4
P50105	TAF4	YMR005W	MPT1;TAF48;TSG2	Transcription initiation factor TFIID subunit 4
P50106	RPA14	YDR156W		DNA-directed RNA polymerase I subunit RPA14
P50107	GLO1	YML004C		Glyoxalase I
P50108	MNN10	YDR245W	BED1	Probable alpha-1,6-mannosyltransferase MNN10
P50109	PSP2	YML017W	MRS15	Protein PSP2
P50110	SAM37	YMR060C	MAS37;PET3027;TOM37	Sorting assembly machinery 37 kDa subunit
P50111	ZDS1	YMR273C	CES1;CKM1;HST1;NRC1;OSS1;STM2	Protein ZDS1
P50112	KNH1	YDL049C		Cell wall synthesis protein KNH1
P50113	LYS5	YGL154C		L-aminoadipate-semialdehyde dehydrogenase-phosphopantetheinyl transferase
P50263	SIP18	YMR175W		Protein SIP18
P50264	FMS1	YMR020W		Polyamine oxidase FMS1
P50273	ATP22	YDR350C	TCM10	Mitochondrial translation factor ATP22
P50275	ASE1	YOR058C		Anaphase spindle elongation protein
P50276	MUP1	YGR055W		High-affinity methionine permease
P50277	BIO3	YNR058W		Adenosylmethionine-8-amino-7-oxononanoate aminotransferase
P50278	SOL1	YNR034W		6-phosphogluconolactonase-like protein 1
P50623	UBC9	YDL064W		SUMO-conjugating enzyme UBC9
P50861	RIB4	YOL143C		6,7-dimethyl-8-ribityllumazine synthase
P50873	MRK1	YDL079C		Serine/threonine-protein kinase MRK1
P50874	ORC5	YNL261W		Origin recognition complex subunit 5
P50875	SPT20	YOL148C	ADA5	SAGA complex subunit SPT20
P50896	PSP1	YDR505C	GIN5	Protein PSP1
P50942	INP52	YNL106C	SJL2	Polyphosphatidylinositol phosphatase INP52
P50943	RRT16	YNL105W		Putative regulator of rDNA transcription protein 16
P50944	AVT4	YNL101W		Vacuolar amino acid transporter 4
P50945	MIC27	YNL100W	AIM37;MCS27	MICOS complex subunit MIC27
P50946	OCA1	YNL099C		Putative tyrosine-protein phosphatase OCA1
P50947	PHO23	YNL097C		Transcriptional regulatory protein PHO23
P51401	RPL9B	YNL067W	RPL8B	Large ribosomal subunit protein uL6B
P51402	RPL37B	YDR500C	RPL35B	Large ribosomal subunit protein eL37B
P51533	PDR10	YOR328W		ATP-dependent permease PDR10
P51534	SHE4	YOR035C		SWI5-dependent HO expression protein 4
P51601	FOL2	YGR267C		GTP cyclohydrolase 1
P51862	ROM2	YLR371W		RHO1 GDP-GTP exchange protein 2
P51979	HFM1	YGL251C	MER3	ATP-dependent DNA helicase MER3
P51996	YPT32	YGL210W	YPT11	GTP-binding protein YPT32/YPT11
P51998	YML6	YML025C		Large ribosomal subunit protein uL4m
P52286	SKP1	YDR328C	CBF3D	Suppressor of kinetochore protein 1
P52290	DIA3	YDL024C		Probable acid phosphatase DIA3
P52488	UBA2	YDR390C	PIP2;UAL1	Ubiquitin-activating enzyme E1-like
P52489	PYK2	YOR347C		Pyruvate kinase 2
P52490	UBC13	YDR092W		Ubiquitin-conjugating enzyme E2 13
P52491	UBC12	YLR306W		NEDD8-conjugating enzyme UBC12
P52492	UBC11	YOR339C		Ubiquitin-conjugating enzyme E2-18 kDa
P52553	YKE2	YLR200W	GIM1;PFD6	Prefoldin subunit 6
P52593	NUP188	YML103C		Nucleoporin NUP188
P52867	PMT5	YDL093W		Dolichyl-phosphate-mannose--protein mannosyltransferase 5
P52868	CWC23	YGL128C		Pre-mRNA-splicing factor CWC23
P52870	SBH1	YER087C-B	SEB1	Protein transport protein SBH1
P52871	SBH2	YER019C-A	SEB2	Protein transport protein SBH2
P52891	NUP84	YDL116W		Nucleoporin NUP84
P52892	ALT2	YDR111C		Inactive alanine aminotransferase
P52893	ALT1	YLR089C		Alanine aminotransferase, mitochondrial
P52910	ACS2	YLR153C		Acetyl-coenzyme A synthetase 2
P52911	EXG2	YDR261C		Glucan 1,3-beta-glucosidase 2
P52917	VPS4	YPR173C	CSC1;DID6;END13;GRD13;VPL4;VPT10	Vacuolar protein sorting-associated protein 4
P52918	MSN5	YDR335W		Protein MSN5
P52919	NBP1	YLR457C		NAP1-binding protein
P52920	NBP35	YGL091C		Cytosolic Fe-S cluster assembly factor NBP35
P52923	AIF1	YNR074C	CPD1	Apoptosis-inducing factor 1
P52924	COS10	YNR075W		Protein COS10
P52960	PIP2	YOR363C	OAF2	Peroxisome proliferation transcriptional regulator
P53008	CWH41	YGL027C	GLS1	Mannosyl-oligosaccharide glucosidase
P53009	SCY1	YGL083W		Protein kinase-like protein SCY1
P53010	PAN2	YGL094C		PAN2-PAN3 deadenylation complex catalytic subunit PAN2
P53011	SEH1	YGL100W		Nucleoporin SEH1
P53012	SCS3	YGL126W	FIT2B	Acyl-coenzyme A diphosphatase SCS3
P53032	SUT1	YGL162W		Sterol uptake protein 1
P53035	MIG2	YGL209W	MLZ1	Regulatory protein MIG2
P53036	SAP4	YGL229C		SIT4-associating protein SAP4
P53037	PSD2	YGR170W		Phosphatidylserine decarboxylase proenzyme 2
P53038	TEL2	YGR099W		Telomere length regulation protein TEL2
P53039	YIP1	YGR172C		Protein transport protein YIP1
P53040	TAF6	YGL112C	TAF60	SAGA complex/transcription factor TFIID complex subunit TAF6
P53043	PPT1	YGR123C		Serine/threonine-protein phosphatase T
P53044	UFD1	YGR048W	PIP3	Ubiquitin fusion degradation protein 1
P53045	ERG25	YGR060W	FET6	C-4 methylsterol oxidase ERG25
P53046	ROM1	YGR070W	SKC1	RHO1 GDP-GTP exchange protein 1
P53047	RTA1	YGR213C		Protein RTA1
P53048	MAL11	YGR289C	AGT1;MAL1T;MTP1	General alpha-glucoside permease
P53049	YOR1	YGR281W	YRS1	Oligomycin resistance ATP-dependent permease YOR1
P53050	MGA1	YGR249W		Protein MGA1
P53051	IMA1	YGR287C		Oligo-1,6-glucosidase IMA1
P53053	COS12	YGL263W		Protein COS12
P53054		YGL262W		Putative uncharacterized protein YGL262W
P53056		YGL260W		Putative UPF0377 protein YGL260W
P53057	YPS5	YGL259W		Yapsin-5
P53058	VEL1	YGL258W		Protein VEL1
P53059	MNT2	YGL257C		Alpha-1,3-mannosyltransferase MNT2
P53060	RMR1	YGL250W		Reduced meiotic recombination protein 1
P53061	ZIP2	YGL249W		Protein ZIP2
P53062	BRR6	YGL247W		Nucleus export protein BRR6
P53063	RAI1	YGL246C		Decapping nuclease RAI1
P53064	RTF1	YGL244W	CSL3	RNA polymerase-associated protein RTF1
P53065	TAD1	YGL243W		tRNA-specific adenosine deaminase 1
P53066		YGL242C		Ankyrin repeat-containing protein YGL242C
P53067	KAP114	YGL241W		Importin subunit beta-5
P53068	DOC1	YGL240W	APC10	Anaphase-promoting complex subunit DOC1
P53069		YGL239C		Putative uncharacterized protein YGL239C
P53070	MTO1	YGL236C	IPS1	Mitochondrial translation optimization protein 1
P53071		YGL235W		Uncharacterized protein YGL235W
P53072	TAN1	YGL232W		tRNA acetyltransferase TAN1
P53073	EMC4	YGL231C		ER membrane protein complex subunit 4
P53074		YGL230C		Uncharacterized protein YGL230C
P53075	SHE10	YGL228W		Outer spore wall assembly protein SHE10
P53076	VID30	YGL227W	GID1	GID complex subunit 1
P53077	MTC3	YGL226W		Maintenance of telomere capping protein 3, mitochondrial
P53078	SDT1	YGL224C	SSM1	Suppressor of disruption of TFIIS
P53079	COG1	YGL223C	COD3;SEC36;TFI1	Conserved oligomeric Golgi complex subunit 1
P53080	EDC1	YGL222C		Enhancer of mRNA-decapping protein 1
P53081	NIF3	YGL221C		NGG1-interacting factor 3
P53082	BOL2	YGL220W	AIM15;FRA2	BolA-like protein 2
P53083	MDM34	YGL219C	MMM2	Mitochondrial distribution and morphology protein 34
P53084		YGL218W		Putative uncharacterized protein YGL218W
P53085		YGL217C		Putative uncharacterized protein YGL217C
P53086	KIP3	YGL216W		Kinesin-like protein KIP3
P53087		YGL214W		Putative uncharacterized protein YGL214W
P53088	NCS6	YGL211W	CTU1;TUC1	Cytoplasmic tRNA 2-thiolation protein 1
P53089		YGL204C		Uncharacterized protein YGL204C
P53090	ARO8	YGL202W		Aromatic/aminoadipate aminotransferase 1
P53091	MCM6	YGL201C		DNA replication licensing factor MCM6
P53092		YGL199C		Putative uncharacterized protein YGL199C
P53093	YIP4	YGL198W		Protein YIP4
P53094	MDS3	YGL197W		Negative regulator of sporulation MDS3
P53095	DSD1	YGL196W		D-serine dehydratase
P53096	HOS2	YGL194C		Probable histone deacetylase HOS2
P53097		YGL193C		Uncharacterized protein YGL193C
P53098		YGL188C		Putative uncharacterized protein YGL188C
P53099	TPN1	YGL186C		Vitamin B6 transporter TPN1
P53100		YGL185C		Putative 2-hydroxyacid dehydrogenase YGL185C
P53101	STR3	YGL184C		Cystathionine beta-lyase
P53102	MND1	YGL183C		Meiotic nuclear division protein 1
P53103		YGL182C		Putative uncharacterized protein YGL182C
P53104	ATG1	YGL180W	APG1;AUT3;CVT10	Serine/threonine-protein kinase ATG1
P53105		YGL177W		Putative uncharacterized protein YGL177W
P53106		YGL165C		Putative uncharacterized protein YGL165C
P53107	YRB30	YGL164C		Ran-specific GTPase-activating protein 30
P53108	YIP5	YGL161C		Protein YIP5
P53109	AIM14	YGL160W		Probable metalloreductase AIM14
P53110		YGL159W		Imine reductase
P53111	ARI1	YGL157W		NADPH-dependent aldehyde reductase ARI1
P53112	PEX14	YGL153W		Peroxisomal membrane protein PEX14
P53113		YGL152C		Putative uncharacterized protein YGL152C
P53114	NUT1	YGL151W	MED5	Mediator of RNA polymerase II transcription subunit 5
P53115	INO80	YGL150C		Chromatin-remodeling ATPase INO80
P53116		YGL149W		Uncharacterized protein YGL149W
P53117	RRT6	YGL146C		Regulator of rDNA transcription protein 6
P53118	ROG1	YGL144C		Putative lipase ROG1
P53119	HUL5	YGL141W		E3 ubiquitin-protein ligase HUL5
P53120		YGL140C		Uncharacterized membrane protein YGL140C
P53121	FLC3	YGL139W		Putative flavin carrier protein 3
P53122		YGL138C		Uncharacterized protein YGL138C
P53123	MRM2	YGL136C		rRNA methyltransferase 2, mitochondrial
P53124	PCL10	YGL134W		PHO85 cyclin-10
P53125	ITC1	YGL133W		Imitation switch two complex protein 1
P53126		YGL132W		Putative uncharacterized protein YGL132W
P53127	SNT2	YGL131C		E3 ubiquitin-protein ligase SNT2
P53128	MET13	YGL125W	MET11;MRPL45	Methylenetetrahydrofolate reductase 2
P53129	MON1	YGL124C	AUT12	Vacuolar fusion protein MON1
P53130	GPG1	YGL121C		Heterotrimeric G protein gamma subunit GPG1
P53131	PRP43	YGL120C		Pre-mRNA-splicing factor ATP-dependent RNA helicase PRP43
P53132		YGL118C		Uncharacterized protein YGL118C
P53133		YGL117W		Uncharacterized protein YGL117W
P53134		YGL114W		Putative oligopeptide transporter YGL114W
P53135	SLD3	YGL113W		DNA replication regulator SLD3
P53136	NSA1	YGL111W		Ribosome biogenesis protein NSA1
P53137	CUE3	YGL110C	RQT3	RQC trigger complex subunit CUE3
P53138		YGL109W		Putative uncharacterized protein YGL109W
P53139		YGL108C		Uncharacterized protein YGL108C
P53140	RMD9	YGL107C		RNA-binding protein RMD9, mitochondrial
P53141	MLC1	YGL106W		Myosin light chain 1
P53142	VPS73	YGL104C		Vacuolar protein sorting-associated protein 73
P53143		YGL102C		Putative uncharacterized protein YGL102C
P53144	YGK1	YGL101W		5'-deoxynucleotidase YGK1
P53145	LSG1	YGL099W		Large subunit GTPase 1
P53146	USE1	YGL098W	SLT1	Protein transport protein USE1
P53147	TOS8	YGL096W		Homeobox protein TOS8
P53148	SPC105	YGL093W	KNL1	Outer kinetochore KNL1 complex subunit SPC105
P53150	LIF1	YGL090W		Non-homologous end-joining factor LIF1
P53151		YGL088W		Uncharacterized protein YGL088W
P53152	MMS2	YGL087C		Ubiquitin-conjugating enzyme variant MMS2
P53153	LCL3	YGL085W		Probable endonuclease LCL3
P53154	GUP1	YGL084C		Membrane-bound O-acyltransferase GUP1
P53155		YGL082W		Uncharacterized protein YGL082W
P53156		YGL081W		Uncharacterized protein YGL081W
P53157	MPC1	YGL080W	FMP37	Mitochondrial pyruvate carrier 1
P53158	KXD1	YGL079W		Biogenesis of lysosome-related organelles complex 1 subunit KXD1
P53159	MPS2	YGL075C	MMC1	Monopolar spindle protein 2
P53160		YGL074C		Putative uncharacterized protein YGL074C
P53161		YGL072C		Putative uncharacterized protein YGL072C
P53162		YGL069C		Putative uncharacterized protein YGL069C
P53163	MNP1	YGL068W	MRPL12	Large ribosomal subunit protein bL12m
P53164	NPY1	YGL067W		NAD-capped RNA hydrolase NPY1
P53165	SGF73	YGL066W		SAGA complex subunit SGF73
P53166	MRH4	YGL064C		ATP-dependent RNA helicase MRH4, mitochondrial
P53167	PUS2	YGL063W		tRNA pseudouridine
P53168	DUO1	YGL061C		DASH complex subunit DUO1
P53169	YBP2	YGL060W	YBH1	YAP1-binding protein 2
P53170	PKP2	YGL059W		
P53171	GEP7	YGL057C		Genetic interactor of prohibitin 7, mitochondrial
P53172	SDS23	YGL056C		Protein SDS23
P53173	ERV14	YGL054C		ER-derived vesicles protein ERV14
P53174	PRM8	YGL053W	DUP1	Pheromone-regulated membrane protein 8
P53175		YGL052W		Putative uncharacterized protein YGL052W
P53176	MST27	YGL051W	DUP2	Multicopy suppressor of SEC21 protein 27
P53177	TYW3	YGL050W		tRNA wybutosine-synthesizing protein 3
P53178	ALG13	YGL047W		UDP-N-acetylglucosamine transferase subunit ALG13
P53179	RIM8	YGL045W	PAL3	pH-response regulator protein palF/RIM8
P53181		YGL042C		Putative uncharacterized protein YGL042C
P53182		YGL041C		Putative uncharacterized protein YGL041C
P53183		YGL039W		Putative uncharacterized oxidoreductase YGL039W
P53184	PNC1	YGL037C		Nicotinamidase
P53185	VIR1	YGL036W		Protein virilizer
P53186		YGL034C		Uncharacterized protein YGL034C
P53187	HOP2	YGL033W		Homologous-pairing protein 2
P53188	CGR1	YGL029W		rRNA-processing protein CGR1
P53189	SCW11	YGL028C		Probable family 17 glucosidase SCW11
P53190		YGL024W		Putative uncharacterized protein YGL024W
P53191	PIB2	YGL023C		Glutamine sensor PIB2
P53192	GET1	YGL020C	MDM39	Golgi to ER traffic protein 1
P53193	JAC1	YGL018C	SEO2	J-type co-chaperone JAC1, mitochondrial
P53194	BRP1	YGL007W		Uncharacterized protein BRP1
P53195	COG7	YGL005C	COD5	Conserved oligomeric Golgi complex subunit 7
P53196	RPN14	YGL004C		26S proteasome regulatory subunit RPN14
P53197	CDH1	YGL003C	HCT1	APC/C activator protein CDH1
P53198	ERP6	YGL002W		Protein ERP6
P53199	ERG26	YGL001C		Sterol-4-alpha-carboxylate 3-dehydrogenase ERG26, decarboxylating
P53200	EFM5	YGR001C	AML1	Protein-lysine N-methyltransferase EFM5
P53201	SWC4	YGR002C	EAF2;GOD1	SWR1-complex protein 4
P53202	CUL3	YGR003W		Cullin-3
P53203	PEX31	YGR004W		Peroxisomal membrane protein PEX31
P53204	NMA2	YGR010W		Nicotinamide/nicotinic acid mononucleotide adenylyltransferase 2
P53205		YGR011W		Putative uncharacterized protein YGR011W
P53206	MCY1	YGR012W		Putative mitochondrial cysteine synthase
P53207	SNU71	YGR013W		U1 small nuclear ribonucleoprotein component SNU71
P53208	EAT1	YGR015C		Ethanol acetyltransferase 1
P53209		YGR016W		Uncharacterized membrane protein YGR016W
P53210		YGR017W		Uncharacterized protein YGR017W
P53211		YGR018C		Uncharacterized protein YGR018C
P53212		YGR021W		Probable transcriptional regulatory protein HAH1
P53213		YGR022C		Putative uncharacterized protein YGR022C
P53214	MTL1	YGR023W		Protein MTL1
P53215	THG1	YGR024C		tRNA
P53216		YGR025W		Uncharacterized protein YGR025W
P53217		YGR026W		Uncharacterized membrane protein YGR026W
P53218	POP6	YGR030C		Ribonucleases P/MRP protein subunit POP6
P53219	IMO32	YGR031W		Probable alcohol acetyltransferase
P53220	TIM21	YGR033C		Mitochondrial import inner membrane translocase subunit TIM21
P53221	RPL26B	YGR034W	RPL33B	Large ribosomal subunit protein uL24B
P53222		YGR035C		Uncharacterized protein YGR035C
P53223	CAX4	YGR036C	CWH8	Dolichyldiphosphatase
P53224	ORM1	YGR038W		Protein ORM1
P53225		YGR039W		Uncharacterized protein YGR039W
P53226	BUD9	YGR041W		Bud site selection protein 9
P53227		YGR042W		Uncharacterized protein YGR042W
P53228	NQM1	YGR043C		Transaldolase NQM1
P53229		YGR045C		Uncharacterized protein YGR045C
P53230	TAM41	YGR046W	MMP37	Phosphatidate cytidylyltransferase, mitochondrial
P53231		YGR050C		Uncharacterized protein YGR050C
P53232		YGR051C		Putative uncharacterized protein YGR051C
P53233	FMP48	YGR052W		Probable serine/threonine-protein kinase FMP48
P53234		YGR053C		Uncharacterized protein YGR053C
P53235		YGR054W		Eukaryotic translation initiation factor 2A
P53236	RSC1	YGR056W		Chromatin structure-remodeling complex subunit RSC1
P53237	LST7	YGR057C		Protein LST7
P53238	PEF1	YGR058W		Peflin
P53239	COX18	YGR062C		Cytochrome c oxidase assembly protein COX18, mitochondrial
P53240		YGR064W		Putative uncharacterized protein YGR064W
P53241	VHT1	YGR065C		Vitamin H transporter
P53242	GID10	YGR066C		GID complex substrate-recognition subunit 10
P53243		YGR067C		Zinc finger protein YGR067C
P53244	ART5	YGR068C		Arrestin-related trafficking adapter 5
P53245		YGR069W		Putative uncharacterized protein YGR069W
P53246	ENV11	YGR071C		Late endosome and vacuole interface protein 11
P53247		YGR073C		Putative uncharacterized protein YGR073C
P53248	PEX8	YGR077C	PAS6	Peroxisomal biogenesis factor 8
P53249		YGR079W		Putative uncharacterized protein YGR079W
P53250	TWF1	YGR080W		Twinfilin-1
P53251	SLX9	YGR081C		Ribosome biogenesis protein SLX9
P53252	PIL1	YGR086C		Sphingolipid long chain base-responsive protein PIL1
P53253	NNF2	YGR089W		Protein NNF2
P53254	UTP22	YGR090W		U3 small nucleolar RNA-associated protein 22
P53255	DRN1	YGR093W		CWF19-like protein DRN1
P53256	RRP46	YGR095C		Exosome complex component RRP46
P53257	TPC1	YGR096W		Mitochondrial thiamine pyrophosphate carrier 1
P53258	MDR1	YGR100W	GYP2;MIC1	GTPase-activating protein GYP2
P53259	PCP1	YGR101W	MDM37;RBD1;UGO2	Rhomboid protein 1, mitochondrial
P53260	GTF1	YGR102C		Glutamyl-tRNA
P53261	NOP7	YGR103W	RRP13;YPH1	Pescadillo homolog
P53262	VOA1	YGR106C		V0 assembly protein 1
P53263		YGR107W		Putative uncharacterized protein YGR107W
P53264	CLD1	YGR110W		Cardiolipin-specific deacylase 1, mitochondrial
P53265		YGR111W		Uncharacterized protein YGR111W
P53266	SHY1	YGR112W		Cytochrome oxidase assembly protein SHY1
P53267	DAM1	YGR113W		DASH complex subunit DAM1
P53268		YGR114C		Putative uncharacterized protein YGR114C
P53269		YGR115C		Putative uncharacterized protein YGR115C
P53270		YGR117C		Uncharacterized protein YGR117C
P53271	COG2	YGR120C	SEC35	Conserved oligomeric Golgi complex subunit 2
P53272		YGR122W		Uncharacterized protein YGR122W
P53273	VSB1	YGR125W		Vacuolar basic amino acid transporter VSB1
P53274		YGR126W		Uncharacterized protein YGR126W
P53275		YGR127W		Uncharacterized protein YGR127W
P53276	UTP8	YGR128C		U3 small nucleolar RNA-associated protein 8
P53277	SYF2	YGR129W	NTC31	Pre-mRNA-splicing factor SYF2
P53278		YGR130C		Uncharacterized protein YGR130C
P53279	FHN1	YGR131W		Non-classical export protein 2 homolog 1
P53280	CAF130	YGR134W		Protein CAF130
P53281	LSB1	YGR136W		LAS seventeen-binding protein 1
P53282		YGR137W		Putative uncharacterized protein YGR137W
P53283	TPO2	YGR138C		Polyamine transporter 2
P53284		YGR139W		Putative uncharacterized protein YGR139W
P53285	VPS62	YGR141W		Vacuolar protein sorting-associated protein 62
P53286	BTN2	YGR142W		Protein BTN2
P53287		YGR151C		Uncharacterized protein YGR151C
P53288		YGR160W		Putative uncharacterized protein YGR160W
P53289	RTS3	YGR161C		Protein phosphatase type 2A regulatory subunit RTS3
P53290	GTR2	YGR163W		GTP-binding protein GTR2
P53291		YGR164W		Uncharacterized protein YGR164W
P53292	MRPS35	YGR165W		Small ribosomal subunit protein mS45
P53293		YGR168C		Uncharacterized protein YGR168C
P53294	PUS6	YGR169C		tRNA pseudouridine
P53295	RBG2	YGR173W	GIR1	Ribosome-interacting GTPase 2
P53296	ATF2	YGR177C		Alcohol O-acetyltransferase 2
P53297	PBP1	YGR178C	MRS16	PAB1-binding protein 1
P53298	OKP1	YGR179C		Inner kinetochore subunit OKP1
P53299	TIM13	YGR181W		Mitochondrial import inner membrane translocase subunit TIM13
P53300		YGR182C		Putative uncharacterized protein YGR182C
P53301	CRH1	YGR189C		Congo red hypersensitive protein 1
P53302		YGR190C		Putative uncharacterized protein YGR190C
P53303	ZPR1	YGR211W		Zinc finger chaperone ZPR1
P53304	SLI1	YGR212W		N-acetyltransferase SLI1
P53305	RSM27	YGR215W		Small ribosomal subunit protein mS33
P53306	GPI1	YGR216C		Phosphatidylinositol N-acetylglucosaminyltransferase subunit GPI1
P53307		YGR219W		Uncharacterized protein YGR219W
P53308		YGR228W		Putative uncharacterized protein YGR228W
P53309	YAP1802	YGR241C		Clathrin coat assembly protein AP180B
P53310		YGR242W		Putative uncharacterized protein YGR242W
P53311	MPC3	YGR243W	FMP43	Mitochondrial pyruvate carrier 3
P53312	LSC2	YGR244C		Succinate--CoA ligase
P53313	SDA1	YGR245C		Protein SDA1
P53314	CPD1	YGR247W		2',3'-cyclic-nucleotide 3'-phosphodiesterase
P53315	SOL4	YGR248W		6-phosphogluconolactonase 4
P53316		YGR250C		Uncharacterized RNA-binding protein YGR250C
P53317	NOP19	YGR251W		Nucleolar protein 19
P53318	COQ6	YGR255C		Ubiquinone biosynthesis monooxygenase COQ6, mitochondrial
P53319	GND2	YGR256W		6-phosphogluconate dehydrogenase, decarboxylating 2
P53320	MTM1	YGR257C		Mitochondrial carrier protein MTM1
P53321		YGR259C		Putative uncharacterized protein YGR259C
P53322	TNA1	YGR260W		High-affinity nicotinic acid transporter
P53323	BUD32	YGR262C	LDB14	EKC/KEOPS complex subunit BUD32
P53324	SAY1	YGR263C		Steryl acetyl hydrolase 1
P53325		YGR265W		Putative uncharacterized protein YGR265W
P53326		YGR266W		Uncharacterized protein YGR266W
P53327	SLH1	YGR271W	RQT2	RQC trigger complex helicase SLH1
P53329		YGR273C		Uncharacterized protein YGR273C
P53330	RTT102	YGR275W		Regulator of Ty1 transposition protein 102
P53331	RNH70	YGR276C	REX1	RNA exonuclease 1
P53332	CAB4	YGR277C		Phosphopantetheine adenylyltransferase
P53333	CWC22	YGR278W		Pre-mRNA-splicing factor CWC22
P53334	SCW4	YGR279C		Probable family 17 glucosidase SCW4
P53335	PXR1	YGR280C	GNO1	Protein PXR1
P53336		YGR283C		Putative methyltransferase YGR283C
P53337	ERV29	YGR284C		ER-derived vesicles protein ERV29
P53338	MAL13	YGR288W	MAL1R	Maltose fermentation regulatory protein MAL13
P53339		YGR290W		Putative uncharacterized membrane protein YGR290W
P53340		YGR291C		Putative uncharacterized protein YGR291C
P53341	MAL12	YGR292W	MAL1S	Alpha-glucosidase MAL12
P53342		YGR293C		Putative uncharacterized protein YGR293C
P53343	PAU12	YGR294W		Seripauperin-12
P53344	COS6	YGR295C		Protein COS6
P53378	TUB4	YLR212C		Tubulin gamma chain
P53379	MKC7	YDR144C	YPS2	Aspartic proteinase MKC7
P53388	DIP5	YPL265W		Dicarboxylic amino acid permease
P53389	HOL1	YNR055C		Protein HOL1
P53390	MEP3	YPR138C	AMT3	Ammonium transporter MEP3
P53394		YPR003C		Putative sulfate transporter YPR003C
P53397	OGG1	YML060W		N-glycosylase/DNA lyase
P53427	PAU4	YLR461W		Seripauperin-4
P53437	RRN9	YMR270C		RNA polymerase I-specific transcription initiation factor RRN9
P53438	SOK2	YMR016C		Protein SOK2
P53507	TOM7	YNL070W	MOM7	Mitochondrial import receptor subunit TOM7
P53538	SSU72	YNL222W		RNA polymerase II subunit A C-terminal domain phosphatase SSU72
P53540	SPC98	YNL126W		Spindle pole body component SPC98
P53541	SPO1	YNL012W		Putative meiotic phospholipase SPO1
P53549	RPT4	YOR259C	CRL13;PCS1;SUG2	26S proteasome subunit RPT4
P53550	DCP2	YNL118C	PSU1	m7GpppN-mRNA hydrolase
P53551	HHO1	YPL127C		Histone H1
P53552	THO2	YNL139C	LDB5;RLR1;ZRG13	THO complex subunit 2
P53583	MPA43	YNL249C		Protein MPA43
P53584	YTP1	YNL237W		Protein YTP1
P53598	LSC1	YOR142W		Succinate--CoA ligase
P53599	SSK2	YNR031C		MAP kinase kinase kinase SSK2
P53600	RET3	YPL010W		Coatomer subunit zeta
P53604	MSO1	YNR049C		Protein MSO1
P53615	NCE103	YNL036W	NCE3	Carbonic anhydrase
P53616	SUN4	YNL066W	SCW3	Probable secreted beta-glucosidase SUN4
P53617	NRD1	YNL251C		Protein NRD1
P53622	COP1	YDL145C	RET1;SEC33;SOO1	Coatomer subunit alpha
P53628	SNF12	YNR023W	SWP73	Transcription regulatory protein SNF12
P53629	ARE2	YNR019W	SAT1	Sterol O-acyltransferase 2
P53630	BIO4	YNR057C		Dethiobiotin synthetase
P53631	HXT17	YNR072W		Hexose transporter HXT17
P53632	PAP2	YOL115W	TRF4	Poly
P53633	YIP3	YNL044W	PRA1	Prenylated Rab acceptor 1
P53685	HST1	YOL068C		NAD-dependent protein deacetylase HST1
P53686	HST2	YPL015C		NAD-dependent protein deacetylase HST2
P53687	HST3	YOR025W		NAD-dependent histone deacetylase HST3
P53688	HST4	YDR191W		NAD-dependent histone deacetylase HST4
P53691	CPR6	YLR216C		Peptidyl-prolyl cis-trans isomerase CPR6
P53717		YNR005C		Putative uncharacterized protein YNR005C
P53718	NRM1	YNR009W		Transcription factor NRM1
P53719		YNR014W		Uncharacterized protein YNR014W
P53720	SMM1	YNR015W	DUS2	tRNA-dihydrouridine
P53721	RCF2	YNR018W	AIM38	Respiratory supercomplex factor 2, mitochondrial
P53722	ATP23	YNR020C		Mitochondrial inner membrane protease ATP23
P53723		YNR021W		UPF0674 endoplasmic reticulum membrane protein YNR021W
P53724	MRPL50	YNR022C		Large ribosomal subunit protein bL9m
P53725	MPP6	YNR024W		M-phase phosphoprotein 6 homolog
P53726		YNR025C		Putative uncharacterized protein YNR025C
P53727	BUD17	YNR027W		Putative pyridoxal kinase BUD17
P53728	CPR8	YNR028W		Peptidyl-prolyl cis-trans isomerase CYP8
P53729	ZNG1	YNR029C		Zinc-regulated GTPase metalloprotein activator 1
P53730	ALG12	YNR030W	ECM39	Dol-P-Man:Man
P53731	ARC35	YNR035C		Actin-related protein 2/3 complex subunit 2
P53732	MRPS12	YNR036C		Small ribosomal subunit protein uS12m
P53733	RSM19	YNR037C		Small ribosomal subunit protein uS19m
P53734	DBP6	YNR038W		ATP-dependent RNA helicase DBP6
P53735	ZRG17	YNR039C		Protein ZRG17
P53736		YNR040W		Uncharacterized protein YNR040W
P53737		YNR042W		Putative uncharacterized protein YNR042W
P53738	TRM112	YNR046W		Multifunctional methyltransferase subunit TRM112
P53739	FPK1	YNR047W		Flippase kinase 1
P53740		YNR048W		Phospholipid-transporting ATPase accessory subunit CRF1
P53741	BRE5	YNR051C		UBP3-associated protein BRE5
P53742	NOG2	YNR053C		Nucleolar GTP-binding protein 2
P53743	ESF2	YNR054C	ABT1	Pre-rRNA-processing protein ESF2
P53744	BIO5	YNR056C		7-keto 8-aminopelargonic acid transporter
P53745	MNT4	YNR059W		Probable alpha-1,3-mannosyltransferase MNT4
P53746	FRE4	YNR060W		Ferric reductase transmembrane component 4
P53747		YNR061C		Uncharacterized vacuolar membrane protein YNR061C
P53748		YNR062C		Uncharacterized membrane protein YNR062C
P53749		YNR063W		Uncharacterized transcriptional regulatory protein YNR063W
P53750		YNR064C		Uncharacterized hydrolase YNR064C
P53751		YNR065C		Uncharacterized membrane glycoprotein YNR065C
P53752		YNR066C		Uncharacterized membrane glycoprotein YNR066C
P53753	DSE4	YNR067C	ENG1	Glucan endo-1,3-beta-D-glucosidase 1
P53754		YNR068C		Uncharacterized protein YNR068C
P53755	BSC5	YNR069C		Bypass of stop codon protein 5
P53756	PDR18	YNR070W		ABC transporter ATP-binding protein/permease PDR18
P53757		YNR071C		Uncharacterized isomerase YNR071C
P53758		YNR077C		UPF0320 protein YNR077C
P53759	DUS1	YML080W		tRNA-dihydrouridine
P53769	CWC24	YLR323C		Pre-mRNA-splicing factor CWC24
P53819	YRF1-6	YNL339C		Y' element ATP-dependent helicase protein 1 copy 6
P53820		YNL338W		Putative uncharacterized protein YNL338W
P53821		YNL337W		Putative UPF0320 protein YNL337W
P53822	COS1	YNL336W		Protein COS1
P53823	SNO2	YNL334C		Probable pyridoxal 5'-phosphate synthase subunit SNO2
P53824	SNZ2	YNL333W		Probable pyridoxal 5'-phosphate synthase subunit SNZ2
P53825		YNL324W		Putative uncharacterized protein YNL324W
P53826		YNL319W		Putative uncharacterized protein YNL319W
P53827		YNL303W		Putative uncharacterized protein YNL303W
P53828		YNL296W		Putative uncharacterized protein YNL296W
P53829	CAF40	YNL288W		Protein CAF40
P53830	CUS2	YNL286W		Cold sensitive U2 snRNA suppressor 2
P53831		YNL285W		Putative uncharacterized protein YNL285W
P53832	WSC2	YNL283C		Cell wall integrity and stress response component 2
P53833	POP3	YNL282W		Ribonucleases P/MRP protein subunit POP3
P53834	HCH1	YNL281W		Hsp90 co-chaperone HCH1
P53835	PRM1	YNL279W		Plasma membrane fusion protein PRM1
P53836	CAF120	YNL278W		CCR4-NOT transcriptional complex subunit CAF120
P53837		YNL276C		Putative uncharacterized protein YNL276C
P53838	BOR1	YNL275W		Boron transporter 1
P53839	GOR1	YNL274C		Glyoxylate reductase 1
P53840	TOF1	YNL273W		Topoisomerase 1-associated factor 1
P53841	BSC4	YNL269W		Bypass of stop codon protein 4
P53842		YNL266W		Putative uncharacterized protein YNL266W
P53843	IST1	YNL265C		Vacuolar protein sorting-associated protein IST1
P53844	PDR17	YNL264C	ISS1;PSTB2;SFH4	Phosphatidylinositol transfer protein PDR17
P53845	YIF1	YNL263C		Protein transport protein YIF1
P53846	LTO1	YNL260C		Protein LTO1
P53847	DSL1	YNL258C		Protein transport protein DSL1
P53848	FOL1	YNL256W		Folic acid synthesis protein FOL1
P53849	GIS2	YNL255C		Zinc finger protein GIS2
P53850	RTC4	YNL254C		Restriction of telomere capping protein 4
P53851	TEX1	YNL253W		Protein TEX1
P53852		YNL247W		Cysteine--tRNA ligase
P53853	VPS75	YNL246W		Vacuolar protein sorting-associated protein 75
P53854	CWC25	YNL245C		Pre-mRNA-splicing factor CWC25
P53855	ATG2	YNL242W	APG2;AUT8;SPO72	Autophagy-related protein 2
P53856		YNL235C		Putative uncharacterized protein YNL235C
P53857		YNL234W		Uncharacterized globin-like protein YNL234W
P53858	BNI4	YNL233W		Protein BNI4
P53859	CSL4	YNL232W	SKI4	Exosome complex component CSL4
P53860	PDR16	YNL231C	SFH3	Phosphatidylinositol transfer protein PDR16
P53861	ELA1	YNL230C		Elongin-A
P53862		YNL228W		putative uncharacterized membrane protein YNL228W
P53863	JJJ1	YNL227C		J protein JJJ1
P53864		YNL226W		Putative uncharacterized protein YNL226W
P53865	CNM67	YNL225C		Chaotic nuclear migration protein 67
P53866	SQS1	YNL224C		Protein SQS1
P53867	ATG4	YNL223W	APG4;AUT2	Cysteine protease ATG4
P53868	ALG9	YNL219C		Alpha-1,2-mannosyltransferase ALG9
P53869	MRX7	YNL211C		MIOREX complex component 7
P53870		YNL193W		Uncharacterized protein YNL193W
P53871	DUG3	YNL191W		Probable glutamine amidotransferase DUG3
P53872		YNL190W		Hydrophilin YNL190W
P53873	SWT21	YNL187W		Protein SWT21
P53874	UBP10	YNL186W	DOT4	Ubiquitin carboxyl-terminal hydrolase 10
P53875	MRPL19	YNL185C		Large ribosomal subunit protein uL11m
P53876		YNL184C		Uncharacterized protein YNL184C
P53877	IPI3	YNL182C		Pre-rRNA-processing protein IPI3
P53878	PBR1	YNL181W		Uncharacterized oxidoreductase YNL181W
P53879	RHO5	YNL180C		GTP-binding protein RHO5
P53880		YNL179C		Putative uncharacterized protein YNL179C
P53881	MRPL22	YNL177C		Large ribosomal subunit protein uL22m
P53882	TDA7	YNL176C		Topoisomerase I damage affected protein 7
P53883	NOP13	YNL175C		Nucleolar protein 13
P53884		YNL174W		Putative uncharacterized protein YNL174W
P53885	MDG1	YNL173C		Signal transduction protein MDG1
P53886	APC1	YNL172W		Anaphase-promoting complex subunit 1
P53887		YNL171C		Putative uncharacterized protein YNL171C
P53888		YNL170W		Putative uncharacterized protein YNL170W
P53889	FMP41	YNL168C		Oxaloacetate tautomerase FMP41, mitochondrial
P53890	BNI5	YNL166C		Bud neck protein 5
P53891		YNL165W		Uncharacterized protein YNL165W
P53892	IBD2	YNL164C		Protein IBD2
P53893	RIA1	YNL163C	EFL1	Ribosome assembly protein 1
P53894	CBK1	YNL161W		Serine/threonine-protein kinase CBK1
P53895	ASI2	YNL159C		Protein ASI2
P53896	PGA1	YNL158W		GPI mannosyltransferase 2 subunit PGA1
P53897	IGO1	YNL157W		mRNA stability protein IGO1
P53898	NSG2	YNL156C		Protein NSG2
P53899	CUZ1	YNL155W		CDC48-associated ubiquitin-like/zinc finger protein 1
P53900	GIM3	YNL153C	PFD4	Prefoldin subunit 4
P53901	INN1	YNL152W		Ingression protein 1
P53902		YNL150W		Putative uncharacterized protein YNL150W
P53903	PGA2	YNL149C		Processing of GAS1 and ALP protein 2
P53904	ALF1	YNL148C		Tubulin-specific chaperone B
P53905	LSM7	YNL147W		LSM complex subunit LSM7
P53906		YNL146W		Uncharacterized protein YNL146W
P53907		YNL144C		Uncharacterized protein YNL144C
P53908		YNL143C		Uncharacterized membrane protein YNL143C
P53909	AAH1	YNL141W		Adenine deaminase
P53910		YNL140C		Uncharacterized protein YNL140C
P53911	EAF7	YNL136W		Chromatin modification-related protein EAF7
P53912		YNL134C		Uncharacterized protein YNL134C
P53913	FYV6	YNL133C		Protein FYV6
P53914	KRE33	YNL132W	NAT10;RRA1	RNA cytidine acetyltransferase
P53915	NRK1	YNL129W		Nicotinamide riboside kinase
P53916	TEP1	YNL128W		Probable phosphatidylinositol 3,4,5-trisphosphate 3-phosphatase TEP1
P53917	FAR11	YNL127W		Factor arrest protein 11
P53918	ESBP6	YNL125C	MCH3	Uncharacterized transporter ESBP6
P53919	NAF1	YNL124W		H/ACA ribonucleoprotein complex non-core subunit NAF1
P53920	NMA111	YNL123W	YNM3	Pro-apoptotic serine protease NMA111
P53921	MRP35	YNL122C		Large ribosomal subunit protein bL35m
P53922		YNL120C		Putative uncharacterized protein YNL120C
P53923	NCS2	YNL119W	CTU2;TUC2	Cytoplasmic tRNA 2-thiolation protein 2
P53924	DMA2	YNL116W	CHF2	E3 ubiquitin-protein ligase DMA2
P53925		YNL115C		Uncharacterized vacuolar membrane protein YNL115C
P53926		YNL114C		Putative uncharacterized protein YNL114C
P53927	NOP15	YNL110C		Ribosome biogenesis protein 15
P53928		YNL109W		Putative uncharacterized membrane protein YNL109W
P53929		YNL108C		Uncharacterized protein YNL108C
P53930	YAF9	YNL107W		Protein AF-9 homolog
P53932		YNL095C		Uncharacterized transporter YNL095C
P53933	APP1	YNL094W		Phosphatidate phosphatase APP1
P53934		YNL092W		Carnosine N-methyltransferase
P53935	NST1	YNL091W		Stress response protein NST1
P53936		YNL089C		Putative uncharacterized protein YNL089C
P53937	SWS2	YNL081C		Small ribosomal subunit protein uS13m
P53938	EOS1	YNL080C		N-glycosylation protein EOS1
P53939	NIS1	YNL078W	JIP1	Protein NIS1
P53940	APJ1	YNL077W		J domain-containing protein APJ1
P53941	IMP4	YNL075W		U3 small nucleolar ribonucleoprotein protein IMP4
P53942	RNH201	YNL072W	RNH35	Ribonuclease H2 subunit A
P53943	AQR1	YNL065W		Probable transporter AQR1
P53944	MTQ1	YNL063W		Mitochondrial MRF1 N
P53946	ARP5	YNL059C		Actin-related protein 5
P53947		YNL058C		Vacuolar membrane protein YNL058C
P53948		YNL057W		Putative uncharacterized protein YNL057W
P53949	OCA2	YNL056W		Tyrosine-protein phosphatase-like protein OCA2
P53950	VAC7	YNL054W		Vacuolar segregation protein 7
P53951	COG5	YNL051W	COD4	Conserved oligomeric Golgi complex subunit 5
P53952		YNL050C		Uncharacterized protein YNL050C
P53953	SFB2	YNL049C	ISS1	SED5-binding protein 2
P53954	ALG11	YNL048W		GDP-Man:Man
P53955	SLM2	YNL047C	LIT1	Phosphatidylinositol 4,5-bisphosphate-binding protein SLM2
P53956		YNL046W		Uncharacterized endoplasmic reticulum membrane protein YNL046W
P53957		YNL043C		Putative uncharacterized protein YNL043C
P53958	BOP3	YNL042W		Protein BOP3
P53959	COG6	YNL041C	COD2;SEC37;TFI2	Conserved oligomeric Golgi complex subunit 6
P53960		YNL040W		Putative alanyl-tRNA editing protein alaX
P53961	GPI15	YNL038W		Phosphatidylinositol N-acetylglucosaminyltransferase subunit GPI15
P53962		YNL035C		Uncharacterized WD repeat-containing protein YNL035C
P53963		YNL034W		Uncharacterized protein YNL034W
P53964		YNL033W		Uncharacterized membrane protein YNL033W
P53965	SIW14	YNL032W	OCA3	Inositol diphosphatase SIW14
P53966	KTR5	YNL029C		Probable mannosyltransferase KTR5
P53967		YNL028W		Putative uncharacterized protein YNL028W
P53968	CRZ1	YNL027W	HAL8;TCN1	Transcriptional regulator CRZ1
P53969	SAM50	YNL026W	TOB55	Sorting assembly machinery 50 kDa subunit
P53970	EFM6	YNL024C		Protein-lysine N-methyltransferase EFM6
P53971	FAP1	YNL023C		FKBP12-associated protein 1
P53972	RCM1	YNL022C		25S rRNA
P53973	HDA1	YNL021W		Histone deacetylase HDA1
P53974	ARK1	YNL020C		Actin-regulating kinase 1
P53975		YNL019C		Uncharacterized membrane protein YNL019C
P53976		YNL018C		Uncharacterized protein YNL018C
P53977		YNL017C		Putative uncharacterized protein YNL017C
P53978	HEF3	YNL014W	YEF3B;ZRG7	Elongation factor 3B
P53979		YNL013C		Putative uncharacterized protein YNL013C
P53980		YNL011C		Uncharacterized protein YNL011C
P53981	PYP1	YNL010W		Polyol phosphate phosphatase PYP1
P53982	IDP3	YNL009W		Isocitrate dehydrogenase
P53983	ASI3	YNL008C		Probable ERAD-associated E3 ubiquitin-protein ligase ASI1
P54000	SUB1	YMR039C	TSP1	RNA polymerase II transcriptional coactivator SUB1
P54003	SUR7	YML052W		Protein SUR7
P54005	DIA1	YMR316W		Protein DIA1
P54007		YLR460C		Uncharacterized protein YLR460C
P54070	KTR6	YPL053C	MNN6	Mannosyltransferase KTR6
P54072		YLR152C		Uncharacterized transporter YLR152C
P54074	ASI1	YMR119W		ERAD-associated E3 ubiquitin-protein ligase ASI1
P54113	ADE16	YLR028C		Bifunctional purine biosynthesis protein ADE16
P54114	ALD3	YMR169C	ALD4	Aldehyde dehydrogenase
P54115	ALD6	YPL061W	ALDH1	Magnesium-activated aldehyde dehydrogenase, cytosolic
P54199	MPS1	YDL028C	RPK1	Serine/threonine-protein kinase MPS1
P54730	UBX4	YMR067C		UBX domain-containing protein 4
P54780	RPL15B	YMR121C	RPL10B;RPL13B;YL10B	Large ribosomal subunit protein eL15B
P54781	ERG5	YMR015C	CYP61	C-22 sterol desaturase ERG5
P54783	ALO1	YML086C		D-arabinono-1,4-lactone oxidase
P54784	ORC1	YML065W		Origin recognition complex subunit 1
P54785	MOT3	YMR070W	ROX7	Transcriptional activator/repressor MOT3
P54786	ZDS2	YML109W	MCS1	Protein ZDS2
P54787	VPS9	YML097C	VPT9	Vacuolar protein sorting-associated protein 9
P54790	ORC3	YLL004W	OAF1;OIF1	Origin recognition complex subunit 3
P54791	ORC4	YPR162C		Origin recognition complex subunit 4
P54837	ERV25	YML012W		Endoplasmic reticulum vesicle protein 25
P54838	DAK1	YML070W		Dihydroxyacetone kinase 1
P54839	ERG13	YML126C	HMGS	Hydroxymethylglutaryl-CoA synthase
P54854	HXT15	YDL245C		Hexose transporter HXT15
P54857	TGL2	YDR058C		Triacylglycerol lipase 2
P54858	DOS2	YDR068W		Protein DOS2
P54860	UFD2	YDL190C		E4 ubiquitin-protein ligase UFD2
P54861	DNM1	YLL001W		Dynamin-related protein DNM1
P54862	HXT11	YOL156W	LGT3	Hexose transporter HXT11
P54867	SLG1	YOR008C	WSC1	Protein SLG1
P54885	PRO2	YOR323C		Gamma-glutamyl phosphate reductase
P54964	REX2	YLR059C	YNT20	Oligoribonuclease, mitochondrial
P54999	SMX3	YPR182W		Small nuclear ribonucleoprotein F
P56508	SNA2	YDR525W-A		Protein SNA2
P56628	RPL22B	YFL034C-A		Large ribosomal subunit protein eL22B
P57743	LSM3	YLR438C-A	SMX4;USS2	LSM complex subunit LSM3
P57744	TIM8	YJR135W-A		Mitochondrial import inner membrane translocase subunit TIM8
P60010	ACT1	YFL039C	ABY1;END7	Actin
P61829	OLI1	Q0130	ATP9;OLI3;PHO2	ATP synthase subunit 9, mitochondrial
P61830	HHT1; HHT2	YBR010W;YNL031C	;SIN2	Histone H3
P62651	ERI1	YPL096C-A	RIN1	Phosphatidylinositol N-acetylglucosaminyltransferase ERI1 subunit
P69771	DID2	YKR035W-A	CHM1;FTI1;VPS46	Vacuolar protein-sorting-associated protein 46
P69850	DAD3	YBR233W-A		DASH complex subunit DAD3
P69851	DAD4	YDR320C-A	HSK2	DASH complex subunit DAD4
P69852	HSK3	YKL138C-A		DASH complex subunit HSK3
P80210	ADE12	YNL220W		Adenylosuccinate synthetase
P80235	YAT1	YAR035W		Putative mitochondrial carnitine O-acetyltransferase
P80428	ARP4	YJL081C	ACT3	Actin-related protein 4
P80667	PEX13	YLR191W	PAS20	Peroxisomal membrane protein PEX13
P80967	TOM5	YPR133W-A	MOM8A	Mitochondrial import receptor subunit TOM5
P81449	TIM11	YDR322C-A	ATP21	ATP synthase subunit e, mitochondrial
P81450	ATP18	YML081C-A		ATP synthase subunit J, mitochondrial
P81451	ATP19	YOL077W-A		ATP synthase subunit K, mitochondrial
P85052	BUD25	YER014C-A		Bud site selection protein 25
P87012		YCL001W-A		Putative pelota-like protein YCL001W-A
P87108	TIM10	YHR005C-A	MRS11	Mitochondrial import inner membrane translocase subunit TIM10
P87191		YER119C-A		Putative uncharacterized protein YER119C-A
P87261		YDR537C		Putative uncharacterized protein YDR537C
P87262	RPL34A	YER056C-A		Large ribosomal subunit protein eL34A
P87263		YER066C-A		Putative uncharacterized protein YER066C-A
P87264		YDR467C		Putative uncharacterized protein YDR467C
P87266		YDR413C		Putative uncharacterized protein YDR413C
P87267		YDR417C		Putative uncharacterized protein YDR417C
P87268		YDR426C		Putative uncharacterized protein YDR426C
P87269		YDR433W		Putative uncharacterized protein YDR433W
P87270		YDR442W		Putative uncharacterized protein YDR442W
P87271		YDR455C		Putative uncharacterized protein YDR455C
P87272		YDR509W		Putative uncharacterized protein YDR509W
P87273		YDR521W		Putative uncharacterized protein YDR521W
P87274		YDR526C		Putative uncharacterized protein YDR526C
P87275	AIM11	YER093C-A	GEP8	Altered inheritance of mitochondria protein 11
P87280		YDR290W		Putative uncharacterized protein YDR290W
P87281		YDR269C		Putative uncharacterized protein YDR269C
P87282		YDR271C		Putative uncharacterized protein YDR271C
P87283		YDR274C		Uncharacterized protein YDR274C
P87284	PMP3	YDR276C	SNA1	Plasma membrane proteolipid 3
P87285		YDR355C		Putative uncharacterized protein YDR355C
P87286	OPI7	YDR360W		Putative uncharacterized protein OPI7
P87287		YDR366C		Uncharacterized protein YDR366C
P87288		YDR327W		Putative uncharacterized protein YDR327W
P89102	SEC5	YDR166C		Exocyst complex component SEC5
P89105	CTR9	YOL145C	CDP1	RNA polymerase-associated protein CTR9
P89113	DDR2	YOL052C-A		Protein DDR2
P89114	SAE3	YHR079C-A		Pachytene arrest protein SAE3
P89495		YBL109W		Putative uncharacterized protein YBL109W
P89886	TMA20	YER007C-A		Translation machinery-associated protein 20
P89888		YEL075W-A		Putative uncharacterized protein YEL075W-A
P90471		YBR109W-A		Putative uncharacterized protein YBR109W-A
P9WEJ1		YNL040C-A		Uncharacterized protein YNL040C-A
P9WEJ2		YNL155C-A		Uncharacterized protein YNL155C-A
P9WEJ3		YMR106W-A		Uncharacterized protein YMR106W-A
P9WEJ4		YFR035W-A		Uncharacterized protein YFR035W-A
P9WEJ5		YDL204W-A		Uncharacterized protein YDL204W-A
P9WEJ6		YGR016C-A		Uncharacterized protein YGR016C-A
P9WEN8		YHR052C-B		Uncharacterized protein YHR052C-B
P9WEN9		YHR054C-B		Uncharacterized protein YHR054C-B
Q00055	GPD1	YDL022W	DAR1;HOR1;OSG1	Glycerol-3-phosphate dehydrogenase
Q00245	RHO3	YIL118W		GTP-binding protein RHO3
Q00246	RHO4	YKR055W		GTP-binding protein RHO4
Q00362	CDC55	YGL190C		Protein phosphatase PP2A regulatory subunit B
Q00381	APS2	YJR058C	YAP17	AP-2 complex subunit sigma
Q00402	NUM1	YDR150W	PAC12	Nuclear migration protein NUM1
Q00416	SEN1	YLR430W		Helicase SEN1
Q00453	RGM1	YMR182C		Probable transcription repressor protein RGM1
Q00539	NAM8	YHR086W	MRE2;MUD15	Protein NAM8
Q00578	SSL2	YIL143C	LOM3;RAD25;UVS112	General transcription and DNA repair factor IIH helicase/translocase subunit XPB/SSL2
Q00582	GTR1	YML121W		GTP-binding protein GTR1
Q00590		YDL213W-A		Putative uncharacterized protein YDL213W-A
Q00618	BET4	YJL031C		Geranylgeranyl transferase type-2 subunit alpha
Q00684	CDC14	YFR028C	OAF3	Tyrosine-protein phosphatase CDC14
Q00711	SDH1	YKL148C	SDHA	Succinate dehydrogenase
Q00723	PRP38	YGR075C		Pre-mRNA-splicing factor 38
Q00764	TPS1	YBR126C	BYP1;CIF1;FDP1;GGS1;GLC6;TSS1	Alpha,alpha-trehalose-phosphate synthase
Q00772	SLT2	YHR030C	MPK1	Mitogen-activated protein kinase SLT2/MPK1
Q00776	APM1	YPL259C	YAP54	AP-1 complex subunit mu-1-I
Q00816	REG1	YDR028C	HEX2;PZF240;SPP43;SRN1	Resistance to glucose repression protein 1
Q00873	CYT2	YKL087C		Holocytochrome-c1 synthase
Q00916	SNP1	YIL061C		U1 small nuclear ribonucleoprotein 70 kDa homolog
Q00947	STP1	YDR463W	BAP1;SSY2	Transcription factor STP1
Q00955	ACC1	YNR016C	ABP2;FAS3;MTR7	Acetyl-CoA carboxylase
Q01080	RPA49	YNL248C	RRN13	DNA-directed RNA polymerase I subunit RPA49
Q01159	CEG1	YGL130W		mRNA-capping enzyme subunit alpha
Q01163	RSM23	YGL129C		Small ribosomal subunit protein mS29
Q01217	ARG5,6	YER069W		Protein ARG5,6, mitochondrial
Q01329	PTA1	YAL043C		Pre-tRNA-processing protein PTA1
Q01389	BCK1	YJL095W	LAS3;SLK1;SSP31	Serine/threonine-protein kinase BCK1/SLK1/SSP31
Q01448	HPC2	YBR215W		Histone promoter control protein 2
Q01454	CTF4	YPR135W	CHL15;POB1	DNA polymerase alpha-binding protein
Q01476	UBP2	YOR124C		Ubiquitin carboxyl-terminal hydrolase 2
Q01477	UBP3	YER151C		Ubiquitin carboxyl-terminal hydrolase 3
Q01519	COX12	YLR038C		Cytochrome c oxidase subunit 12, mitochondrial
Q01532	LAP3	YNL239W	BLH1;GAL6;YCP1	Cysteine proteinase 1, mitochondrial
Q01560	NPL3	YDR432W	MTR13;MTS1;NAB1;NOP3	Serine/arginine
Q01574	ACS1	YAL054C		Acetyl-coenzyme A synthetase 1
Q01589	SED1	YDR077W		Cell wall protein SED1
Q01590	SED5	YLR026C		Integral membrane protein SED5
Q01649	CIK1	YMR198W		Spindle pole body-associated protein CIK1
Q01662	MAP1	YLR244C		Methionine aminopeptidase 1
Q01684	SPR6	YER115C		Sporulation-specific protein
Q01722	GCR2	YNL199C		Glycolytic genes transcriptional activator GCR2
Q01766	HAL1	YPR005C		Halotolerance protein HAL1
Q01802	AAT1	YKL106W		Aspartate aminotransferase, mitochondrial
Q01846	MDM1	YML104C		Structural protein MDM1
Q01852	TIM44	YIL022W	ISP45;MIM44;MPI1	Mitochondrial import inner membrane translocase subunit TIM44
Q01855	RPS15	YOL040C	RPS21	Small ribosomal subunit protein uS19
Q01896	ENA2	YDR039C	PMR2B	Sodium/potassium exporting P-type ATPase 2
Q01919	KIN4	YOR233W	KIN3;KIN31	Serine/threonine-protein kinase KIN4
Q01926	MRS2	YOR334W		Magnesium transporter MRS2, mitochondrial
Q01939	RPT6	YGL048C	CIM3;CRL3;SUG1;TBPY;TBY1	26S proteasome regulatory subunit 8 homolog
Q01976	YSA1	YBR111C		ADP-ribose pyrophosphatase
Q02046	MTD1	YKR080W		Methylenetetrahydrofolate dehydrogenase
Q02100	SKO1	YNL167C	ACR1	CRE-binding bZIP protein SKO1
Q02159	UBC7	YMR022W	QRI8	Ubiquitin-conjugating enzyme E2 7
Q02196	MET14	YKL001C		Adenylyl-sulfate kinase
Q02197	MAK10	YEL053C	NAA35	N-alpha-acetyltransferase 35, NatC auxiliary subunit
Q02199	NUP49	YGL172W	NSP49	Nucleoporin NUP49/NSP49
Q02201	OSH6	YKR003W		Oxysterol-binding protein homolog 6
Q02202	ECM9	YKR004C		Protein ECM9
Q02203		YKR005C		Uncharacterized protein YKR005C
Q02204	MRPL13	YKR006C		Large ribosomal subunit protein mL50
Q02205	MEH1	YKR007W	EGO1;GSE2	Protein MEH1
Q02206	RSC4	YKR008W		Chromatin structure-remodeling complex subunit RSC4
Q02207	FOX2	YKR009C		Peroxisomal hydratase-dehydrogenase-epimerase
Q02208	TOF2	YKR010C		Topoisomerase 1-associated factor 2
Q02209		YKR011C		Uncharacterized protein YKR011C
Q02217		YEL034C-A		Putative uncharacterized protein YEL034C-A
Q02256	YVH1	YIR026C		Tyrosine-protein phosphatase YVH1
Q02260	SMD1	YGR074W		Small nuclear ribonucleoprotein Sm D1
Q02326	RPL6A	YML073C	RPL17A;YL16A	Large ribosomal subunit protein eL6A
Q02336	ADA2	YDR448W		SAGA complex subunit ADA2
Q02354	UTP6	YDR449C		U3 small nucleolar RNA-associated protein 6
Q02455	MLP1	YKR095W		Protein MLP1
Q02457	TBF1	YPL128C		Protein TBF1
Q02486	ABF2	YMR072W	HIM1	ARS-binding factor 2, mitochondrial
Q02516	HAP5	YOR358W		Transcriptional activator HAP5
Q02521	SPP2	YOR148C		Pre-mRNA-splicing factor SPP2
Q02554	CUS1	YMR240C		Cold sensitive U2 snRNA suppressor 1
Q02555	RNT1	YMR239C		Ribonuclease 3
Q02574	MEC3	YLR288C	PIP3;PSO9	DNA damage checkpoint control protein MEC3
Q02590		YER091C-A		Putative uncharacterized protein YER091C-A
Q02598		YIL014C-A		Uncharacterized protein YIL014C-A
Q02606	CIP1	YPL014W		Cyclin-dependent kinase inhibitor CIP1
Q02608	MRPS16	YPL013C		Small ribosomal subunit protein bS16m
Q02629	NUP100	YKL068W	NSP100	Nucleoporin NUP100/NSP100
Q02630	NUP116	YMR047C	NSP116	Nucleoporin NUP116/NSP116
Q02642	EGD1	YPL037C		Nascent polypeptide-associated complex subunit beta-1
Q02647	DYN2	YDR424C	SLC1	Dynein light chain 1, cytoplasmic
Q02648	TRM44	YPL030W		tRNA
Q02651	SMA1	YPL027W		Spore membrane assembly protein 1
Q02659		YPL025C		Putative uncharacterized protein YPL025C
Q02685	RMI1	YPL024W	NCE4	RecQ-mediated genome instability protein 1
Q02710	ECM23	YPL021W	SRD2	Protein ECM23
Q02721	REC102	YLR329W		Meiotic recombination protein REC102
Q02724	ULP1	YPL020C		Ubiquitin-like-specific protease 1
Q02725	VTC3	YPL019C	PHM2	Vacuolar transporter chaperone 3 complex subunit 3
Q02732	CTF19	YPL018W	MCM18	Inner kinetochore subunit CTF19
Q02733	IRC15	YPL017C		Increased recombination centers protein 15
Q02749		YPL068C		Uncharacterized protein YPL068C
Q02753	RPL21A	YBR191W	URP1	Large ribosomal subunit protein eL21A
Q02754		YPL067C		Uncharacterized protein YPL067C
Q02767	VPS28	YPL065W	VPT28	Vacuolar protein sorting-associated protein 28
Q02770	CWC27	YPL064C	CYP7	Peptidyl-prolyl isomerase CWC27
Q02771	PET117	YER058W		Protein PET117, mitochondrial
Q02772	PET191	YJR034W		Cytochrome c oxidase assembly factor PET191
Q02773	RPM2	YML091C		Ribonuclease P protein component, mitochondrial
Q02774	SHR3	YDL212W		Secretory component protein SHR3
Q02775	SLU7	YDR088C	SLT17	Pre-mRNA-splicing factor SLU7
Q02776	TIM50	YPL063W		Mitochondrial import inner membrane translocase subunit TIM50
Q02781		YPL062W		Uncharacterized protein YPL062W
Q02783	MFM1	YPL060W	LPE10	Mitochondrial inner membrane magnesium transporter MFM1
Q02784	GRX5	YPL059W		Monothiol glutaredoxin-5, mitochondrial
Q02785	PDR12	YPL058C		ATP-dependent permease PDR12
Q02786	LCL1	YPL056C		Long chronological lifespan protein 1
Q02792	RAT1	YOR048C	HKE1;TAP1	5'-3' exoribonuclease 2
Q02793	SKI8	YGL213C	REC103	Antiviral protein SKI8
Q02794	STD1	YOR047C	MSN3;SFS3	Protein STD1
Q02795	SWP1	YMR149W		Dolichyl-diphosphooligosaccharide--protein glycosyltransferase subunit SWP1
Q02796	LGE1	YPL055C		Transcriptional regulatory protein LGE1
Q02799	LEE1	YPL054W		Zinc finger protein LEE1
Q02803	OAZ1	YPL052W		Ornithine decarboxylase antizyme
Q02804	ARL3	YPL051W	ARP1	ADP-ribosylation factor-like protein 3
Q02805	ROD1	YOR018W		Protein ROD1
Q02820	NCE101	YJL205C	NCE1	Non-classical export protein 1
Q02821	SRP1	YNL189W	KAP60	Importin subunit alpha
Q02825	SEN54	YPL083C		tRNA-splicing endonuclease subunit SEN54
Q02826		YPL080C		Uncharacterized protein YPL080C
Q02831		YPL077C		Uncharacterized protein YPL077C
Q02863	UBP16	YPL072W		Ubiquitin carboxyl-terminal hydrolase 16
Q02864		YPL071C		Uncharacterized protein YPL071C
Q02866	MUK1	YPL070W		Protein MUK1
Q02872		YPL108W		Uncharacterized protein YPL108W
Q02873		YPL107W		UPF0651 protein YPL107W, mitochondrial
Q02875	SYH1	YPL105C		SMY2 homolog 2
Q02883	FMP30	YPL103C		N-acyl-phosphatidylethanolamine-hydrolyzing phospholipase D, mitochondrial
Q02884	ELP4	YPL101W	HAP1;TOT7	Elongator complex protein 4
Q02887	ATG21	YPL100W	CVT21;HSV1;MAI1	Autophagy-related protein 21
Q02888	INA17	YPL099C	AIM43;FMP14	Inner membrane assembly complex subunit 17
Q02889	MGR2	YPL098C		Protein MGR2
Q02890	PNG1	YPL096W		Peptide-N
Q02891	EEB1	YPL095C		Medium-chain fatty acid ethyl ester synthase/esterase 1
Q02892	NOG1	YPL093W		Nucleolar GTP-binding protein 1
Q02895	AAD16	YPL088W		Putative aryl-alcohol dehydrogenase AAD16
Q02896	YDC1	YPL087W		Alkaline ceramidase YDC1
Q02908	ELP3	YPL086C	HPA1;TOT3	Elongator complex protein 3
Q02931	NAN1	YPL126W	UTP17	NET1-associated nuclear protein 1
Q02932	KAP120	YPL125W		Importin beta-like protein KAP120
Q02933	RNY1	YPL123C		Ribonuclease T2-like
Q02939	TFB2	YPL122C		General transcription and DNA repair factor IIH subunit TFB2
Q02948	VPS30	YPL120W	APG6;ATG6;VPT30	Vacuolar protein sorting-associated protein 30
Q02950	MRP51	YPL118W		Small ribosomal subunit protein bS1m
Q02959	HOS3	YPL116W		Histone deacetylase HOS3
Q02961		YPL113C		Putative 2-hydroxyacid dehydrogenase YPL113C
Q02969	PEX25	YPL112C		Peroxisomal membrane protein PEX25
Q02979	GDE1	YPL110C		Glycerophosphocholine phosphodiesterase GDE1
Q02981		YPL109C		ABC1 family protein YPL109C, mitochondrial
Q02983	RRN5	YLR141W		RNA polymerase I-specific transcription initiation factor RRN5
Q03002	FRK1	YPL141C		Fatty acyl-CoA synthetase and RNA processing-associated kinase 1
Q03010	UME1	YPL139C	WTM3	Transcriptional regulatory protein UME1
Q03012	SPP1	YPL138C	CPS40;SAF41	COMPASS component SPP1
Q03016	GIP3	YPL137C		GLC7-interacting protein 3
Q03018	ESP1	YGR098C		Separin
Q03020	ISU1	YPL135W	NUA1	Iron sulfur cluster assembly protein 1, mitochondrial
Q03028	ODC1	YPL134C		Mitochondrial 2-oxodicarboxylate carrier 1
Q03029	SPO19	YPL130W		Sporulation-specific protein 19
Q03034	FDC1	YDR539W		Ferulic acid decarboxylase 1
Q03036	IRC4	YDR540C		Uncharacterized protein IRC4
Q03048	COF1	YLL050C		Cofilin
Q03049		YDR541C		Putative uncharacterized oxidoreductase YDR541C
Q03050	PAU10	YDR542W		Seripauperin-10
Q03051		YDR543C		Putative UPF0320 protein YDR543C
Q03057		YDR544C		Putative uncharacterized protein YDR544C
Q03063	DIG1	YPL049C	RST1	Down-regulator of invasive growth 1
Q03067	SGF11	YPL047W		SAGA complex subunit SGF11
Q03071	ELC1	YPL046C		Elongin-C
Q03079	MRX11	YPL041C		MIOREX complex component 11
Q03080		YPL039W		Uncharacterized protein YPL039W
Q03081	MET31	YPL038W		Transcriptional regulator MET31
Q03083		YPL034W		Uncharacterized protein YPL034W
Q03085	SRL4	YPL033C		Oxidoreductase-like protein SRL4
Q03088	SVL3	YPL032C		Styryl dye vacuolar localization protein 3
Q03096	EST3	YIL009C-A		Telomere replication protein EST3
Q03099		YML133C		Y' element ATP-dependent helicase YML133C
Q03102		YML131W		Uncharacterized membrane protein YML131W
Q03103	ERO1	YML130C		Endoplasmic oxidoreductin-1
Q03104	MSC1	YML128C		Meiotic sister chromatid recombination protein 1
Q03124	RSC9	YML127W		Chromatin structure-remodeling complex subunit RSC9
Q03125	NRG1	YDR043C	MSS1	Transcriptional regulator NRG1
Q03144	SNO1	YMR095C		Pyridoxal 5'-phosphate synthase subunit SNO1
Q03148	SNZ1	YMR096W		Pyridoxal 5'-phosphate synthase subunit SNZ1
Q03151	MTG1	YMR097C		Mitochondrial GTPase 1
Q03153	ATP25	YMR098C		ATPase synthesis protein 25, mitochondrial
Q03161		YMR099C		Glucose-6-phosphate 1-epimerase
Q03162	MUB1	YMR100W		MYND-type zinc finger protein MUB1
Q03175	SRT1	YMR101C		Dehydrodolichyl diphosphate synthase complex subunit SRT1
Q03177		YMR102C		WD repeat-containing protein YMR102C
Q03178	PIR1	YKL164C	CCW6	Cell wall mannoprotein PIR1
Q03180	PIR3	YKL163W	CCW8	Cell wall mannoprotein PIR3
Q03186		YFL012W-A		Putative uncharacterized protein YFL012W-A
Q03187		YFL013W-A		Putative uncharacterized protein YFL013W-A
Q03193		YDR090C		Uncharacterized membrane protein YDR090C
Q03195	RLI1	YDR091C		Translation initiation factor RLI1
Q03201	RSM10	YDR041W		Small ribosomal subunit protein uS10m
Q03205		YDR042C		Uncharacterized protein YDR042C
Q03207		YML122C		Uncharacterized protein YML122C
Q03208		YML119W		Uncharacterized protein YML119W
Q03210	NGL3	YML118W		Probable RNA exonuclease NGL3
Q03212	EAR1	YMR171C		Protein EAR1
Q03213	HOT1	YMR172W		High-osmolarity-induced transcription protein 1
Q03214	ECM5	YMR176W		Protein ECM5
Q03218	MMT1	YMR177W	MFT1	Mitochondrial metal transporter 1
Q03219	FPY1	YMR178W		FAD diphosphatase
Q03220	CTL1	YMR180C		Polynucleotide 5'-triphosphatase CTL1
Q03231		YMR181C		Uncharacterized protein YMR181C
Q03233	ADD37	YMR184W		Alpha1-proteinase inhibitor-degradation deficient protein 37
Q03236		YMR187C		Uncharacterized protein YMR187C
Q03246	MRPS17	YMR188C		Small ribosomal subunit protein uS17m
Q03254	FCP1	YMR277W		RNA polymerase II subunit A C-terminal domain phosphatase
Q03262	PRM15	YMR278W	PGM3	Phosphoribomutase
Q03263		YMR279C		Uncharacterized transporter YMR279C
Q03264	NGL2	YMR285C		RNA exonuclease NGL2
Q03266	ABZ2	YMR289W		Aminodeoxychorismate lyase
Q03280	TOM1	YDR457W	SSR2	E3 ubiquitin-protein ligase TOM1
Q03281	HEH2	YDR458C		Inner nuclear membrane protein HEH2
Q03289	PFA5	YDR459C		Palmitoyltransferase PFA5
Q03290	TFB3	YDR460W	RIG2	RNA polymerase II transcription factor B subunit 3
Q03305	RMT2	YDR465C		Protein arginine N-methyltransferase 2
Q03306	PKH3	YDR466W		Serine/threonine-protein kinase PKH3
Q03308	VPS16	YPL045W	VAM9;VPT16	Vacuolar protein sorting-associated protein 16
Q03322	TLG1	YDR468C		t-SNARE affecting a late Golgi compartment protein 1
Q03323	SDC1	YDR469W	CPS25;SAF19	COMPASS component SDC1
Q03327	UGO1	YDR470C		Mitochondrial fusion and transport protein UGO1
Q03330	GCN5	YGR252W	ADA4;SWI9	Histone acetyltransferase GCN5
Q03337	TRS31	YDR472W		Trafficking protein particle complex subunit 31
Q03338	PRP3	YDR473C	RNA3	U4/U6 small nuclear ribonucleoprotein PRP3
Q03361	JIP4	YDR475C		Uncharacterized protein JIP4
Q03362		YDR476C		Uncharacterized protein YDR476C
Q03370	PEX29	YDR479C		Peroxisomal membrane protein PEX29
Q03373	DIG2	YDR480W	RST2	Down-regulator of invasive growth 2
Q03375	CWC21	YDR482C		Pre-mRNA-splicing factor CWC21
Q03388	VPS72	YDR485C	SWC2	Vacuolar protein sorting-associated protein 72
Q03390	VPS60	YDR486C	CHM5;MOS10	Vacuolar protein-sorting-associated protein 60
Q03406	SLD5	YDR489W		DNA replication complex GINS protein SLD5
Q03407	PKH1	YDR490C		Serine/threonine-protein kinase PKH1
Q03418		YDR491C		Putative uncharacterized protein YDR491C
Q03419	IZH1	YDR492W		ADIPOR-like receptor IZH1
Q03429	MZM1	YDR493W	AIM8;FMP36	Mitochondrial zinc maintenance protein 1, mitochondrial
Q03430	RSM28	YDR494W		Small ribosomal subunit protein mS46
Q03433	VPS71	YML041C	SWC6	Vacuolar protein sorting-associated protein 71
Q03434	TY1B-ML2	YML039W	YMLWTy1-2;POL	Transposon Ty1-ML2 Gag-Pol polyprotein
Q03435	NHP10	YDL002C	HMO2	Non-histone protein 10
Q03441	RMD1	YDL001W		Sporulation protein RMD1
Q03446	RCR2	YDR003W	SSH5	Protein RCR2
Q03455	MSC2	YDR205W		Probable zinc transporter MSC2
Q03465	RPN4	YDL020C	SON1;UFD5	Protein RPN4
Q03466	EBS1	YDR206W		Nonsense-mediated mRNA decay factor EBS1
Q03480		YDR209C		Uncharacterized protein YDR209C
Q03482	CPP2	YDR210W		Lipid-anchored plasma membrane protein CPP2
Q03483	TY2A-DR2	YDR210W-A	YDRWTy2-2;GAG	Transposon Ty2-DR2 Gag polyprotein
Q03494	TY2B-DR2	YDR210W-B	YDRWTy2-2;POL	Transposon Ty2-DR2 Gag-Pol polyprotein
Q03496	TRM732	YMR259C		tRNA
Q03497	STE20	YHL007C		Serine/threonine-protein kinase STE20
Q03503	MAK3	YPR051W	NAA30	N-alpha-acetyltransferase 30
Q03508		YMR265C		Uncharacterized protein YMR265C
Q03516	RSN1	YMR266W		Uncharacterized protein RSN1
Q03525	TMA23	YMR269W		Protein TMA23
Q03529	SCS7	YMR272C	FAH1	Ceramide very long chain fatty acid hydroxylase SCS7
Q03530	RCE1	YMR274C		CAAX prenyl protease 2
Q03532	HAS1	YMR290C		ATP-dependent RNA helicase HAS1
Q03533	TDA1	YMR291W		Serine/threonine-protein kinase TDA1
Q03554	GOT1	YMR292W		Protein transport protein GOT1
Q03557	HER2	YMR293C	GEP6;LRC6	Glutamyl-tRNA
Q03558	OYE2	YHR179W		NADPH dehydrogenase 2
Q03559		YMR295C		Uncharacterized protein YMR295C
Q03579	LIP1	YMR298W		Ceramide synthase subunit LIP1
Q03612	TY1B-ER1	YER138C	YERCTy1-1;POL	Transposon Ty1-ER1 Gag-Pol polyprotein
Q03619	TY1B-ER2	YER160C	YERCTy1-2;POL	Transposon Ty1-ER2 Gag-Pol polyprotein
Q03629		YML079W		Uncharacterized protein YML079W
Q03630	BET5	YML077W		Trafficking protein particle complex subunit BET5
Q03631	WAR1	YML076C		Weak acid resistance protein 1
Q03640	TCB3	YML072C		Tricalbin-3
Q03648		YMR209C		Uncharacterized protein YMR209C
Q03649	MGL2	YMR210W		Monoacylglycerol lipase
Q03652	DML1	YMR211W		Protein DML1
Q03653	EFR3	YMR212C		Protein EFR3
Q03654	CEF1	YMR213W	NTC85	Pre-mRNA-splicing factor CEF1
Q03655	GAS3	YMR215W		Probable 1,3-beta-glucanosyltransferase GAS3
Q03656	SKY1	YMR216C		Serine/threonine-protein kinase SKY1
Q03660	TRS130	YMR218C		Trafficking protein particle complex II-specific subunit 130
Q03661	ESC1	YMR219W		Silent chromatin protein ESC1
Q03667	MIX17	YMR002W	MIC17	Mitochondrial intermembrane space cysteine motif-containing protein MIX17
Q03673	AIM34	YMR003W		Altered inheritance of mitochondria protein 34, mitochondrial
Q03674	PLB2	YMR006C		Lysophospholipase 2
Q03675		YMR007W		Uncharacterized protein YMR007W
Q03677	ADI1	YMR009W		Acireductone dioxygenase
Q03687	ANY1	YMR010W	CFS1	Scramblase ANY1
Q03690	CLU1	YMR012W	TIF31	Clustered mitochondria protein 1
Q03691	ROT1	YMR200W		Protein ROT1
Q03694	INP1	YMR204C		Inheritance of peroxisomes protein 1
Q03695		YMR206W		Uncharacterized protein YMR206W
Q03697	YMD8	YML038C		Putative nucleotide-sugar transporter YMD8
Q03702	CCE1	YKL011C		Cruciform cutting endonuclease 1, mitochondrial
Q03703		YML037C		Uncharacterized protein YML037C
Q03705	CGI121	YML036W		EKC/KEOPS complex subunit CGI121
Q03707	SRC1	YML034W	HEH1	Inner nuclear membrane protein SRC1
Q03713	RCF1	YML030W	AIM31	Respiratory supercomplex factor 1, mitochondrial
Q03714	USA1	YML029W		U1 SNP1-associating protein 1
Q03718	NSE5	YML023C		Non-structural maintenance of chromosome element 5
Q03722		YML020W		Uncharacterized protein YML020W
Q03723	OST6	YML019W		Dolichyl-diphosphooligosaccharide--protein glycosyltransferase subunit OST6
Q03730		YML018C		Uncharacterized vacuolar membrane protein YML018C
Q03735	NAB6	YML117W		RNA-binding protein NAB6
Q03750	TAF8	YML114C	TAF65	Transcription initiation factor TFIID subunit 8
Q03758	BUL2	YML111W		Ubiquitin ligase-binding protein BUL2
Q03759		YML108W		Uncharacterized protein YML108W
Q03760	PML39	YML107C		Pre-mRNA leakage protein 39
Q03761	TAF12	YDR145W	TAF61;TAF68	SAGA complex/transcription factor TFIID complex subunit TAF12
Q03764	EKI1	YDR147W		Ethanolamine kinase
Q03768	GIR2	YDR152W	DFRP2	Protein GIR2
Q03769	ENT5	YDR153C		Epsin-5
Q03770	SSY1	YDR160W	APF7;SHR10	SPS-sensor component SSY1
Q03771	ACL4	YDR161W		Assembly chaperone of RPL4
Q03772	CWC15	YDR163W		Pre-mRNA-splicing factor CWC15
Q03774	TRM82	YDR165W		tRNA
Q03776	PRP42	YDR235W	MUD16;SNU65	U1 small nuclear ribonucleoprotein component PRP42
Q03778	FMN1	YDR236C		Riboflavin kinase
Q03780		YDR239C		Uncharacterized protein YDR239C
Q03782	SNU56	YDR240C	MUD10	56 kDa U1 small nuclear ribonucleoprotein component
Q03783	BUD26	YDR241W		Putative uncharacterized protein BUD26
Q03784	TRS23	YDR246W		Trafficking protein particle complex subunit 23
Q03785	VHS1	YDR247W		Serine/threonine-protein kinase VHS1
Q03786		YDR248C		Probable gluconokinase
Q03787		YDR249C		Uncharacterized protein YDR249C
Q03788		YDR250C		Putative uncharacterized protein YDR250C
Q03790	NUP53	YMR153W		Nucleoporin NUP53
Q03792	RIM13	YMR154C	CPL1	Calpain-like protease 1
Q03795		YMR155W		Uncharacterized membrane protein YMR155W
Q03796	TPP1	YMR156C		Polynucleotide 3'-phosphatase
Q03798	AIM36	YMR157C	FMP39	Altered inheritance of mitochondria protein 36, mitochondrial
Q03799	MRPS8	YMR158W		Small ribosomal subunit protein uS8m
Q03818	ATG16	YMR159C	APG15;APG16;CVT11;SAP18	Autophagy protein 16
Q03823		YMR160W		Uncharacterized protein YMR160W
Q03824	INP2	YMR163C		Inheritance of peroxisomes protein 2
Q03825	MSS11	YMR164C		Transcription activator MSS11
Q03829	MME1	YMR166C		Mitochondrial magnesium exporter 1
Q03831		YDR095C		Putative uncharacterized protein YDR095C
Q03833	GIS1	YDR096W		Transcriptional activator/repressor GIS1
Q03834	MSH6	YDR097C	PMS3	DNA mismatch repair protein MSH6
Q03835	GRX3	YDR098C		Monothiol glutaredoxin-3
Q03855	TY1B-DR1	YDR098C-B	YDRCTy1-1;POL	Transposon Ty1-DR1 Gag-Pol polyprotein
Q03856	TY1A-DR1	YDR098C-A	YDRCTy1-1;GAG	Transposon Ty1-DR1 Gag polyprotein
Q03860	TVP15	YDR100W		Golgi apparatus membrane protein TVP15
Q03862	ARX1	YDR101C		Probable metalloprotease ARX1
Q03864		YDR102C		Uncharacterized protein YDR102C
Q03868	SPO71	YDR104C		Prospore membrane adapter protein SPO71
Q03879		YMR122C		Uncharacterized protein YMR122C
Q03880	PKR1	YMR123W		V-type ATPase assembly factor PKR1
Q03884		YIL100C-A		Putative uncharacterized protein YIL100C-A
Q03885		YIR017W-A		Putative uncharacterized protein YIR017W-A
Q03886		YIR020W-A		Putative uncharacterized protein YIR020W-A
Q03888		YIR020C-B		Putative uncharacterized protein YIR020C-B
Q03897	MTC5	YDR128W	SEA3	Maintenance of telomere capping protein 5
Q03898	FIN1	YDR130C		Filament protein FIN1
Q03899		YDR131C		F-box protein YDR131C
Q03900		YDR132C		Uncharacterized protein YDR132C
Q03904		YDR133C		Putative uncharacterized protein YDR133C
Q03913	VPS61	YDR136C		Putative uncharacterized protein VPS61
Q03919	RUB1	YDR139C		NEDD8-like protein RUB1
Q03920	MTQ2	YDR140W	MTC6	eRF1 methyltransferase catalytic subunit MTQ2
Q03921	DOP1	YDR141C		Protein DOP1
Q03935	YAP6	YDR259C	HAL7	AP-1-like transcription factor YAP6
Q03937	HED1	YDR014W-A		Meiosis-specific protein HED1
Q03940	RVB1	YDR190C	TIH1;TIP49A	RuvB-like protein 1
Q03941	CAB5	YDR196C		Dephospho-CoA kinase CAB5
Q03942	RKM2	YDR198C		Ribosomal lysine N-methyltransferase 2
Q03944	VPS64	YDR200C	FAR9	Vacuolar protein sorting-associated protein 64
Q03954	SPC19	YDR201W		DASH complex subunit SPC19
Q03956	RAV2	YDR202C		Regulator of V-ATPase in vacuolar membrane protein 2
Q03957	CTK1	YKL139W		CTD kinase subunit alpha
Q03964	TY1A-DR2	YDR170W-A		Transposon Ty1-DR2 Gag polyprotein
Q03973	HMO1	YDR174W	HSM2	High mobility group protein 1
Q03976	RSM24	YDR175C		Small ribosomal subunit protein mS35
Q03981	CSN9	YDR179C		COP9 signalosome complex subunit 9
Q03983		YDR179W-A		Uncharacterized protein YDR179W-A
Q04002	SCC2	YDR180W		Sister chromatid cohesion protein 2
Q04003	SAS4	YDR181C		Something about silencing protein 4
Q04004	PLP1	YDR183W		Phosducin-like protein 1
Q04005	ATC1	YDR184C	LIC4	Protein ATC1/LIC4
Q04006	UPS3	YDR185C	GEP2	Protein UPS3, mitochondrial
Q04007	SND1	YDR186C		SRP-independent targeting protein 1
Q04013	YHM2	YMR241W		Citrate/oxoglutarate carrier protein
Q04018		YMR244W		Uncharacterized protein YMR244W
Q04019		YMR245W		Putative uncharacterized protein YMR245W
Q04031	RRP17	YDR412W		Ribosomal RNA-processing protein 17
Q04033		YDR415C		Probable aminopeptidase YDR415C
Q04048	SYF1	YDR416W	NTC90	Pre-mRNA-splicing factor SYF1
Q04049	RAD30	YDR419W	DBH1	DNA polymerase eta
Q04052	ARO80	YDR421W		Transcriptional activator ARO80
Q04053	SNX41	YDR425W		Sorting nexin-41
Q04062	RPN9	YDR427W	NAS7	26S proteasome regulatory subunit RPN9
Q04066	BNA7	YDR428C		Kynurenine formamidase
Q04067	TIF35	YDR429C		Eukaryotic translation initiation factor 3 subunit G
Q04069		YDR431W		Putative uncharacterized protein YDR431W
Q04080	GPI17	YDR434W		GPI transamidase component GPI17
Q04081	PPM1	YDR435C		Leucine carboxyl methyltransferase 1
Q04082	GPI19	YDR437W		Phosphatidylinositol N-acetylglucosaminyltransferase subunit GPI19
Q04083	THI74	YDR438W		Thiamine-repressible mitochondrial transport protein THI74
Q04087	LRS4	YDR439W		Monopolin complex subunit LRS4
Q04089	DOT1	YDR440W	KMT4;PCH1	Histone-lysine N-methyltransferase, H3 lysine-79 specific
Q04093		YDR444W		Putative lipase YDR444W
Q04100		YDR445C		Putative uncharacterized protein YDR445C
Q04110	ECM11	YDR446W		Protein ECM11
Q04116	YHP1	YDR451C		Homeobox protein YHP1
Q04119	PPN1	YDR452W	PHM5	Endopolyphosphatase
Q04120	TSA2	YDR453C		Peroxiredoxin TSA2
Q04121	NHX1	YDR456W	NHA2;VPL27;VPS44	Endosomal/prevacuolar sodium/hydrogen exchanger
Q04149	MUS81	YDR386W	SLX3	Crossover junction endonuclease MUS81
Q04162		YDR387C		Probable metabolite transport protein YDR387C
Q04170	IAT4	YDR391C		Indolamine N-acetyltransferase 4
Q04172	SHE9	YDR393W	MDM33	Sensitive to high expression protein 9, mitochondrial
Q04174	SMP3	YOR149C	LAS2;SAP2	GPI mannosyltransferase 4
Q04175	SXM1	YDR395W	KAP108	Importin beta SMX1
Q04177	UTP5	YDR398W		U3 small nucleolar RNA-associated protein 5
Q04178	HPT1	YDR399W	BRA6	Hypoxanthine-guanine phosphoribosyltransferase
Q04179	URH1	YDR400W		Uridine nucleosidase
Q04182	PDR15	YDR406W		ATP-dependent permease PDR15
Q04183	TRS120	YDR407C		Trafficking protein particle complex II-specific subunit 120
Q04195	SIZ1	YDR409W	ULL1	E3 SUMO-protein ligase SIZ1
Q04199	CAC2	YML102W		Chromatin assembly factor 1 subunit B
Q04201	CUE4	YML101C		CUE domain-containing protein CUE4
Q04203		YPR012W		Putative uncharacterized protein YPR012W
Q04210	YET2	YMR040W		Endoplasmic reticulum transmembrane protein 2
Q04212	ARA2	YMR041C		D-arabinose 1-dehydrogenase
Q04213	IOC4	YMR044W		ISWI one complex protein 4
Q04214	TY1B-MR1	YMR045C	YMRCTy1-3;POL	Transposon Ty1-MR1 Gag-Pol polyprotein
Q04215	TY1A-MR1	YMR046C	YMRCTy1-3;GAG	Transposon Ty1-MR1 Gag polyprotein
Q04216	DLT1	YMR126C		Defect at low temperature protein 1
Q04217	ECM16	YMR128W	DHR1	Probable ATP-dependent RNA helicase DHR1
Q04223		YMR130W		Uncharacterized protein YMR130W
Q04225	RRB1	YMR131C		Ribosome assembly protein RRB1
Q04226	TAF11	YML015C	TAF40	Transcription initiation factor TFIID subunit 11
Q04228	UBX2	YML013W	SEL1	UBX domain-containing protein 2
Q04231	RAD33	YML011C		DNA repair protein RAD33
Q04233	GIS4	YML006C		Protein GIS4
Q04235	TRM12	YML005W	TYW2	tRNA wybutosine-synthesizing protein 2
Q04264	PDS5	YMR076C		Sister chromatid cohesion protein PDS5
Q04272	VPS20	YMR077C	ASI10;CHM6;VPT20	Vacuolar protein sorting-associated protein 20
Q04276		YMR082C		Uncharacterized protein YMR082C
Q04279	SEG1	YMR086W		Eisosome protein SEG1
Q04299		YMR087W		Probable ADP-ribose 1''-phosphate phosphatase YML087W
Q04301	VBA1	YMR088C		Vacuolar basic amino acid transporter 1
Q04304		YMR090W		UPF0659 protein YMR090W
Q04305	UTP15	YMR093W		U3 small nucleolar RNA-associated protein 15
Q04307	RPC11	YDR045C		DNA-directed RNA polymerase III subunit RPC10
Q04311	VMS1	YDR049W		tRNA endonuclease VMS1
Q04322	GYL1	YMR192W	APP2	Probable GTPase-activating protein GYL1
Q04329	ICY1	YMR195W		Interacting with cytoskeleton protein 1
Q04336		YMR196W		Uncharacterized protein YMR196W
Q04338	VTI1	YMR197C		t-SNARE VTI1
Q04341	MIX14	YDR031W	MIC14	Mitochondrial intermembrane space cysteine motif-containing protein MIX14
Q04344	HNT1	YDL125C	HIT1	Adenosine 5'-monophosphoramidase HNT1
Q04347	BUD22	YMR014W		Bud site selection protein 22
Q04359	SPO20	YMR017W		Sporulation-specific protein 20
Q04364	PEX9	YMR018W		Peroxisomal targeting signal receptor 9
Q04368	CSI1	YMR025W		Cop9 signalosome-interactor 1
Q04370	PEX12	YMR026C		Peroxisome assembly protein 12
Q04371		YMR027W		Damage-control phosphatase YMR027W
Q04372	TAP42	YMR028W		Type 2A phosphatase-associated protein 42
Q04373	PUF6	YDR496C		Pumilio homology domain family member 6
Q04377	LCD1	YDR499W	DDC2;PIE1	DNA damage checkpoint protein LCD1
Q04383	PLM2	YDR501W		Protein PLM2
Q04396	LPP1	YDR503C		Lipid phosphate phosphatase 1
Q04398	SPG3	YDR504C		Stationary phase protein 3
Q04399	GMC1	YDR506C		Putative multicopper oxidase GMC1
Q04401	SDH7	YDR511W	ACN9	Succinate dehydrogenase assembly factor 3, mitochondrial
Q04406	EMI1	YDR512C		Early meiotic induction protein 1
Q04408		YDR514C		Uncharacterized protein YDR514C
Q04409	EMI2	YDR516C		Putative glucokinase-2
Q04410	GRH1	YDR517W		GRASP65 homolog protein 1
Q04411	URC2	YDR520C		Uracil catabolism protein 2
Q04412	AGE1	YDR524C	SAT1	ADP-ribosylation factor GTPase-activating protein effector protein 1
Q04413	API2	YDR525W		Uncharacterized protein API2
Q04418	RBA50	YDR527W		RNA polymerase II-associated protein RBA50
Q04429	HLR1	YDR528W		Protein HLR1
Q04430	CAB1	YDR531W		Pantothenate kinase CAB1
Q04431	KRE28	YDR532C		Outer kinetochore KNL1 complex subunit KRE28
Q04432	HSP31	YDR533C		Glutathione-independent glyoxalase HSP31
Q04433	FIT1	YDR534C		Facilitator of iron transport 1
Q04434		YDR535C		Putative uncharacterized protein YDR535C
Q04436		YMR103C		Uncharacterized protein YMR103C
Q04437	YKU80	YMR106C	HDF2	ATP-dependent DNA helicase II subunit 2
Q04438	SPG4	YMR107W		Stationary phase protein 4
Q04439	MYO5	YMR109W		Myosin-5
Q04458	HFD1	YMR110C		Fatty aldehyde dehydrogenase HFD1
Q04461	EUC1	YMR111C		Transcription factor-like protein EUC1
Q04471		YMR114C		Abasic site processing protein YMR114C
Q04472	MGR3	YMR115W	FMP24	Mitochondrial inner membrane i-AAA protease supercomplex subunit MGR3
Q04477	SPC24	YMR117C		Kinetochore protein SPC24
Q04487	SHH3	YMR118C		Mitochondrial inner membrane protein SHH3
Q04489		YML096W		Asparagine synthetase domain-containing protein YML096W
Q04491	SEC13	YLR208W	ANU3	Protein transport protein SEC13
Q04493	GIM5	YML094W	PFD5	Prefoldin subunit 5
Q04500	UTP14	YML093W		U3 small nucleolar RNA-associated protein 14
Q04501		YML090W		Putative uncharacterized protein YML090W
Q04502		YML089C		Putative uncharacterized protein YML089C
Q04511	UFO1	YML088W		Ubiquitin ligase complex F-box protein UFO1
Q04516	AIM33	YML087C		Uncharacterized oxidoreductase AIM33
Q04521		YML084W		Putative uncharacterized protein YML084W
Q04526		YML083C		Putative uncharacterized protein YML083C
Q04533		YML082W		Putative cystathionine gamma-synthase YML082W
Q04545	TDA9	YML081W		Probable transcription factor TDA9
Q04549	ARP10	YDR106W		Actin-like protein ARP10
Q04562	TMN2	YDR107C		Transmembrane 9 superfamily member 2
Q04585		YDR109C		D-ribulokinase YDR109C
Q04597		YDR114C		Uncharacterized protein YDR114C
Q04598		YDR115W		Large ribosomal subunit protein bL34m
Q04599	MRPL1	YDR116C		Large ribosomal subunit protein uL1m
Q04600	TMA64	YDR117C		Translation machinery-associated protein 64
Q04601	APC4	YDR118W		Anaphase-promoting complex subunit 4
Q04602	VBA4	YDR119W		Vacuolar basic amino acid transporter 4
Q04603	DPB4	YDR121W		DNA polymerase epsilon subunit D
Q04608		YDR124W		Uncharacterized protein YDR124W
Q04623	ECM18	YDR125C		Protein ECM18
Q04629	SWF1	YDR126W	PSL10	Palmitoyltransferase SWF1
Q04632	COG8	YML071C	DOR1	Conserved oligomeric Golgi complex subunit 8
Q04636	POB3	YML069W		FACT complex subunit POB3
Q04638	ITT1	YML068W		E3 ubiquitin-protein ligase ITT1
Q04651	ERV41	YML067C		ER-derived vesicles protein ERV41
Q04658	SMA2	YML066C		Spore membrane assembly protein 2
Q04659	CSM3	YMR048W		Chromosome segregation in meiosis protein 3
Q04660	ERB1	YMR049C		Ribosome biogenesis protein ERB1
Q04670	TY1B-MR2	YMR050C	YMRCTy1-4;POL	Transposon Ty1-MR2 Gag-Pol polyprotein
Q04673	SSL1	YLR005W		General transcription and DNA repair factor IIH subunit SSL1
Q04674		YMR057C		Putative uncharacterized protein YMR057C
Q04675	SEN15	YMR059W		tRNA-splicing endonuclease subunit SEN15
Q04689	AIM32	YML050W		Altered inheritance of mitochondria protein 32
Q04693	RSE1	YML049C	SAP130	Pre-mRNA-splicing factor RSE1
Q04697	GSF2	YML048W	ECM6;EFF2	Glucose-signaling factor 2
Q04705	PRM6	YML047C	KCH2	Pheromone-regulated membrane protein 6
Q04706	TY1A-ML1	YML045W-A	YMLWTy1-1;GAG	Transposon Ty1-ML1 Gag polyprotein
Q04711	TY1B-ML1	YML045W	YMLWTy1-1;POL	Transposon Ty1-ML1 Gag-Pol polyprotein
Q04712	RRN11	YML043C		RNA polymerase I-specific transcription initiation factor RRN11
Q04728	ARG7	YMR062C	ECM40	Arginine biosynthesis bifunctional protein ArgJ, mitochondrial
Q04734	RIM9	YMR063W		pH-response regulator protein palI/RIM9
Q04739	GAL83	YER027C	SPM1	SNF1 protein kinase subunit beta-3
Q04740	RNH1	YMR234W		Ribonuclease H
Q04746	KAR5	YMR065W	FIG3	Nuclear fusion protein KAR5
Q04748	SOV1	YMR066W		Protein SOV1, mitochondrial
Q04749	AVO2	YMR068W		Target of rapamycin complex 2 subunit AVO2
Q04751	NAT4	YMR069W		N-alpha-acetyltransferase 40
Q04767	TVP18	YMR071C		Golgi apparatus membrane protein TVP18
Q04772	IRC21	YMR073C		Increased recombination centers protein 21
Q04773		YMR074C		Uncharacterized protein YMR074C
Q04779	RCO1	YMR075W		Transcriptional regulatory protein RCO1
Q04781	RKR1	YMR247C	LTN1	E3 ubiquitin-protein ligase listerin
Q04792	GAD1	YMR250W		Glutamate decarboxylase
Q04806	GTO3	YMR251W		Glutathione S-transferase omega-like 3
Q04814		YMR252C		Uncharacterized protein YMR252C
Q04835		YMR253C		Uncharacterized membrane protein YMR253C
Q04838		YMR254C		Uncharacterized protein YMR254C
Q04839	GFD1	YMR255W		mRNA transport factor GFD1
Q04847	ROY1	YMR258C		Non-SCF-type F-box protein ROY1
Q04867		YMR310C		Putative methyltransferase YMR310C
Q04868	ELP6	YMR312W	HAP3;TOT6	Elongator complex protein 6
Q04869		YMR315W		Uncharacterized protein YMR315W
Q04893		YMR317W		Uncharacterized protein YMR317W
Q04894	ADH6	YMR318C		NADP-dependent alcohol dehydrogenase 6
Q04895	DAL4	YIR028W		Allantoin permease
Q04897		YMR320W		Uncharacterized protein YMR320W
Q04898		YMR321C		Putative uncharacterized protein YMR321C
Q04902	SNO4	YMR322C	HSP34	Probable glutathione-independent glyoxalase SNO4
Q04909		YMR324C		Putative UPF0377 protein YMR324C
Q04921	SPR28	YDR218C		Sporulation-regulated protein 28
Q04922	MFB1	YDR219C		Mitochondrial F-box protein MFB1
Q04923		YDR220C		Putative uncharacterized protein YDR220C
Q04924	GTB1	YDR221W		Glucosidase 2 subunit beta
Q04925		YDR222W		SVF1-like protein YDR222W
Q04930	CRF1	YDR223W		Transcription factor CRF1
Q04934	IVY1	YDR229W		Protein IVY1
Q04935	COX20	YDR231C		Cytochrome c oxidase assembly protein COX20, mitochondrial
Q04947	RTN1	YDR233C		Reticulon-like protein 1
Q04949	DYN3	YMR299C		Cytoplasmic dynein intermediate light chain DYN3
Q04951	SCW10	YMR305C		Probable family 17 glucosidase SCW10
Q04952	FKS3	YMR306W		1,3-beta-glucan synthase component FKS3
Q04958	NTE1	YML059C		Lysophospholipase NTE1
Q04964	SML1	YML058W		Ribonucleotide reductase inhibitor protein SML1
Q04969	SPC2	YML055W	SPY1	Signal peptidase complex subunit 2
Q04978		YML053C		Uncharacterized protein YML053C
Q04991	FMP42	YMR221C		Protein FMP42
Q05015	FSH2	YMR222C		Family of serine hydrolases 2
Q05016		YMR226C		NADP-dependent 3-hydroxy acid dehydrogenase
Q05021	TAF7	YMR227C	TAF67	Transcription initiation factor TFIID subunit 7
Q05022	RRP5	YMR229C	FMI1	rRNA biogenesis protein RRP5
Q05024	TRI1	YMR233W		Protein TRI1
Q05027	TAF9	YMR236W	TAF17	SAGA complex/transcription factor TFIID complex subunit TAF9
Q05029	BCH1	YMR237W		Protein BCH1
Q05031	DFG5	YMR238W		Mannan endo-1,6-alpha-mannosidase DFG5
Q05040	FAR8	YMR029C		Factor arrest protein 8
Q05043	RSF1	YMR030W		Respiration factor 1
Q05050	EIS1	YMR031C		Eisosome protein 1
Q05080	HOF1	YMR032W	CYK2	Cytokinesis protein 2
Q05123	ARP9	YMR033W	SWP59	Actin-like protein ARP9
Q05131	RCH1	YMR034C		Solute carrier RCH1
Q05164	HPF1	YOL155C		Haze protective factor 1
Q05166	ASM4	YDL088C	NUP59	Nucleoporin ASM4
Q05359	ERP1	YAR002C-A		Protein ERP1
Q05451		YHR050W-A		Putative uncharacterized protein YHR050W-A
Q05468	RQC1	YDR333C		Ribosome quality control complex subunit 1
Q05471	SWR1	YDR334W		Chromatin remodeling protein SWR1
Q05473	MRX8	YDR336W		MIOREX complex component 8
Q05497		YDR338C		Uncharacterized transporter YDR338C
Q05498	FCF1	YDR339C		rRNA-processing protein FCF1
Q05503		YDR340W		Putative uncharacterized protein YDR340W
Q05506		YDR341C		Arginine--tRNA ligase, cytoplasmic
Q05510		YDR344C		Uncharacterized protein YDR344C
Q05515	SVF1	YDR346C	SGI1	Ceramide-binding protein SVF1
Q05518	PAL1	YDR348C		Protein PAL1
Q05521	DPP1	YDR284C	ZRG1	Diacylglycerol pyrophosphate phosphatase 1
Q05530		YDR286C		Glutaredoxin-like protein YDR286C
Q05533	INM2	YDR287W	IMP2	Inositol monophosphatase 2
Q05541	NSE3	YDR288W		Non-structural maintenance of chromosome element 3
Q05543	RTT103	YDR289C		Regulator of Ty1 transposition protein 103
Q05549	HRQ1	YDR291W		ATP-dependent helicase HRQ1
Q05567	DPL1	YDR294C	BST1	Sphingosine-1-phosphate lyase
Q05568	PEX10	YDR265W	PAS4	Peroxisome biogenesis factor 10
Q05580	HEL2	YDR266C		E3 ubiquitin-protein ligase HEL2
Q05583	CIA1	YDR267C		Cytosolic iron-sulfur protein assembly protein 1
Q05584	GLO2	YDR272W		Hydroxyacylglutathione hydrolase, cytoplasmic isozyme
Q05610	DON1	YDR273W		Donuts protein 1
Q05611	BSC2	YDR275W		Bypass of stop codon protein 2
Q05612		YDR278C		Uncharacterized protein YDR278C
Q05635	RNH202	YDR279W		Ribonuclease H2 subunit B
Q05636	RRP45	YDR280W		Exosome complex component RRP45
Q05637	PHM6	YDR281C		Phosphate metabolism protein 6
Q05648	MRX10	YDR282C		MIOREX complex component 10
Q05670	FUS2	YMR232W		Nuclear fusion protein FUS2
Q05672	RBS1	YDL189W		RNA-binding suppressor of PAS kinase protein 1
Q05676	SOM1	YEL059C-A		Protein SOM1, mitochondrial
Q05775	HCR1	YLR192C		Eukaryotic translation initiation factor 3 subunit J
Q05776	UPS1	YLR193C		Protein UPS1, mitochondrial
Q05777	NCW2	YLR194C		Cell wall biogenesis protein NCW2
Q05778	PBA1	YLR199C	POC1	Proteasome chaperone 1
Q05779	COQ9	YLR201C		Ubiquinone biosynthesis protein COQ9, mitochondrial
Q05785	ENT2	YLR206W		Epsin-2
Q05787	HRD3	YLR207W		ERAD-associated E3 ubiquitin-protein ligase component HRD3
Q05788	PNP1	YLR209C		Purine nucleoside phosphorylase
Q05789	ATG38	YLR211C		PtdIns3K complex I subunit atg38
Q05790	CRR1	YLR213C		Probable glycosidase CRR1
Q05791	CDC123	YLR215C		Translation initiation factor eIF2 assembly protein
Q05809	COA4	YLR218C	CMC3	Cytochrome oxidase assembly factor 4
Q05812	MSC3	YLR219W		Meiotic sister-chromatid recombination protein 3
Q05827	HOR7	YMR251W-A		Protein HOR7
Q05854		YLR278C		Uncharacterized transcriptional regulatory protein YLR278C
Q05863		YLR281C		Uncharacterized peptide chain release factor-like protein YLR281C, mitochondrial
Q05867		YLR283W		Uncharacterized protein YLR283W, mitochondrial
Q05871	ECI1	YLR284C		3,2-trans-enoyl-CoA isomerase
Q05874	NNT1	YLR285W	EFM7	Protein N-terminal and lysine N-methyltransferase EFM7
Q05881		YLR287C		Uncharacterized protein YLR287C
Q05892	COQ11	YLR290C	MRX2	MIOREX complex component 2
Q05898		YLR296W		Uncharacterized protein YLR296W
Q05899		YLR297W		Uncharacterized vacuolar protein YLR297W
Q05900	YHC1	YLR298C		U1 small nuclear ribonucleoprotein C
Q05902	ECM38	YLR299W	CIS2	Glutathione hydrolase proenzyme
Q05905	HRI1	YLR301W		Protein HRI1
Q05911	ADE13	YLR359W		Adenylosuccinate lyase
Q05919	VPS38	YLR360W	VPL17	Vacuolar protein sorting-associated protein 38
Q05924	DCR2	YLR361C		Phosphatase DCR2
Q05926	GRX8	YLR364W		Glutaredoxin-8
Q05930	MDM30	YLR368W		Mitochondrial distribution and morphology protein 30
Q05931	SSQ1	YLR369W	SSC2	Iron-sulfur cluster biogenesis chaperone, mitochondrial
Q05933	ARC18	YLR370C		Actin-related protein 2/3 complex subunit 3
Q05934	VID22	YLR373C		Vacuolar import and degradation protein 22
Q05937	STP3	YLR375W		Zinc finger protein STP3
Q05942	RSA3	YLR221C		Ribosome assembly protein 3
Q05946	UTP13	YLR222C		U3 small nucleolar RNA-associated protein 13
Q05947	UCC1	YLR224W		F-box protein UCC1
Q05948		YLR225C		Uncharacterized SVF1-like protein YLR225C
Q05949	BUR2	YLR226W	CST4	Protein BUR2
Q05955	ADY4	YLR227C		Accumulates dyads protein 4
Q05958	ECM22	YLR228C		Sterol regulatory element-binding protein ECM22
Q05979	BNA5	YLR231C		Kynureninase
Q05998	THI7	YLR237W	THI10	Thiamine transporter
Q06001	FAR10	YLR238W		Factor arrest protein 10
Q06005	LIP2	YLR239C		Octanoyltransferase, mitochondrial
Q06010	STE23	YLR389C		A-factor-processing enzyme
Q06011	ECM19	YLR390W		Protein ECM19
Q06032	CST9	YLR394W	ZIP3	Chromosome stability protein 9
Q06051		YLR400W		Putative uncharacterized protein YLR400W
Q06053	DUS3	YLR401C		tRNA-dihydrouridine
Q06057		YLR402W		Putative uncharacterized protein YLR402W
Q06058	SEI1	YLR404W	FLD1	Seipin
Q06063	DUS4	YLR405W		tRNA-dihydrouridine
Q06070		YLR407W		Uncharacterized protein YLR407W
Q06071	BLS1	YLR408C		Biogenesis of lysosome-related organelles complex 1 subunit BLS1
Q06078	UTP21	YLR409C		U3 small nucleolar RNA-associated protein 21
Q06089		YPR098C		Uncharacterized mitochondrial outer membrane protein YPR098C
Q06090	MRPL51	YPR100W		Large ribosomal subunit protein mL43
Q06091	SNT309	YPR101W	NTC25	Pre-mRNA-splicing factor SNT309
Q06096	COG4	YPR105C	SEC38;SGF1	Conserved oligomeric Golgi complex subunit 4
Q06098	ISR1	YPR106W		Serine/threonine-protein kinase ISR1
Q06102	YTH1	YPR107C		mRNA 3'-end-processing protein YTH1
Q06103	RPN7	YPR108W		26S proteasome regulatory subunit RPN7
Q06104	GLD1	YPR109W		Golgi/endosome-localized DSC protein 1
Q06106	MRD1	YPR112C		Multiple RNA-binding domain-containing protein 1
Q06107		YPR114W		Uncharacterized TLC domain-containing protein YPR114W
Q06108	RGC1	YPR115W		Regulator of the glycerol channel 1
Q06109	RRG8	YPR116W		Required for respiratory growth protein 8, mitochondrial
Q06116	HOB2	YPR117W		Protein YPR117W
Q06127		YLR334C		Putative uncharacterized protein YLR334C
Q06132	SGD1	YLR336C		Suppressor of glycerol defect protein 1
Q06134	SPO77	YLR341W		Sporulation-specific protein 77
Q06135	GAS2	YLR343W		1,3-beta-glucanosyltransferase GAS2
Q06137		YLR345W		Putative 6-phosphofructo-2-kinase/fructose-2,6-bisphosphatase YLR345W
Q06139	CIS1	YLR346C		Citrinin resistance protein, mitochondrial
Q06142	KAP95	YLR347C		Importin subunit beta-1
Q06143	DIC1	YLR348C		Mitochondrial dicarboxylate transporter
Q06144	ORM2	YLR350W		Protein ORM2
Q06146		YLR257W		Uncharacterized protein YLR257W
Q06147	LCB5	YLR260W		Sphingoid long chain base kinase 5
Q06148	NEJ1	YLR265C	LIF2	Non-homologous end-joining protein 1
Q06149	PDR8	YLR266C		Transcription factor PDR8
Q06150	BOP2	YLR267W		Protein BOP2
Q06151	DCS1	YLR270W		m7GpppX diphosphatase
Q06152		YLR271W		Uncharacterized protein YLR271W
Q06156	YCS4	YLR272C	LOC7	Condensin complex subunit 1
Q06158		YLR311C		Putative uncharacterized membrane protein YLR311C
Q06159	ATG39	YLR312C		Autophagy-related protein 39
Q06160	SPH1	YLR313C		Protein SPH1
Q06162	NKP2	YLR315W		Inner kinetochore subunit NKP2
Q06163	EST2	YLR318W		Telomerase reverse transcriptase
Q06164	MMS22	YLR320W	SLM2	E3 ubiquitin-protein ligase substrate receptor MMS22
Q06168	SFH1	YLR321C		Chromatin structure-remodeling complex subunit SFH1
Q06169	PEX30	YLR324W		Peroxisomal membrane protein PEX30
Q06170		YLR326W		Uncharacterized membrane protein YLR326W
Q06177	TMA10	YLR327C	SFL2;STF3	Translation machinery-associated protein 10
Q06178	NMA1	YLR328W		Nicotinamide/nicotinic acid mononucleotide adenylyltransferase 1
Q06179	FMP27	YLR454W	HOB1	Protein FMP27, mitochondrial
Q06188	PDP3	YLR455W		NuA3 HAT complex component PDP3
Q06199		YLR456W		Pyridoxamine 5'-phosphate oxidase YLR456W homolog
Q06200	ECM7	YLR443W	ZRG15	Protein ECM7
Q06201	GMC2	YLR445W		Grand meiotic recombination cluster protein 2
Q06204	NGK1	YLR446W		N-acetylglucosamine kinase
Q06205	FPR4	YLR449W		FK506-binding protein 4
Q06208	RIF2	YLR453C		Protein RIF2
Q06211	MMS1	YPR164W	KIM3;RTT108;SLM6	E3 ubiquitin-protein ligase linker protein MMS1
Q06213	NUT2	YPR168W	MED10	Mediator of RNA polymerase II transcription subunit 10
Q06214	JIP5	YPR169W		WD repeat-containing protein JIP5
Q06216	PIG1	YLR273C		Serine/threonine-protein phosphatase 1 regulatory subunit PIG1
Q06217	SMD2	YLR275W		Small nuclear ribonucleoprotein Sm D2
Q06218	DBP9	YLR276C		ATP-dependent RNA helicase DBP9
Q06224	YSH1	YLR277C	BRR5	Endoribonuclease YSH1
Q06235		YLR162W		Protein YLR162W
Q06236	SHH4	YLR164W		Mitochondrial inner membrane protein SHH4
Q06244	PUS5	YLR165C		21S rRNA pseudouridine
Q06245	SEC10	YLR166C		Exocyst complex component SEC10
Q06247		YLR173W		Putative uncharacterized protein YLR173W
Q06251		YLR177W		Uncharacterized protein YLR177W
Q06252		YLR179C		Uncharacterized protein YLR179C
Q06263	VTA1	YLR181C		Vacuolar protein sorting-associated protein VTA1
Q06266	TOS4	YLR183C		Protein TOS4
Q06267		YLR184W		Putative uncharacterized protein YLR184W
Q06287	EMG1	YLR186W	NEP1	Ribosomal RNA small subunit methyltransferase NEP1
Q06315	SKG3	YLR187W		Protein SKG3
Q06321	ATG26	YLR189C	UGT51	Sterol 3-beta-glucosyltransferase
Q06324	MMR1	YLR190W		Mitochondrial MYO2 receptor-related protein 1
Q06325	YPS7	YDR349C		Aspartic proteinase yapsin-7
Q06328	YPQ2	YDR352W		Vacuolar arginine/histidine antiporter YPQ2
Q06333	CNL1	YDR357C		Biogenesis of lysosome-related organelles complex 1 subunit CNL1
Q06336	GGA1	YDR358W		ADP-ribosylation factor-binding protein GGA1
Q06337	EAF1	YDR359C	VID21	Chromatin modification-related protein EAF1
Q06338	BCP1	YDR361C		Protein BCP1
Q06339	TFC6	YDR362C		Transcription factor tau 91 kDa subunit
Q06340	ESC2	YDR363W		Protein ESC2
Q06344	ESF1	YDR365C		Pre-rRNA-processing protein ESF1
Q06346	KEI1	YDR367W		Inositol phosphorylceramide synthase regulatory subunit KEI1
Q06349	DXO1	YDR370C		Decapping and exoribonuclease protein 1
Q06350	CTS2	YDR371W		Sporulation-specific chitinase 2
Q06385	VPS74	YDR372C		Vacuolar protein sorting-associated protein 74
Q06389	FRQ1	YDR373W	NCS1	Calcium-binding protein NCS-1
Q06390	PHO92	YDR374C	MRB1	Methylated RNA-binding protein 1
Q06405	ATP17	YDR377W		ATP synthase subunit f, mitochondrial
Q06406	LSM6	YDR378C		LSM complex subunit LSM6
Q06407	RGA2	YDR379W		Rho-type GTPase-activating protein 2
Q06408	ARO10	YDR380W		Transaminated amino acid decarboxylase
Q06409	DCK1	YLR422W		DOCK-like protein 1
Q06410	ATG17	YLR423C	APG17	Autophagy-related protein 17
Q06411	SPP382	YLR424W	CCF8;NTR1	Pre-mRNA-splicing factor SPP382
Q06412	TUS1	YLR425W	SOP10	Rho1 guanine nucleotide exchange factor TUS1
Q06417	TDA5	YLR426W		Uncharacterized oxidoreductase TDA5
Q06436	MAG2	YLR427W		E3 ubiquitin-protein ligase MAG2
Q06440	CRN1	YLR429W		Coronin-like protein
Q06449	PIN3	YPR154W	LSB2	
Q06451	TPO3	YPR156C		Polyamine transporter 3
Q06466	TDA6	YPR157W		Putative vacuolar protein sorting-associated protein TDA6
Q06469	CUR1	YPR158W		Curing of
Q06479		YLR352W		F-box protein YLR352W
Q06485	ATG33	YLR356W		Autophagy-related protein 33
Q06488	RSC2	YLR357W		Chromatin structure-remodeling complex subunit RSC2
Q06489	MRI1	YPR118W		Methylthioribose-1-phosphate isomerase
Q06490	THI22	YPR121W		Thiamine biosynthesis protein THI22
Q06493	YLH47	YPR125W	MRS7	LETM1 domain-containing protein YLH47, mitochondrial
Q06494		YPR127W		Putative pyridoxal reductase
Q06497	ANT1	YPR128C		Peroxisomal adenine nucleotide transporter 1
Q06504	NAT3	YPR131C		N-terminal acetyltransferase B complex catalytic subunit NAT3
Q06505	SPN1	YPR133C	IWS1	Transcription factor SPN1
Q06506	RRP9	YPR137W		Ribosomal RNA-processing protein 9
Q06508	LOA1	YPR139C	VPS66	Lysophosphatidic acid:oleoyl-CoA acyltransferase 1
Q06510	TAZ1	YPR140W		Tafazzin
Q06511	RRP15	YPR143W		Ribosomal RNA-processing protein 15
Q06512	NOC4	YPR144C	UTP19	Nucleolar complex protein 4
Q06522		YPR147C		Lipid droplet-associated triacylglycerol lipase
Q06523		YPR148C		Uncharacterized protein YPR148C
Q06524	SUE1	YPR151C		Protein SUE1, mitochondrial
Q06525	URN1	YPR152C		Pre-mRNA-splicing factor URN1
Q06537		YPR153W		Uncharacterized protein YPR153W
Q06538	CSC1	YLR241W		Calcium permeable stress-gated cation channel 1
Q06541	ARV1	YLR242C		Protein ARV1
Q06543	GPN3	YLR243W		GPN-loop GTPase 3
Q06549	CDD1	YLR245C		Cytidine deaminase
Q06551	ERF2	YLR246W		Palmitoyltransferase ERF2
Q06554	IRC20	YLR247C		ATP-dependent DNA repair protein/ubiquitin-protein ligase E3 IRC20
Q06563	SYM1	YLR251W		Protein SYM1
Q06567	MCP2	YLR253W	MRX13	ABC1 family protein MCP2
Q06568	NDL1	YLR254C		Nuclear distribution protein nudE homolog 1
Q06580	MLC2	YPR188C		Myosin light chain 2
Q06592	HPA2	YPR193C		Histone acetyltransferase HPA2
Q06593	OPT2	YPR194C		Oligopeptide transporter 2
Q06594		YPR195C		Uncharacterized protein YPR195C
Q06595		YPR196W		Maltose fermentation regulatory protein YPR196W
Q06596	ARR1	YPR199C	ACR1;YAP8	Arsenical-resistance protein ARR1
Q06597	ARR2	YPR200C	ACR2	Arsenical-resistance protein 2
Q06598	ARR3	YPR201W	ACR3	Arsenical-resistance protein 3
Q06604	BSP1	YPR171W		F-actin capping regulator BSP1
Q06608		YPR172W		Pyridoxamine 5'-phosphate oxidase homolog
Q06616	CSA1	YPR174C		CDC5 pindle pole body anchor protein 1
Q06623	HDA3	YPR179C	PLO1	HDA1 complex subunit 3
Q06624	AOS1	YPR180W	RHC31	DNA damage tolerance protein RHC31
Q06625	GDB1	YPR184W		Glycogen debranching enzyme
Q06628	ATG13	YPR185W	APG13	Autophagy-related protein 13
Q06629	HDA2	YDR295C	PLO2	HDA1 complex subunit 2
Q06630	MHR1	YDR296W	XTC1	Large ribosomal subunit protein mL67
Q06631	BFR2	YDR299W		Protein BFR2
Q06632	CFT1	YDR301W	YHH1	Protein CFT1
Q06636	GPI11	YDR302W		Glycosylphosphatidylinositol anchor biosynthesis protein 11
Q06639	RSC3	YDR303C		Chromatin structure-remodeling complex protein RSC3
Q06640		YDR306C		F-box protein YDR306C
Q06644	PMT7	YDR307W		Probable dolichyl-phosphate-mannose--protein mannosyltransferase 7
Q06648	GIC2	YDR309C		GTPase-interacting component 2
Q06651	PIB1	YDR313C		E3 ubiquitin-protein ligase PIB1
Q06665	RAD34	YDR314C		DNA repair protein RAD34
Q06667	IPK1	YDR315C	GSL1	Inositol-pentakisphosphate 2-kinase
Q06668	OMS1	YDR316W		Methyltransferase OMS1, mitochondrial
Q06671	ATG23	YLR431C	CVT23	Autophagy-related protein 23
Q06672	TSR2	YLR435W		Pre-rRNA-processing protein TSR2
Q06673	ECM30	YLR436C		Protein ECM30
Q06674	HIM1	YDR317W		Protein HIM1
Q06675	MCM21	YDR318W	CTF5	Inner kinetochore subunit MCM21
Q06676	YFT2	YDR319C	FIT2A	Acyl-coenzyme A diphosphatase YFT2
Q06677	SWA2	YDR320C	AUX1;BUD24	Auxilin-like clathrin uncoating factor SWA2
Q06678	MRPL35	YDR322W		Large ribosomal subunit protein mL38
Q06679	UTP4	YDR324C		U3 small nucleolar RNA-associated protein 4
Q06680	YCG1	YDR325W	YCS5	Condensin complex subunit 3
Q06681	YSP2	YDR326C	LAM2;LTC4	Membrane-anchored lipid-binding protein YSP2
Q06682	UBX5	YDR330W		UBX domain-containing protein 5
Q06683	IRC3	YDR332W		Putative ATP-dependent helicase IRC3
Q06685	VIP1	YLR410W		Inositol hexakisphosphate and diphosphoinositol-pentakisphosphate kinase
Q06686	CTR3	YLR411W		Copper transport protein CTR3
Q06688	BER1	YLR412W		SRR1-like protein BER1
Q06689		YLR413W		Cell membrane protein YLR413W
Q06695		YLR416C		Putative uncharacterized protein YLR416C
Q06696	VPS36	YLR417W	GRD12;VAC3;VPL11	Vacuolar protein-sorting-associated protein 36
Q06697	CDC73	YLR418C		Cell division control protein 73
Q06698		YLR419W		Putative ATP-dependent RNA helicase YLR419W
Q06702	CDA1	YLR307W		Chitin deacetylase 1
Q06703	CDA2	YLR308W		Chitin deacetylase 2
Q06704	IMH1	YLR309C	SYS3	Golgin IMH1
Q06705	CSR1	YLR380W	SFH2	Phosphatidylinositol transfer protein CSR1
Q06706	IKI3	YLR384C	ELP1;TOT1	Elongator complex protein 1
Q06707	SWC7	YLR385C	AWS1	SWR1-complex protein 7
Q06708	VAC14	YLR386W	SVP2	Vacuole morphology and inheritance protein 14
Q06709	REH1	YLR387C		Cytoplasmic 60S subunit biogenesis factor REH1
Q06810	OPY2	YPR075C		Protein OPY2
Q06813		YPR078C		Uncharacterized protein YPR078C
Q06815	MRL1	YPR079W		Mannose 6-phosphate receptor-like protein 1
Q06817	GRS2	YPR081C		Glycine--tRNA ligase 2
Q06819	DIB1	YPR082C	CDH1;SNU16	Spliceosomal protein DIB1
Q06820	MDM36	YPR083W		Mitochondrial distribution and morphology protein 36
Q06821		YPR084W		Uncharacterized protein YPR084W
Q06822	ASA1	YPR085C		ASTRA-associated protein 1
Q06833	NVJ2	YPR091C		Nucleus-vacuole junction protein 2
Q06834	ASR1	YPR093C		Alcohol-sensitive RING finger protein 1
Q06835	RDS3	YPR094W		Pre-mRNA-splicing factor RDS3
Q06836	SYT1	YPR095C		Arf guanine nucleotide exchange factor SYT1
Q06839	LEC1	YPR097W		PX domain-containing protein LEC1
Q06891	RAF1	R0030W		Trans-acting factor D
Q06892	POS5	YPL188W		NADH kinase POS5, mitochondrial
Q06991	PUN1	YLR414C		Protein PUN1
Q07074		YHR007C-A		Uncharacterized protein YHR007C-A
Q07084	SSK1	YLR006C		Osmolarity two-component system protein SSK1
Q07349	MRX9	YDL027C		MIOREX complex component 9
Q07350	PRP11	YDL043C	PRP10;RNA11	Pre-mRNA-splicing factor PRP11
Q07351	STP4	YDL048C		Zinc finger protein STP4
Q07355		YDL050C		Putative uncharacterized protein YDL050C
Q07362	PBP4	YDL053C		Protein PBP4
Q07376	MCH1	YDL054C		Probable transporter MCH1
Q07379		YDL057W		Putative uncharacterized protein YDL057W
Q07381	TSR1	YDL060W		Ribosome biogenesis protein TSR1
Q07395	SYO1	YDL063C		Synchronized import protein 1
Q07410		YDL062W		Putative uncharacterized protein YDL062W
Q07418	PEX19	YDL065C	PAS12	Peroxisomal membrane protein import receptor PEX19
Q07435		YDL068W		Putative uncharacterized protein YDL068W
Q07438		YDL071C		Putative uncharacterized protein YDL071C
Q07442	BDF2	YDL070W		Bromodomain-containing factor 2
Q07451	YET3	YDL072C		Endoplasmic reticulum transmembrane protein 3
Q07454		YDL073W		UPF0592 protein YDL073W
Q07457	BRE1	YDL074C		E3 ubiquitin-protein ligase BRE1
Q07458	RXT3	YDL076C		Transcriptional regulatory protein RXT3
Q07468	VAM6	YDL077C	CVT4;VPL18;VPL22;VPS39	Vacuolar morphogenesis protein 6
Q07471	THI3	YDL080C	KID1	Thiamine metabolism regulatory protein THI3
Q07478	SUB2	YDL084W		ATP-dependent RNA helicase SUB2
Q07500	NDE2	YDL085W	NDH2	External NADH-ubiquinone oxidoreductase 2, mitochondrial
Q07505		YDL086W		Putative carboxymethylenebutenolidase
Q07508	LUC7	YDL087C	EPE1;EXM2	Protein LUC7
Q07509		YDL094C		Putative uncharacterized protein YDL094C
Q07521	OPI6	YDL096C		Putative uncharacterized protein OPI6
Q07527	TRM3	YDL112W		tRNA
Q07528	ATG20	YDL113C	CVT20;SNX42	Autophagy-related protein 20
Q07530		YDL114W		Uncharacterized oxidoreductase YDL114W
Q07532	IWR1	YDL115C		RNA polymerase II nuclear localization protein IWR1
Q07533	CYK3	YDL117W		Cytokinesis protein 3
Q07534	HEM25	YDL119C		Mitochondrial glycine transporter
Q07535		YDL118W		Putative uncharacterized protein YDL118W
Q07540	YFH1	YDL120W		Frataxin homolog, mitochondrial
Q07541	EXP1	YDL121C		ER export of PMA1 protein 1
Q07549	SNA4	YDL123W		Protein SNA4
Q07551		YDL124W		NADPH-dependent alpha-keto amide reductase
Q07555		YDL129W		Uncharacterized protein YDL129W
Q07560	CRD1	YDL142C	CLS1	Cardiolipin synthase
Q07589		YDL144C		Uncharacterized protein YDL144C
Q07613		YDL187C		Putative uncharacterized protein YDL187C
Q07622	ACK1	YDL203C		Activator of C kinase protein 1
Q07623	NOP6	YDL213C		Nucleolar protein 6
Q07629		YDL218W		Uncharacterized membrane protein YDL218W
Q07648	DTD1	YDL219W		D-aminoacyl-tRNA deacylase
Q07649		YDL221W		Putative uncharacterized protein YDL221W
Q07651	FMP45	YDL222C		SUR7 family protein FMP45
Q07653	HBT1	YDL223C	Crem	Protein HBT1
Q07655	WHI4	YDL224C		Protein WHI4
Q07657	SHS1	YDL225W	SEP7	Seventh homolog of septin 1
Q07658		YDL228C		Putative uncharacterized protein YDL228C
Q07660	BRE4	YDL231C		Protein BRE4
Q07684	MFG1	YDL233W		Morphogenetic regulator of filamentous growth protein 1
Q07688	YPD1	YDL235C		Phosphorelay intermediate protein YPD1
Q07716	AIM6	YDL237W		Altered inheritance of mitochondria protein 6
Q07729	GUD1	YDL238C		Probable guanine deaminase
Q07732	ADY3	YDL239C		Accumulates dyads protein 3
Q07738		YDL241W		Uncharacterized protein YDL241W
Q07746		YDL242W		Uncharacterized protein YDL242W
Q07747	AAD4	YDL243C		Probable aryl-alcohol dehydrogenase AAD4
Q07748	THI13	YDL244W		4-amino-5-hydroxymethyl-2-methylpyrimidine phosphate synthase THI13
Q07786	SOR2	YDL246C		Sorbitol dehydrogenase 2
Q07788	COS7	YDL248W		Protein COS7
Q07790		YDR053W		Putative uncharacterized protein YDR053W
Q07791	TY2B-DR3	YDR261W-B	YDRWTy2-3;POL	Transposon Ty2-DR3 Gag-Pol polyprotein
Q07793	TY1B-DR4	YDR261C-D	YDRCTy1-3;POL	Transposon Ty1-DR4 Gag-Pol polyprotein
Q07794	RTT109	YLL002W	KAT11;KIM2;REM50	Histone acetyltransferase RTT109
Q07798	SPO75	YLL005C		Sporulation-specific protein 75
Q07799	LMO1	YLL007C		ELMO family protein LMO1
Q07800	PSR1	YLL010C		Phosphatase PSR1
Q07804	YEH1	YLL012W		Sterol esterase 1
Q07807	PUF3	YLL013C		mRNA-binding protein PUF3
Q07811		YLL020C		Putative uncharacterized protein YLL020C
Q07821	ISA1	YLL027W		Iron-sulfur assembly protein 1
Q07824	TPO1	YLL028W		Polyamine transporter 1
Q07825	FRA1	YLL029W		Putative Xaa-Pro aminopeptidase FRA1
Q07829	RRT7	YLL030C		Regulator of rDNA transcription protein 7
Q07830	GPI13	YLL031C	MPC1	GPI ethanolamine phosphate transferase 3
Q07834		YLL032C		KH domain-containing protein YLL032C
Q07843	IRC19	YLL033W	RRG4	Increased recombination centers protein 19
Q07844	RIX7	YLL034C		Ribosome biogenesis ATPase RIX7
Q07845	GRC3	YLL035W		Polynucleotide 5'-hydroxyl-kinase GRC3
Q07865		YLL037W		Putative uncharacterized protein YLL037W
Q07872	ENT4	YLL038C		Epsin-4
Q07878	VPS13	YLL040C	SOI1;VPT2;YME3	Intermembrane lipid transfer protein VPS13
Q07879	ATG10	YLL042C	APG10	Ubiquitin-like-conjugating enzyme ATG10
Q07880		YLL044W		Putative uncharacterized protein YLL044W
Q07881		YLL047W		Putative uncharacterized protein YLL047W
Q07887	LDB18	YLL049W		Protein LDB18
Q07888		YLL067C		Y' element ATP-dependent helicase YLL067C
Q07895		YLR001C		FAS1 domain-containing protein YLR001C
Q07896	NOC3	YLR002C		Nucleolar complex-associated protein 3
Q07897	CMS1	YLR003C		Protein CMS1
Q07904	THI73	YLR004C		Thiamine pathway transporter THI73
Q07913	NSE1	YLR007W		Non-structural maintenance of chromosomes element 1
Q07914	PAM18	YLR008C	TIM14	Mitochondrial import inner membrane translocase subunit TIM14
Q07915	RLP24	YLR009W		Ribosome biogenesis protein RLP24
Q07921	TEN1	YLR010C		Telomere length regulation protein TEN1
Q07923	LOT6	YLR011W		NAD
Q07927		YLR012C		Uncharacterized protein YLR012C
Q07928	GAT3	YLR013W		Protein GAT3
Q07930	PML1	YLR016C		Pre-mRNA leakage protein 1
Q07938	MEU1	YLR017W		S-methyl-5'-thioadenosine phosphorylase
Q07949	PSR2	YLR019W		Probable phosphatase PSR2
Q07950	YEH2	YLR020C		Sterol esterase 2
Q07951	IRC25	YLR021W	DMP2;POC3	Proteasome chaperone 3
Q07953	SDO1	YLR022C		Ribosome maturation protein SDO1
Q07959	IZH3	YLR023C		ADIPOR-like receptor IZH3
Q07963	UBR2	YLR024C		E3 ubiquitin-protein ligase UBR2
Q07967		YLR030W		Putative uncharacterized protein YLR030W
Q07978		YLR031W		Putative uncharacterized protein YLR031W
Q07979	RSC58	YLR033W		Chromatin structure-remodeling complex protein RSC58
Q07980	MLH2	YLR035C		DNA mismatch repair protein MLH2
Q07986		YLR036C		Uncharacterized protein YLR036C
Q07987	PAU23	YLR037C	DAN2	Seripauperin-23
Q07988	AFB1	YLR040C		A-factor barrier protein 1
Q07989		YLR041W		Putative uncharacterized protein YLR041W
Q07990		YLR042C		Cell wall protein YLR042C
Q07992	BUD28	YLR062C		Putative uncharacterized protein BUD28
Q07993	XYL2	YLR070C		D-xylulose reductase
Q08001	LAM6	YLR072W	LTC1	Membrane-anchored lipid-binding protein LAM6
Q08003	RFU1	YLR073C		Regulator of free ubiquitin chains 1
Q08004	BUD20	YLR074C		Bud site selection protein 20
Q08018		YLR076C		Putative uncharacterized protein YLR076C
Q08023	FMP25	YLR077W		Protein FMP25, mitochondrial
Q08027		YLR101C		Putative uncharacterized protein YLR101C
Q08032	CDC45	YLR103C	SLD4	Cell division control protein 45
Q08045	LCL2	YLR104W		Long chronological lifespan protein 2
Q08054	CSI2	YOL007C		Chitin synthase 3 complex protein CSI2
Q08058	COQ10	YOL008W		Coenzyme Q-binding protein COQ10, mitochondrial
Q08096	RCL1	YOL010W	RTC1	rRNA processing protein RCL1
Q08108	PLB3	YOL011W		Lysophospholipase 3
Q08109	HRD1	YOL013C	DER3	ERAD-associated E3 ubiquitin-protein ligase HRD1
Q08110		YOL014W		Putative uncharacterized protein YOL014W
Q08118	IRC10	YOL015W		Uncharacterized protein IRC10
Q08119	ESC8	YOL017W		Protein ESC8
Q08144	TLG2	YOL018C		t-SNARE affecting a late Golgi compartment protein 2
Q08157	TOS7	YOL019W		Uncharacterized membrane protein TOS7
Q08162	DIS3	YOL021C	RRP44	Exosome complex exonuclease DIS3
Q08172		YOL024W		Putative uncharacterized protein YOL024W
Q08176	MIM1	YOL026C	TOM13	Mitochondrial import protein 1
Q08179	MDM38	YOL027C		Mitochondrial distribution and morphology protein 38
Q08182	YAP7	YOL028C		AP-1-like transcription factor YAP7
Q08187		YOL029C		Uncharacterized protein YOL029C
Q08193	GAS5	YOL030W		1,3-beta-glucanosyltransferase GAS5
Q08199	SIL1	YOL031C	PER100;SLS1	Nucleotide exchange factor SIL1
Q08202	OPI10	YOL032W		Protein OPI10
Q08204	SMC5	YOL034W		Structural maintenance of chromosomes protein 5
Q08205		YOL037C		Putative uncharacterized protein YOL037C
Q08206		YOL036W		Uncharacterized protein YOL036W
Q08207		YOL035C		Putative uncharacterized protein YOL035C
Q08208	NOP12	YOL041C		Nucleolar protein 12
Q08213	NGL1	YOL042W		RNA exonuclease NGL1
Q08214	NTG2	YOL043C	SCR2	Endonuclease III homolog 2
Q08215	PEX15	YOL044W	PAS21	Peroxisomal membrane protein PEX15
Q08216		YOL046C		Putative uncharacterized protein YOL046C
Q08217	PSK2	YOL045W		Serine/threonine-protein kinase PSK2
Q08218	LDS2	YOL047C		Outer spore wall protein LDS2
Q08219	RRT8	YOL048C		Outer spore wall protein RRT8
Q08220	GSH2	YOL049W		Glutathione synthetase GSH2
Q08222		YOL050C		Putative uncharacterized protein YOL050C
Q08223	AIM39	YOL053W		Altered inheritance of mitochondria protein 39, mitochondrial
Q08224	THI20	YOL055C		Hydroxymethylpyrimidine/phosphomethylpyrimidine kinase THI20
Q08225		YOL057W		Probable dipeptidyl peptidase 3
Q08226	CRT10	YOL063C		Protein CRT10
Q08227	INP54	YOL065C		Phosphatidylinositol 4,5-bisphosphate 5-phosphatase INP54
Q08229	NBA1	YOL070C		Protein NBA1
Q08230	SDH5	YOL071W	EMI5	Succinate dehydrogenase assembly factor 2, mitochondrial
Q08231	THP1	YOL072W	BUD29	Nuclear mRNA export protein THP1
Q08232	DSC2	YOL073C		DSC E3 ubiquitin ligase complex subunit 2
Q08234		YOL075C		Uncharacterized ABC transporter ATP-binding protein/permease YOL075C
Q08235	BRX1	YOL077C		Ribosome biogenesis protein BRX1
Q08236	AVO1	YOL078W		Target of rapamycin complex 2 subunit AVO1
Q08237	REX4	YOL080C		RNA exonuclease 4
Q08238		YOL079W		Putative uncharacterized membrane protein YOL079W
Q08240		YOL099C		Putative uncharacterized membrane protein YOL099C
Q08241		YOL106W		Putative uncharacterized protein YOL106W
Q08245	ZEO1	YOL109W		Protein ZEO1
Q08259		YOL118C		Uncharacterized protein YOL118C
Q08268	MCH4	YOL119C		Probable transporter MCH4
Q08269	ALR1	YOL130W		Magnesium transporter ALR1
Q08270		YOL131W		Uncharacterized protein YOL131W
Q08271	GAS4	YOL132W		1,3-beta-glucanosyltransferase GAS4
Q08272		YOL134C		Putative uncharacterized protein YOL134C
Q08273	HRT1	YOL133W	RBX1;ROC1	RING-box protein HRT1
Q08278	MED7	YOL135C		Mediator of RNA polymerase II transcription subunit 7
Q08280	BSC6	YOL137W		Bypass of stop codon protein 6
Q08281	RTC1	YOL138C	SEA2	Restriction of telomere capping protein 1
Q08282	PPM2	YOL141W	TYW4	tRNA wybutosine-synthesizing protein 4
Q08285	RRP40	YOL142W		Exosome complex component RRP40
Q08287	NOP8	YOL144W		60S ribosome subunit biogenesis protein NOP8
Q08293		YOL150C		Putative uncharacterized protein YOL150C
Q08295	IMA2	YOL157C		Oligo-1,6-glucosidase IMA2
Q08299	ENB1	YOL158C	ARN4	Siderophore iron transporter ENB1
Q08300	CSS3	YOL159C		Secreted protein CSS3
Q08321		YOL160W		Uncharacterized protein YOL160W
Q08322	PAU20	YOL161C		Seripauperin-20
Q08347	BDS1	YOL164W		Alkyl/aryl-sulfatase BDS1
Q08361	AAD15	YOL165C		Putative aryl-alcohol dehydrogenase AAD15
Q08373		YOL166C		Putative uncharacterized protein YOL166C
Q08387	DNL4	YOR005C	LIG4	DNA ligase 4
Q08409	AUS1	YOR011W		ATP-dependent permease AUS1
Q08411		YOR041C		Putative uncharacterized protein YOR041C
Q08412	CUE5	YOR042W		Ubiquitin-binding protein CUE5
Q08416	IRC23	YOR044W		Increased recombination centers protein 23
Q08417	RSB1	YOR049C		Sphingoid long-chain base transporter RSB1
Q08419		YOR050C		Putative uncharacterized protein YOR050C
Q08421	ETT1	YOR051C		Enhancer of translation termination 1
Q08422	TMC1	YOR052C		AN1-type zinc finger protein TMC1
Q08428		YOR053W		Putative uncharacterized protein YOR053W
Q08438	VHS3	YOR054C		Phosphopantothenoylcysteine decarboxylase subunit VHS3
Q08439		YOR055W		Putative uncharacterized protein YOR055W
Q08444	NOB1	YOR056C		20S-pre-rRNA D-site endonuclease NOB1
Q08446	SGT1	YOR057W		Protein SGT1
Q08448	LPL1	YOR059C		Lipid droplet phospholipase 1
Q08457	SLD7	YOR060C		Mitochondrial morphogenesis protein SLD7
Q08465	YNG1	YOR064C		Protein YNG1
Q08471	MSA1	YOR066W		G1-specific transcription factors activator MSA1
Q08474	VAM10	YOR068C		Vacuolar morphogenesis protein 10
Q08484	GYP1	YOR070C		GTPase-activating protein GYP1
Q08485	NRT1	YOR071C	THI71	Nicotinamide riboside transporter 1
Q08486		YOR072W		Uncharacterized protein YOR072W
Q08490	SGO1	YOR073W		Shugoshin
Q08491	SKI7	YOR076C		Superkiller protein 7
Q08492	BUD21	YOR078W	UTP16	U3 small nucleolar RNA-associated protein 16
Q08496	DIA2	YOR080W		Protein DIA2
Q08498		YOR082C		Putative uncharacterized protein YOR082C
Q08503		YOR102W		Putative uncharacterized protein YOR102W
Q08504		YOR105W		Uncharacterized protein YOR105W
Q08521		YOR121C		Putative uncharacterized protein YOR121C
Q08522	IRC14	YOR135C		Putative increased recombination centers protein 14
Q08532		YOR139C		Putative uncharacterized protein YOR139C
Q08533		YOR146W		Putative uncharacterized protein YOR146W
Q08540		YOR169C		Putative uncharacterized protein YOR169C
Q08543		YOR170W		Putative uncharacterized protein YOR170W
Q08548	ALE1	YOR175C	LCA1;LPT1;SLC4	Lysophospholipid acyltransferase
Q08550	MPC54	YOR177C		Meiotic plaque component protein 54
Q08553	SYC1	YOR179C		Protein SYC1
Q08558	DCI1	YOR180C	ECI2;EHD2	Delta
Q08559	FYV12	YOR183W		Protein FYV12
Q08560		YOR186W		Putative uncharacterized protein YOR186W
Q08561	IES4	YOR189W		Ino eighty subunit 4
Q08562	ULS1	YOR191W	DIS1;RIS1;TID4	ATP-dependent chromatin remodeler/ubiquitin-protein ligase E3 ULS1
Q08579	THI72	YOR192C		Thiamine transporter THI72
Q08580	PEX27	YOR193W		Peroxisomal membrane protein PEX27
Q08581	SLK19	YOR195W		Kinetochore protein SLK19
Q08601	MCA1	YOR197W	YCA1	Metacaspase-1
Q08604		YOR199W		Putative uncharacterized protein YOR199W
Q08620		YOR200W		Putative uncharacterized protein YOR200W
Q08621		YOR203W		Putative uncharacterized protein YOR203W
Q08622	GEP3	YOR205C	AIM40;FMP48	Genetic interactor of prohibitins 3, mitochondrial
Q08630	IRC13	YOR235W		Increased recombination centers protein 13
Q08634		YOR238W		Uncharacterized protein YOR238W
Q08641	ABP140	YOR239W	TRM140	tRNA
Q08645	MET7	YOR241W	MET23	Folylpolyglutamate synthase
Q08646	SSP2	YOR242C		Sporulation-specific protein 2
Q08647	PUS7	YOR243C		Multisubstrate pseudouridine synthase 7
Q08649	ESA1	YOR244W		Histone acetyltransferase ESA1
Q08650	DGA1	YOR245C		Diacylglycerol O-acyltransferase 1
Q08651	ENV9	YOR246C		Probable oxidoreductase ENV9
Q08673	SRL1	YOR247W		Cell wall protein SRL1
Q08681		YOR248W		Putative uncharacterized protein YOR248W
Q08683	APC5	YOR249C	RMC1	Anaphase-promoting complex subunit 5
Q08685	CLP1	YOR250C		mRNA cleavage and polyadenylation factor CLP1
Q08686	TUM1	YOR251C		Sulfurtransferase TUM1
Q08687	TMA16	YOR252W		Translation machinery-associated protein 16
Q08689	NAT5	YOR253W		N-alpha-acetyltransferase NAT5
Q08692	OSW1	YOR255W		Outer spore wall protein 1
Q08693	TRE2	YOR256C		Putative zinc metalloprotease TRE2
Q08702	HNT3	YOR258W		Aprataxin-like protein
Q08723	RPN8	YOR261C		26S proteasome regulatory subunit RPN8
Q08726	GPN2	YOR262W		GPN-loop GTPase 2
Q08728		YOR263C		Putative uncharacterized protein YOR263C
Q08729	DSE3	YOR264W		Protein DSE3
Q08732	HRK1	YOR267C		Serine/threonine-protein kinase HRK1
Q08734		YOR268C		Uncharacterized protein YOR268C
Q08736		YOR277C		Putative uncharacterized protein YOR277C
Q08741		YOR282W		Putative uncharacterized protein YOR282W
Q08742	RDL2	YOR286W	AIM42;FMP31	Thiosulfate sulfurtransferase RDL2, mitochondrial
Q08743		YOR292C		Vacuolar membrane protein YOR292C
Q08745	RPS10A	YOR293W		Small ribosomal subunit protein eS10A
Q08746	RRS1	YOR294W		Regulator of ribosome biosynthesis
Q08747	UAF30	YOR295W		Upstream activation factor subunit UAF30
Q08748		YOR296W		Exocytic regulator YOR296W
Q08749	TIM18	YOR297C		Mitochondrial import inner membrane translocase subunit TIM18
Q08750	MUM3	YOR298W		Protein MUM3
Q08754	BUD7	YOR299W		Bud site selection protein 7
Q08756		YOR300W		Putative uncharacterized protein YOR300W
Q08760	RAX1	YOR301W		Bud site selection protein RAX1
Q08773	ISW2	YOR304W		ISWI chromatin-remodeling complex ATPase ISW2
Q08774	RRG7	YOR305W		Required for respiratory growth protein 7, mitochondrial
Q08777	MCH5	YOR306C		Riboflavin transporter MCH5
Q08786		YOR331C		Putative uncharacterized membrane protein YOR331C
Q08789		YOR333C		Putative uncharacterized protein YOR333C
Q08811		YOR345C		Putative uncharacterized protein YOR345C
Q08816	TFB6	YOR352W		General transcription and DNA repair factor IIH subunit TFB6
Q08817	SOG2	YOR353C		Leucine-rich repeat-containing protein SOG2
Q08818	MSC6	YOR354C		Meiotic sister-chromatid recombination protein 6, mitochondrial
Q08822	CIR2	YOR356W		Probable electron transfer flavoprotein-ubiquinone oxidoreductase, mitochondrial
Q08826	SNX3	YOR357C	GRD19	Sorting nexin-3
Q08831	VTS1	YOR359W		RNA-binding protein VTS1
Q08842		YOR364W		Putative uncharacterized protein YOR364W
Q08844		YOR365C		Uncharacterized membrane protein YOR365C
Q08872		YOR366W		Putative uncharacterized protein YOR366W
Q08873	SCP1	YOR367W		Transgelin
Q08886	GPB1	YOR371C	KRH2	Guanine nucleotide-binding protein subunit beta 1
Q08887	NDD1	YOR372C		Nuclear division defective protein 1
Q08900		YOR376W		Uncharacterized membrane protein YOR376W
Q08902	AMF1	YOR378W		Low affinity ammonium transporter
Q08903		YOR379C		Putative uncharacterized protein YOR379C
Q08904	RDR1	YOR380W		Protein RDR1
Q08905	FRE3	YOR381W		Ferric reductase transmembrane component 3
Q08906	FIT2	YOR382W		Facilitator of iron transport 2
Q08907	FIT3	YOR383C		Facilitator of iron transport 3
Q08908	FRE5	YOR384W		Ferric reductase transmembrane component 5
Q08909		YOR385W		Uncharacterized protein YOR385W
Q08910		YOR387C		VEL1-related protein YOR387C
Q08911	FDH1	YOR388C		Formate dehydrogenase 1
Q08912		YOR389W		Uncharacterized protein YOR389W
Q08913	FEX1	YOR390W		Fluoride export protein 1
Q08914	HSP33	YOR391C		Probable glutathione-independent glyoxalase HSP33
Q08915		YOR392W		Putative uncharacterized protein YOR392W
Q08916		YPL142C		Putative uncharacterized protein YPL142C
Q08919	TRE1	YPL176C		Uncharacterized protein TRE1
Q08920	CBC2	YPL178W	CBP20;MUD13;SAE1	Nuclear cap-binding protein subunit 2
Q08921	TCO89	YPL180W		Target of rapamycin complex 1 subunit TCO89
Q08922		YPL182C		Putative uncharacterized protein YPL182C
Q08923	CTI6	YPL181W	RXT1	Histone deacetylase complex subunit CTI6
Q08924	RTT10	YPL183C	ERE2;TRM734	tRNA
Q08925	MRN1	YPL184C	PTR69	RNA-binding protein MRN1
Q08926	UIP4	YPL186C		ULP1-interacting protein 4
Q08927		YPL185W		Putative uncharacterized protein YPL185W
Q08929	GUP2	YPL189W		Membrane-bound O-acyltransferase GUP2
Q08930		YPL191C		Ubiquitin carboxyl-terminal hydrolase MIY1
Q08931	PRM3	YPL192C		Pheromone-regulated membrane protein 3
Q08932	RSA1	YPL193W		Ribosome assembly 1 protein
Q08949	DDC1	YPL194W		DNA damage checkpoint protein 1
Q08951	APL5	YPL195W	YKS4	AP-3 complex subunit delta
Q08952	OXR1	YPL196W		Oxidation resistance protein 1
Q08953		YPL197C		Putative uncharacterized protein YPL197C
Q08954	NBR9	YPL199C		Endonuclease NBR9
Q08955	CSM4	YPL200W		Chromosome segregation in meiosis protein 4
Q08956	YIG1	YPL201C		Protein YIG1
Q08957	AFT2	YPL202C		Iron-regulated transcriptional activator AFT2
Q08958		YPL205C		Putative uncharacterized protein YPL205C
Q08959	PGC1	YPL206C		Phosphatidylglycerol phospholipase C
Q08960	TYW1	YPL207W		S-adenosyl-L-methionine-dependent tRNA 4-demethylwyosine synthase
Q08961	RKM1	YPL208W		Ribosomal lysine N-methyltransferase 1
Q08962	NIP7	YPL211W		60S ribosome subunit biogenesis protein NIP7
Q08963	LEA1	YPL213W		U2 small nuclear ribonucleoprotein A'
Q08964		YPL216W		Putative ISWI chromatin-remodeling complex subunit YPL216W
Q08965	BMS1	YPL217C		Ribosome biogenesis protein BMS1
Q08966	PCL8	YPL219W		PHO85 cyclin-8
Q08967	FLC1	YPL221W	BOP1;HUF1	Flavin carrier protein 1
Q08968	FMP40	YPL222W		Protein adenylyltransferase SelO, mitochondrial
Q08969	GRE1	YPL223C		Protein GRE1
Q08970	MMT2	YPL224C	MFT2	Mitochondrial metal transporter 2
Q08971		YPL225W		Protein PBDC1 homolog
Q08972	NEW1	YPL226W		
Q08974		YPL257W		Uncharacterized membrane protein YPL257W
Q08975	THI21	YPL258C		Hydroxymethylpyrimidine/phosphomethylpyrimidine kinase THI21
Q08976		YPL261C		Uncharacterized protein YPL261C
Q08977	CUB1	YPL260W		Cu
Q08979	KEL3	YPL263C		Kelch repeat-containing protein 3
Q08980		YPL264C		Probable transport protein YPL264C
Q08981	ACM1	YPL267W		APC/C-CDH1 modulator 1
Q08984	PBI1	YPL272C		PSTB2-interacting protein 1
Q08985	SAM4	YPL273W		Homocysteine S-methyltransferase 2
Q08986	SAM3	YPL274W		S-adenosylmethionine permease SAM3
Q08989		YPL277C		Uncharacterized protein YPL277C
Q08990		YPL278C		Putative uncharacterized protein YPL278C
Q08991	FEX2	YPL279C		Fluoride export protein 2
Q08992	HSP32	YPL280W		Probable glutathione-independent glyoxalase HSP32
Q08993		YPR202W		Putative uncharacterized protein YPR202W
Q08994		YPR203W		Putative uncharacterized protein YPR203W
Q08995		YPR204W		Y' element ATP-dependent helicase YPR204W
Q10740	LAP2	YNL045W		Leucine aminopeptidase 2
Q12000	TMA46	YOR091W	DFRP1	Translation machinery-associated protein 46
Q12001	ALG6	YOR002W		Dolichyl pyrophosphate Man9GlcNAc2 alpha-1,3-glucosyltransferase
Q12003	ENV7	YPL236C		Serine/threonine-protein kinase ENV7
Q12004	TFB4	YPR056W		General transcription and DNA repair factor IIH subunit TFB4
Q12006	PFA4	YOL003C		Palmitoyltransferase PFA4
Q12008	GPM2	YDL021W		Phosphoglycerate mutase 2
Q12009	TRM8	YDL201W		tRNA
Q12010	YPQ1	YOL092W		Vacuolar lysine transporter YPQ1
Q12012		YOR289W		Uncharacterized protein YOR289W
Q12013	AKR2	YOR034C		Probable palmitoyltransferase AKR2
Q12015	DSC3	YOR223W		DSC E3 ubiquitin ligase complex subunit 3
Q12016	VPS68	YOL129W		Vacuolar protein sorting-associated protein 68
Q12017	PLP2	YOR281C	VIAF1	Phosducin-like protein 2
Q12018	CDC53	YDL132W		Cell division control protein 53
Q12019	MDN1	YLR106C	REA1	Midasin
Q12020	SRL2	YLR082C		Protein SRL2
Q12021	RAD28	YDR030C		Radiation-sensitive protein 28
Q12023		YDL011C		Putative uncharacterized protein YDL011C
Q12024	YTM1	YOR272W		Ribosome biogenesis protein YTM1
Q12025	EMC10	YDR056C		Endoplasmic reticulum membrane protein complex subunit 10
Q12026		YLR053C		Putative uncharacterized protein YLR053C
Q12027	GID12	YDL176W	IPF1	GID complex associated protein 12
Q12028	APL4	YPR029C		AP-1 complex subunit gamma-1
Q12029	FSF1	YOR271C		Sideroflexin FSF1
Q12030	TAF10	YDR167W	TAF23;TAF25	SAGA complex/transcription factor TFIID complex subunit TAF10
Q12031	ICL2	YPR006C		Mitochondrial 2-methylisocitrate lyase ICL2
Q12032	AIM41	YOR215C		Altered inheritance of mitochondria protein 41, mitochondrial
Q12033	RIM20	YOR275C		pH-response regulator protein palA/RIM20
Q12034	SLF1	YDR515W		Protein SLF1
Q12035	FCF2	YLR051C		rRNA-processing protein FCF2
Q12036	PPT2	YPL148C		Mitochondrial holo-
Q12038	SRO7	YPR032W	SNI1;SOP1	Exocytosis protein SRO7
Q12039	HMI1	YOL095C		ATP-dependent DNA helicase HMI1, mitochondrial
Q12040		YOR283W		Broad-specificity phosphatase YOR283W
Q12041	MET32	YDR253C		Transcriptional regulator MET32
Q12042		YPL162C		Vacuolar membrane protein YPL162C
Q12043	TGL5	YOR081C	STC2	Triacylglycerol lipase 5
Q12044	RCN2	YOR220W	WSP1	Regulator of calcineurin 2
Q12045	VIK1	YPL253C		Spindle pole body-associated protein VIK1
Q12046	CWC2	YDL209C	NTC40;SLC3	Pre-mRNA-splicing factor CWC2
Q12047		YDL158C		Putative uncharacterized protein YDL158C
Q12048	ATG41	YPL250C	ICY2	Autophagy-related protein 41
Q12049	THP3	YPR045C		Protein THP3
Q12050	ELG1	YOR144C	RTT110	Telomere length regulation protein ELG1
Q12051	BTS1	YPL069C		Geranylgeranyl pyrophosphate synthase BTS1
Q12052	TGS1	YPL157W		Trimethylguanosine synthase
Q12055	FAP7	YDL166C		Adenylate kinase isoenzyme 6 homolog FAP7
Q12056	ISU2	YOR226C	NUA2	Iron sulfur cluster assembly protein 2, mitochondrial
Q12057	PIN2	YOR104W		
Q12058		YPL251W		Putative uncharacterized protein YPL251W
Q12059	ULA1	YPL003W	ENR2	NEDD8-activating enzyme E1 regulatory subunit
Q12060	HFI1	YPL254W	ADA1;GAN1;SUP110	SAGA complex subunit HFI1
Q12063	NUS1	YDL193W		Dehydrodolichyl diphosphate synthase complex subunit NUS1
Q12064	BUD30	YDL151C		Putative uncharacterized protein BUD30
Q12066	NUR1	YDL089W		Nuclear rim protein 1
Q12067	ATX2	YOR079C		Metal homeostasis factor ATX2
Q12068	GRE2	YOL151W		NADPH-dependent methylglyoxal reductase GRE2
Q12069	PUS9	YDL036C		tRNA pseudouridine
Q12070		YOR024W		Putative uncharacterized protein YOR024W
Q12071	VPS54	YDR027C	CGP1;LUV1;RKI1;TCS3	Vacuolar protein sorting-associated protein 54
Q12072	IOC2	YLR095C		ISWI one complex protein 2
Q12074	SPE3	YPR069C		Spermidine synthase SPE3
Q12077		YLR140W		Putative uncharacterized protein YLR140W
Q12078	SMF3	YLR034C		Iron transporter SMF3
Q12079		YPR027C		Uncharacterized membrane protein YPR027C
Q12080	NOP53	YPL146C		Ribosome biogenesis protein NOP53
Q12082	DMO2	YDL157C	DBI1	Mitochondrial protein-disulfide reductase DMO2
Q12083	MLH3	YPL164C		DNA mismatch repair protein MLH3
Q12084	DAS2	YDR020C	RRT3	Putative uridine kinase DAS2
Q12085	TY1A-GR1	YGR027W-A	YGRWTy1-1;GAG	Transposon Ty1-GR1 Gag polyprotein
Q12086	DIN7	YDR263C	DIN3	DNA damage-inducible protein DIN7
Q12088	TY1B-LR1	YLR035C-A	YLRCTy1-1;POL	Transposon Ty1-LR1 Gag-Pol polyprotein
Q12089	AEP3	YPL005W		ATPase expression protein 3
Q12090	REX3	YLR107W		RNA exonuclease 3
Q12091	DAP1	YPL170W		Damage response protein 1
Q12092	ATG29	YPL166W		Autophagy-related protein 29
Q12093	SLM3	YDL033C	MTO2;MTU1	Mitochondrial tRNA-specific 2-thiouridylase 1
Q12094	TSR3	YOR006C		18S rRNA aminocarboxypropyltransferase
Q12096	GNT1	YOR320C		Glucose N-acetyltransferase 1
Q12098	SLX4	YLR135W		Structure-specific endonuclease subunit SLX4
Q12099	FAL1	YDR021W		ATP-dependent RNA helicase FAL1
Q12100	RTK1	YDL025C		Probable serine/threonine-protein kinase RTK1
Q12102	CFT2	YLR115W	YDH1	Cleavage factor two protein 2
Q12103		YDL109C		Putative lipase YDL109C
Q12104	SWT1	YOR166C		Transcriptional protein SWT1
Q12106	MCP1	YOR228C		Mitochondrial adapter protein MCP1
Q12107	APC9	YLR102C		Anaphase-promoting complex subunit 9
Q12108	RTC5	YOR118W		Restriction of telomere capping protein 5
Q12109	WRS1	YOL097C		Tryptophan--tRNA ligase, cytoplasmic
Q12110		YLR049C		Uncharacterized protein YLR049C
Q12111		YDR029W		Uncharacterized protein YDR029W
Q12112	TY1B-NL1	YNL284C-B	YNLCTy1-1;POL	Transposon Ty1-NL1 Gag-Pol polyprotein
Q12113	TY2B-OR1	YOR192C-B	YORCTy2-1;POL	Transposon Ty2-OR1 Gag-Pol polyprotein
Q12114	CHS5	YLR330W	CAL3	Chitin biosynthesis protein CHS5
Q12115		YDL016C		Putative uncharacterized protein YDL016C
Q12116	TMS1	YDR105C		Membrane protein TMS1
Q12117	MRH1	YDR033W		Protein MRH1
Q12118	SGT2	YOR007C		Small glutamine-rich tetratricopeptide repeat-containing protein 2
Q12119	FCY22	YER060W-A	FCYX	Purine-cytosine permease FCY22
Q12121		YDL211C		Uncharacterized protein YDL211C
Q12122	LYS21	YDL131W		Homocitrate synthase, mitochondrial
Q12123	DCS2	YOR173W		Inactive diphosphatase DCS2
Q12124	MED2	YDL005C		Mediator of RNA polymerase II transcription subunit 2
Q12125	GET4	YOR164C		Golgi to ER traffic protein 4
Q12127	CCW12	YLR110C		Covalently-linked cell wall protein 12
Q12128	BAG7	YOR134W		Rho-GTPase-activating protein BAG7
Q12129	NMD4	YLR363C		Nonsense-mediated decay protein 4
Q12130		YLR112W		Uncharacterized protein YLR112W
Q12132	USV1	YPL230W	NSF1	Nutrient and stress factor 1
Q12133	SPC3	YLR066W		Signal peptidase complex subunit 3
Q12134	HUA2	YOR284W		Protein HUA2
Q12135		YDL172C		Putative uncharacterized protein YDL172C
Q12136	SAS10	YDL153C	UTP3	Something about silencing protein 10
Q12138		YLR125W		Putative uncharacterized protein YLR125W
Q12139		YPR022C		Zinc finger protein YPR022C
Q12140	BSC1	YDL037C		Bypass of stop codon protein 1
Q12141	TY1B-GR1	YGR027W-B	YGRWTy1-1;POL	Transposon Ty1-GR1 Gag-Pol polyprotein
Q12142	ATG9	YDL149W	APG9;AUT9;CVT7	Autophagy-related protein 9
Q12143	NSL1	YPL233W		Kinetochore-associated protein NSL1
Q12144	PER33	YLR064W		Pore and endoplasmic reticulum protein of 33 kDa
Q12145	CMR3	YPR013C		Zinc finger protein CRM3
Q12146	PSF3	YOL146W		DNA replication complex GINS protein PSF3
Q12147		YDL026W		Putative uncharacterized protein YDL026W
Q12148		YDL163W		Putative uncharacterized protein YDL163W
Q12149	RRP6	YOR001W	UNC733	Exosome complex exonuclease RRP6
Q12150	CSF1	YLR087C	TWEEK	Protein CSF1
Q12151	UPC2	YDR213W	MOX4	Sterol uptake control protein 2
Q12152		YPL150W		Putative serine/threonine-protein kinase YPL150W
Q12153	SSF2	YDR312W		Ribosome biogenesis protein SSF2
Q12154	GET3	YDL100C	ARR4	ATPase GET3
Q12155	EMA19	YLR050C		Efficient mitochondria targeting-associated protein 19
Q12156	AIM7	YDR063W		Protein AIM7
Q12157	APC11	YDL008W		Anaphase-promoting complex subunit 11
Q12158	MCD1	YDL003W	PDS3;RHC21;SCC1	Sister chromatid cohesion protein 1
Q12159	YRA1	YDR381W		RNA annealing protein YRA1
Q12160		YPR063C		Uncharacterized protein YPR063C
Q12161	PSH1	YOL054W		RING finger protein PSH1
Q12163	NBP2	YDR162C		NAP1-binding protein 2
Q12164	POM33	YLL023C		Pore membrane protein of 33 kDa
Q12165	ATP16	YDL004W		ATP synthase subunit delta, mitochondrial
Q12166	LEU9	YOR108W		2-isopropylmalate synthase 2, mitochondrial
Q12167	RRG1	YDR065W		Required for respiratory growth protein 1, mitochondrial
Q12168	ACF2	YLR144C	ENG2;PCA1	Glucan endo-1,3-beta-D-glucosidase 2
Q12169		YOR015W		Uncharacterized protein YOR015W
Q12171	MDM32	YOR147W		Mitochondrial distribution and morphology protein 32
Q12172	YRR1	YOR162C	PDR2	Zinc finger transcription factor YRR1
Q12173	TY3A-G	YGR109W-A	YGRWTy3-1;GAG	Transposon Ty3-G Gag polyprotein
Q12174		YLR123C		Putative uncharacterized protein YLR123C
Q12175	MSH5	YDL154W		MutS protein homolog 5
Q12176	MAK21	YDR060W	NOC1	Ribosome biogenesis protein MAK21
Q12177		YLL056C		Uncharacterized protein YLL056C
Q12178	FCY1	YPR062W		Cytosine deaminase
Q12179		YPL245W		Uncharacterized protein YPL245W
Q12180	HAL9	YOL089C		Halotolerance protein 9
Q12181	TAH18	YPR048W		NADPH-dependent diflavin oxidoreductase 1
Q12182		YOR342C		Uncharacterized protein YOR342C
Q12184	YAH1	YPL252C		Adrenodoxin homolog, mitochondrial
Q12185		YDR018C		Uncharacterized acyltransferase YDR018C
Q12186	MSL5	YLR116W	BBP;SF1	Branchpoint-bridging protein
Q12187		YDL196W		Putative uncharacterized protein YDL196W
Q12188	REC8	YPR007C	SPO69	Meiotic recombination protein REC8
Q12189	RKI1	YOR095C		Ribose-5-phosphate isomerase
Q12191	BUG1	YDL099W		Binder of USO1 and GRH1 protein 1
Q12192	RFM1	YOR279C		Repression factor of MSEs protein 1
Q12193	TY1B-BR	YBR012W-B	YBRWTy1-2;POL	Transposon Ty1-BR Gag-Pol polyprotein
Q12194	RGL1	YPL066W		RHO1 GEF localizing protein 1
Q12195		YDR015C		Putative uncharacterized protein YDR015C
Q12196	RIO1	YOR119C	RRP10	Serine/threonine-protein kinase RIO1
Q12198	HSU1	YLL058W		Homocysteine/cysteine synthase
Q12199	TIP41	YPR040W		Type 2A phosphatase activator TIP41
Q12200	NCR1	YPL006W		NPC intracellular sterol transporter 1-related protein 1
Q12202	OSW2	YLR054C		Outer spore wall protein 2
Q12204		YOR022C		Probable phospholipase YOR022C, mitochondrial
Q12205	MNL2	YLR057W		Putative endoplasmic reticulum mannosidase MNL2
Q12206	WTM2	YOR229W		Transcriptional modulator WTM2
Q12207	NCE102	YPR149W	NCE2;RTG2S2	Non-classical export protein 2
Q12208	USB1	YLR132C		U6 snRNA phosphodiesterase 1
Q12209	FRE8	YLR047C		Probable ferric reductase transmembrane component 8
Q12210		YDL009C		Uncharacterized protein YDL009C
Q12211	PUS1	YPL212C		tRNA pseudouridine synthase 1
Q12212	SIA1	YOR137C		Protein SIA1
Q12213	RPL7B	YPL198W	RPL6B;YL8B	Large ribosomal subunit protein uL30B
Q12214	HOS1	YPR068C		Histone deacetylase HOS1
Q12215	WSC3	YOL105C		Cell wall integrity and stress response component 3
Q12216	NFI1	YOR156C	SIZ2	E3 SUMO-protein ligase SIZ2
Q12217	TY1A-BR	YBR012W-A	YBRWTy1-2;GAG	Transposon Ty1-BR Gag polyprotein
Q12218	TIR4	YOR009W		Cell wall protein TIR4
Q12219	CIM1	YOR114W		Mitochondrial HMG-box protein CIM1
Q12220	DIP2	YLR129W	UTP12	U3 small nucleolar RNA-associated protein 12
Q12221	PUF2	YPR042C		mRNA-binding protein PUF2
Q12222	YGK3	YOL128C		Glycogen synthase kinase-3 homolog YGK3
Q12223	RAD59	YDL059C		DNA repair protein RAD59
Q12224	RLM1	YPL089C		Transcription factor RLM1
Q12225		YOR225W		Putative uncharacterized protein YOR225W
Q12226	AYT1	YLL063C		Trichothecene 3-O-acetyltransferase
Q12229	UBX3	YDL091C		UBX domain-containing protein 3
Q12230	LSP1	YPL004C		Sphingolipid long chain base-responsive protein LSP1
Q12232	SLP1	YOR154W		Uncharacterized protein SLP1
Q12233	ATP20	YPR020W		ATP synthase subunit g, mitochondrial
Q12234	RUD3	YOR216C	GRP1	GRIP domain-containing protein RUD3
Q12235	YCT1	YLL055W		High affinity cysteine transporter
Q12236	PKH2	YOL100W		Serine/threonine-protein kinase PKH2
Q12239		YOL107W		Transmembrane protein 115 homolog
Q12240		YDR215C		Uncharacterized protein YDR215C
Q12241	VAM3	YOR106W	PTH1	Syntaxin VAM3
Q12242	RUP1	YOR138C		UBA domain-containing protein RUP1
Q12243		YOR029W		Uncharacterized protein YOR029W
Q12244		YLL054C		Uncharacterized transcriptional regulatory protein YLL054C
Q12245	POC4	YPL144W	DMP1	Proteasome chaperone 4
Q12246	LCB4	YOR171C		Sphingoid long chain base kinase 4
Q12247	FYV7	YLR068W		rRNA-processing protein FYV7
Q12248	DAD1	YDR016C		DASH complex subunit DAD1
Q12249		YOR218C		Putative uncharacterized protein YOR218C
Q12250	RPN5	YDL147W	NAS5	26S proteasome regulatory subunit RPN5
Q12251		YPR011C		Uncharacterized mitochondrial carrier YPR011C
Q12252	PHM7	YOL084W		Phosphate metabolism protein 7
Q12253		YLR046C		Uncharacterized membrane protein YLR046C
Q12254	SVS1	YPL163C		Protein SVS1
Q12255	NYV1	YLR093C	MAM2	Vacuolar v-SNARE NYV1
Q12256	TPO4	YOR273C		Polyamine transporter 4
Q12257		YDL177C		IMPACT family member YDL177C
Q12259		YLR108C		BTB/POZ domain-containing protein YLR108C
Q12260	TY2A-B	YBL100W-A	YBLWTy2-1;GAG	Transposon Ty2-B Gag polyprotein
Q12261		YOR325W		Putative uncharacterized protein YOR325W
Q12262	MCM16	YPR046W		Inner kinetochore subunit MCM16
Q12263	GIN4	YDR507C		Serine/threonine-protein kinase GIN4
Q12264		YDL023C		Putative uncharacterized protein YDL023C
Q12265	PRS5	YOL061W	PRPS5	Ribose-phosphate pyrophosphokinase 5
Q12266	TY1A-BL	YBL005W-A	YBLWTy1-1;GAG	Transposon Ty1-BL Gag polyprotein
Q12267	SMC4	YLR086W		Structural maintenance of chromosomes protein 4
Q12269	TY1B-GR2	YGR038C-B	YGRCTy1-2;POL	Transposon Ty1-GR2 Gag-Pol polyprotein
Q12270	RBD2	YPL246C		Rhomboid-type serine protease 2
Q12271	INP53	YOR109W	SJL3;SOP2	Polyphosphatidylinositol phosphatase INP53
Q12272	TPT1	YOL102C		tRNA 2'-phosphotransferase
Q12273	TY1B-OL	YOL103W-B	YOLWTy1-1;POL	Transposon Ty1-OL Gag-Pol polyprotein
Q12274		YOR097C		Uncharacterized protein YOR097C
Q12275	CRM2	YOR093C	DIP2	Homeostatic regulator of DAG
Q12276	HER1	YOR227W		HMG2-induced ER-remodeling protein 1
Q12277	RRP42	YDL111C		Exosome complex component RRP42
Q12280	IQG1	YPL242C	CYK1	Ras GTPase-activating-like protein IQG1
Q12281		YDL032W		Putative uncharacterized protein YDL032w
Q12282	SPR2	YOR214C		Sorulation-regulated protein 2
Q12283	MCT1	YOR221C		Malonyl CoA-acyl carrier protein transacylase, mitochondrial
Q12284	ERV2	YPR037C		FAD-linked sulfhydryl oxidase ERV2
Q12285	MDY2	YOL111C	GET5;TMA24	Ubiquitin-like protein MDY2
Q12286	SUT2	YPR009W		Sterol uptake protein 2
Q12287	COX17	YLL009C		Cytochrome c oxidase copper chaperone
Q12288		YLR126C		Putative glutamine amidotransferase YLR126C
Q12289	CRC1	YOR100C		Mitochondrial carnitine carrier
Q12291	BMT6	YLR063W		25S rRNA
Q12292	ATG34	YOL083W	ATG19-B	Autophagy-related protein 34
Q12293	TY2A-OR2	YOR343W-A	YORWTy2-2;GAG	Transposon Ty2-OR2 Gag polyprotein
Q12296	MAM3	YOL060C		Protein MAM3
Q12297	TAF3	YPL011C	TAF47	Transcription initiation factor TFIID subunit 3
Q12298		YDR061W		Uncharacterized ABC transporter ATP-binding protein YDR061W
Q12300	RGT2	YDL138W		High glucose sensor RGT2
Q12301		YDL180W		Uncharacterized membrane protein YDL180W
Q12303	YPS3	YLR121C		Aspartic proteinase yapsin-3
Q12305	RDL1	YOR285W		Thiosulfate:glutathione sulfurtransferase
Q12306	SMT3	YDR510W		Small ubiquitin-related modifier
Q12307		YDL162C		Putative uncharacterized protein YDL162C
Q12308	TFC8	YPL007C		Transcription factor tau 60 kDa subunit
Q12309	CLF1	YLR117C	NTC77;SYF3	Pre-mRNA-splicing factor CLF1
Q12310	PRR2	YDL214C		Serine/threonine-protein kinase PRR2
Q12311	NTO1	YPR031W		NuA3 HAT complex component NTO1
Q12312		YLR122C		Uncharacterized protein YLR122C
Q12314	SFM1	YOR021C		Protein arginine N-methyltransferase SFM1
Q12315	GLE1	YDL207W	BRR3;RSS1	mRNA export factor GLE1
Q12316	TY1B-GR3	YGR161C-D	YGRCTy1-3;POL	Transposon Ty1-GR3 Gag-Pol polyprotein
Q12317	MSB4	YOL112W		GTPase-activating protein MSB4
Q12318	PSY3	YLR376C		Platinum sensitivity protein 3
Q12320	GLO4	YOR040W	GER1	Hydroxyacylglutathione hydrolase, mitochondrial
Q12321	MED1	YPR070W		Mediator of RNA polymerase II transcription subunit 1
Q12322		YOL114C		Putative uncharacterized protein YOL114C
Q12324	YVC1	YOR087W		Calcium channel YVC1
Q12325	SUL2	YLR092W	SEL2	Sulfate permease 2
Q12326	GPM3	YOL056W		Phosphoglycerate mutase 3
Q12327		YLR124W		Putative uncharacterized protein YLR124W
Q12328	TIM22	YDL217C		Mitochondrial import inner membrane translocase subunit TIM22
Q12329	HSP42	YDR171W		Heat shock protein 42
Q12330	SME1	YOR159C		Small nuclear ribonucleoprotein E
Q12331		YDR262W		FAS1 domain-containing protein YDR262W
Q12333	FRE7	YOL152W		Ferric/cupric reductase transmembrane component 7
Q12334	SCM3	YDL139C		Protein SCM3
Q12335	PST2	YDR032C		Protoplast secreted protein 2
Q12336		YLL059C		Putative uncharacterized protein YLL059C
Q12337	TY2B-GR1	YGR038C-D/YGR038C-C	YGRCTy2-1;POL	Transposon Ty2-GR1 Gag-Pol polyprotein
Q12338	RNH203	YLR154C		Ribonuclease H2 subunit C
Q12339	UTP23	YOR004W		rRNA-processing protein UTP23
Q12340	YRM1	YOR172W		Zinc finger transcription factor YRM1
Q12341	HAT1	YPL001W		Histone acetyltransferase type B catalytic subunit
Q12342	LDB17	YDL146W		Protein LDB17
Q12343	MED4	YOR174W		Mediator of RNA polymerase II transcription subunit 4
Q12344	GYP5	YPL249C		GTPase-activating protein GYP5
Q12345	IES3	YLR052W		Ino eighty subunit 3
Q12346		YPR071W		Uncharacterized membrane protein YPR071W
Q12347	HRT3	YLR097C		F-box protein HRT3
Q12348	RRI2	YOL117W	CSN10	COP9 signalosome complex subunit 10
Q12349	ATP14	YLR295C		ATP synthase subunit H, mitochondrial
Q12350	JID1	YPR061C		J domain-containing protein 1
Q12351		YOR012W		Uncharacterized protein YOR012W
Q12352		YDL041W		Putative uncharacterized protein YDL041W
Q12354		YLR118C		Acyl-protein thioesterase 1
Q12355	PST1	YDR055W	HPF2	Cell wall mannoprotein PST1
Q12358	JLP1	YLL057C		Alpha-ketoglutarate-dependent sulfonate dioxygenase
Q12359	ATO3	YDR384C		Ammonia transport outward protein 3
Q12361	GPR1	YDL035C		G protein-coupled receptor GPR1
Q12362	RIB2	YOL066C	PUS8	Bifunctional protein RIB2
Q12363	WTM1	YOR230W		Transcriptional modulator WTM1
Q12365	BBP1	YPL255W		Spindle pole component BBP1
Q12366	NDJ1	YOL104C	TAM1	Non-disjunction protein 1
Q12367	RKM5	YLR137W		Ribosomal lysine N-methyltransferase 5
Q12368	SNU23	YDL098C		23 kDa U4/U6.U5 small nuclear ribonucleoprotein component
Q12369	SFI1	YLL003W		Protein SFI1
Q12370	PAU17	YLL025W		Seripauperin-17
Q12372	MMP1	YLL061W		S-methylmethionine permease 1
Q12373	HIF1	YLL022C		HAT1-interacting factor 1
Q12374	NCA2	YPR155C		Nuclear control of ATPase protein 2
Q12375	ORT1	YOR130C	ARG11	Mitochondrial ornithine transporter 1
Q12377	RPN6	YDL097C	NAS4	26S proteasome regulatory subunit RPN6
Q12378	RTR2	YDR066C		RNA polymerase II subunit B1 CTD phosphatase RTR2
Q12379	SWM1	YDR260C	APC13	Anaphase-promoting complex subunit SWM1
Q12380	ATG5	YPL149W	APG5	Autophagy protein 5
Q12382	DGK1	YOR311C	HSD1	CTP-dependent diacylglycerol kinase 1
Q12383	TRM13	YOL125W		tRNA:m
Q12385	ICT1	YLR099C		1-acylglycerol-3-phosphate O-acyltransferase ICT1
Q12386	ARP8	YOR141C		Actin-like protein ARP8
Q12387	MDM20	YOL076W	DEC1	N-terminal acetyltransferase B complex subunit MDM20
Q12389	DBP10	YDL031W		ATP-dependent RNA helicase DBP10
Q12390	GTT2	YLL060C		Glutathione S-transferase 2
Q12391	TY1A-NL1	YNL284C-A	YNLCTy1-1;GAG	Transposon Ty1-NL1 Gag polyprotein
Q12392	TY2A-DR1	YDR034C-C	YDRCTy2-1;GAG	Transposon Ty2-DR1 Gag polyprotein
Q12393	GEP5	YLR091W	RRG5	Genetic interactor of prohibitin 5, mitochondrial
Q12394		YDL152W		Putative uncharacterized protein YDL152W
Q12395	DCN1	YLR128W		Defective in cullin neddylation protein 1
Q12396	EMP46	YLR080W		Protein EMP46
Q12398	HMS1	YOR032C		Probable transcription factor HMS1
Q12400	TRM10	YOL093W		tRNA
Q12402	YOP1	YPR028W	YIP2	Protein YOP1
Q12403	ERP3	YDL018C		Protein ERP3
Q12404	MPD1	YOR288C		Protein disulfide-isomerase MPD1
Q12405	LPX1	YOR084W		Peroxisomal membrane protein LPX1
Q12406	ARP7	YPR034W	SWP61	Actin-related protein 7
Q12407		YDL199C		Putative metabolite transport protein YDL199C
Q12408	NPC2	YDL046W		Phosphatidylglycerol/phosphatidylinositol transfer protein
Q12411	SPO21	YOL091W	MPC70	Sporulation-specific protein 21
Q12412	PNS1	YOR161C		Protein PNS1
Q12414	TY1B-PL	YPL257W-B	YPLWTy1-1;POL	Transposon Ty1-PL Gag-Pol polyprotein
Q12415	TFC7	YOR110W		Transcription factor tau 55 kDa subunit
Q12416	WHI5	YOR083W		G1-specific transcriptional repressor WHI5
Q12417	PRP46	YPL151C	CWC1;NTC50	Pre-mRNA-splicing factor PRP46
Q12418	GIS3	YLR094C		Protein GIS3
Q12420	SNU66	YOR308C		66 kDa U4/U6.U5 small nuclear ribonucleoprotein component
Q12421	ATG31	YDR022C	CIS1	Autophagy-related protein 31
Q12424		YDL206W		Putative cation exchanger YDL206W
Q12425	ISA2	YPR067W		Iron-sulfur assembly protein 2
Q12426		YDR010C		Uncharacterized protein YDR010C
Q12427	STB3	YDR169C		Protein STB3
Q12428	PDH1	YPR002W		Probable 2-methylcitrate dehydratase
Q12429	DPH6	YLR143W		Diphthine--ammonia ligase
Q12431	EMC6	YLL014W		ER membrane protein complex subunit 6
Q12432	EAF3	YPR023C		Chromatin modification-related protein EAF3
Q12433	AHC1	YOR023C		Protein AHC1
Q12434	RDI1	YDL135C		Rho GDP-dissociation inhibitor
Q12436	ZRT2	YLR130C		Low-affinity zinc transporter ZRT2
Q12438	GRX6	YDL010W		Monothiol glutaredoxin-6
Q12439	TY2A-OR1	YOR192C-A	YORCTy2-1;GAG	Transposon Ty2-OR1 Gag polyprotein
Q12440	APC2	YLR127C	RSI1	Anaphase-promoting complex subunit 2
Q12441	TY1A-DR3	YDR210C-C	YDRCTy1-2;GAG	Transposon Ty1-DR3 Gag polyprotein
Q12442	IZH2	YOL002C	PHO36	ADIPOR-like receptor IZH2
Q12443	RTN2	YDL204W		Reticulon-like protein 2
Q12444		YOR309C		Putative uncharacterized protein YOR309C
Q12445	POM34	YLR018C		Nucleoporin POM34
Q12446	LAS17	YOR181W		Proline-rich protein LAS17
Q12447	PAA1	YDR071C		Polyamine N-acetyltransferase 1
Q12448		YDL034W		Putative uncharacterized protein YDL034W
Q12449	AHA1	YDR214W		Hsp90 co-chaperone AHA1
Q12450	ERP4	YOR016C		Protein ERP4
Q12451	OSH2	YDL019C		Oxysterol-binding protein homolog 2
Q12452	ERG27	YLR100W		3-keto-steroid reductase ERG27
Q12453	CEX1	YOR112W		Cytoplasmic export protein 1
Q12454	OCA6	YDR067C		Putative tyrosine-protein phosphatase OCA6
Q12455	SPE4	YLR146C		Spermine synthase SPE4
Q12457	NSI1	YDR026C		RNA polymerase I termination factor
Q12458	YPR1	YDR368W		Aldehyde reductase YPR1
Q12459	PRM7	YDL039C		Pheromone-regulated protein PRM7
Q12460	NOP56	YLR197W	SIK1	Nucleolar protein 56
Q12461	RRD2	YPL152W	NOH1;YPA2	Serine/threonine-protein phosphatase 2A activator 2
Q12462	PEX11	YOL147C	PMP24;PMP27	Peroxisomal membrane protein PMP27
Q12463	TRM11	YOL124C		tRNA
Q12464	RVB2	YPL235W	TIH2;TIP49B	RuvB-like protein 2
Q12465	RAX2	YLR084C		Bud site selection protein RAX2
Q12466	TCB1	YOR086C		Tricalbin-1
Q12467	MRX4	YPL168W		MIOREX complex component 4
Q12468	RRI1	YDL216C	CSN5;JAB1	COP9 signalosome complex subunit 5
Q12469	SKM1	YOL113W		Serine/threonine-protein kinase SKM1
Q12470	TY1A-NL2	YNL054W-A	YNLWTy1-2;GAG	Transposon Ty1-NL2 Gag polyprotein
Q12471	PFK27	YOL136C		6-phosphofructo-2-kinase 2
Q12472	TY2B-DR1	YDR034C-D	YDRCTy2-1;POL	Transposon Ty2-DR1 Gag-Pol polyprotein
Q12473	FRE6	YLL051C		Ferric reductase transmembrane component 6
Q12476	AIR2	YDL175C		Protein AIR2
Q12477	PCL9	YDL179W		PHO85 cyclin-9
Q12479	IRC11	YOR013W		Putative increased recombination centers protein 11
Q12480	AIM45	YPR004C		Electron transfer flavoprotein subunit alpha, mitochondrial
Q12481	RRP36	YOR287C		rRNA biogenesis protein RRP36
Q12482	AGC1	YPR021C		Mitochondrial aspartate-glutamate transporter AGC1
Q12483	SNF8	YPL002C	VPS22	Vacuolar-sorting protein SNF8
Q12484		YOR343C		Uncharacterized protein YOR343C
Q12485	TY1A-GR2	YGR038C-A	YGRCTy1-2;GAG	Transposon Ty1-GR2 Gag polyprotein
Q12486		YOR131C		Uncharacterized hydrolase YOR131C
Q12487	MRPL23	YOR150W		Large ribosomal subunit protein uL13m
Q12488	PSF1	YDR013W		DNA replication complex GINS protein PSF1
Q12489		YDL012C		Lipid-anchored protein YDL012C
Q12490	TY1B-BL	YBL005W-B	YBLWTy1-1;POL	Transposon Ty1-BL Gag-Pol polyprotein
Q12491	TY2B-B	YBL100W-B	YBLWTy2-1;POL	Transposon Ty2-B Gag-Pol polyprotein
Q12492		YPR064W		Uncharacterized protein YPR064W
Q12493	NKP1	YDR383C		Inner kinetochore subunit NKP1
Q12494	KCS1	YDR017C		Inositol hexakisphosphate kinase 1
Q12495	RLF2	YPR018W	CAC1	Chromatin assembly factor 1 subunit A
Q12496		YOL098C		Uncharacterized protein YOL098C
Q12497	FMP16	YDR070C		Protein FMP16, mitochondrial
Q12498	PRM4	YPL156C		Pheromone-regulated membrane protein 4
Q12499	NOP58	YOR310C	NOP5	Nucleolar protein 58
Q12500	AVL9	YLR114C		Late secretory pathway protein AVL9
Q12501	TY2B-OR2	YOR343W-B	YORWTy2-2;POL	Transposon Ty2-OR2 Gag-Pol polyprotein
Q12502	LDB19	YOR322C		Protein LDB19
Q12504	RKM4	YDR257C	RMS1;SET7	Ribosomal lysine N-methyltransferase 4
Q12505	SKS1	YPL026C	SHA3	Serine/threonine-protein kinase SKS1
Q12506		YOR314W		Uncharacterized protein YOR314W
Q12507	SFG1	YOR315W		Superficial pseudohyphal growth protein 1
Q12508	RMD5	YDR255C	GID2	E3 ubiquitin-protein ligase RMD5
Q12509	ARP6	YLR085C		Actin-like protein ARP6
Q12510	CMR1	YDL156W		DNA damage-binding protein CMR1
Q12511	PTC5	YOR090C	PPP1	
Q12512	ZPS1	YOL154W		Protein ZPS1
Q12513	TMA17	YDL110C		Translation machinery-associated protein 17
Q12514	NOT5	YPR072W		General negative regulator of transcription subunit 5
Q12515	PAR32	YDL173W		Protein PAR32
Q12516	SRF1	YDL133W		Regulator of phospholipase D SRF1
Q12517	DCP1	YOL149W		mRNA-decapping enzyme subunit 1
Q12518	ENT1	YDL161W		Epsin-1
Q12520	HUT1	YPL244C	MLF6	UDP-galactose transporter homolog 1
Q12522	TIF6	YPR016C	CDC95	Eukaryotic translation initiation factor 6
Q12523		YPL247C		WD repeat-containing protein YPL247C
Q12524	PCD1	YLR151C		Peroxisomal coenzyme A diphosphatase 1, peroxisomal
Q12525	MHT1	YLL062C		Homocysteine S-methyltransferase 1
Q12527	ATG11	YPR049C	CVT9	Autophagy-related protein 11
Q12528		YLR111W		Uncharacterized protein YLR111W
Q12529	SET6	YPL165C		Potential protein lysine methyltransferase SET6
Q12530	RMP1	YLR145W		Ribonuclease MRP protein subunit RMP1
Q12531		YPR015C		Zinc finger protein YPR015C
Q12532	RQC2	YPL009C	TAE2	Ribosome quality control complex subunit 2
Q12672	RPL21B	YPL079W		Large ribosomal subunit protein eL21B
Q12674	DNF3	YMR162C		Probable phospholipid-transporting ATPase DNF3
Q12675	DNF2	YDR093W		Phospholipid-transporting ATPase DNF2
Q12676	FOL3	YMR113W		Dihydrofolate synthetase
Q12680	GLT1	YDL171C		Glutamate synthase
Q12690	RPL13A	YDL082W		Large ribosomal subunit protein eL13A
Q12691	ENA5	YDR038C		Sodium/potassium exporting P-type ATPase 5
Q12692	HTZ1	YOL012C	H2AZ;HTA3	Histone H2A.Z
Q12697	YPK9	YOR291W		Vacuolar cation-transporting ATPase YPK9
Q12734	CSR2	YPR030W	MRG19	Transcription factor CSR2
Q12743	DFM1	YDR411C		DER1-like family member protein 1
Q12744		YML094C-A		Putative uncharacterized protein YML094C-A
Q12745	SEC39	YLR440C	DSL3	Protein transport protein SEC39
Q12746	PGA3	YML125C	NQR1	Plasma membrane-associated coenzyme Q6 reductase PGA3
Q12748	CTF3	YLR381W	CHL3	Inner kinetochore subunit CTF3
Q12749	SMC6	YLR383W	RHC18	Structural maintenance of chromosomes protein 6
Q12751	RTP1	YMR185W		RNA polymerase II assembly factor RTP1
Q12753	HAA1	YPR008W		Transcriptional activator HAA1
Q12754	RRP12	YPL012W		Ribosomal RNA-processing protein 12
Q2V2P0		YPR145C-A		Uncharacterized protein YPR145C-A
Q2V2P1		YLR146W-A		Coiled-coil domain-containing protein YLR146W-A
Q2V2P2		YKL065W-A		Uncharacterized protein YKL065W-A
Q2V2P3		YKL023C-A		Uncharacterized protein YKL023C-A
Q2V2P4	ATG44	YIL156W-B	MCO8	Mitofissin
Q2V2P5		YIL102C-A		Uncharacterized protein YIL102C-A
Q2V2P6		YGL194C-A		Uncharacterized protein YGL194C-A
Q2V2P7		YDR461C-A		Uncharacterized protein YDR461C-A
Q2V2P8	WIP1	YDR374W-A		Inner kinetochore subunit WIP1
Q2V2P9	COX26	YDR119W-A		Cytochrome c oxidase subunit 26, mitochondrial
Q2V2Q0		YDL007C-A		Putative uncharacterized protein YDL007C-A
Q2V2Q1	ADF1	YCL058W-A		Antisense of depressing factor protein 1
Q2V2Q2		YCL048W-A		Uncharacterized protein YCL048W-A
Q2V2Q3		YBR201C-A		Putative uncharacterized protein YBR201C-A
Q35811		Q0092		Putative uncharacterized protein Q0092, mitochondrial
Q3E6R4		YDR524C-B		Uncharacterized protein YDR524C-B
Q3E6R5		YDR381C-A		Uncharacterized mitochondrial outer membrane protein YDR381C-A
Q3E705	EFG1	YGR271C-A		rRNA-processing protein EFG1
Q3E731	COX19	YLL018C-A		Cytochrome c oxidase assembly protein COX19
Q3E732		YLR264C-A		Putative uncharacterized protein YLR264C-A
Q3E735		YOR034C-A		Uncharacterized membrane protein YOR034C-A
Q3E736		YOR192C-C		Uncharacterized protein YOR192C-C
Q3E737		YJL047C-A		Uncharacterized protein YJL047C-A
Q3E739		YIR021W-A		Uncharacterized protein YIR021W-A
Q3E740		YGL258W-A		Uncharacterized protein YGL258W-A
Q3E741		YAL037C-A		Putative uncharacterized protein YAL037C-A
Q3E742		YLR412C-A		Uncharacterized protein YLR412C-A
Q3E743		YJR112W-A		Uncharacterized protein YJR112W-A
Q3E744		YGR161W-C		Uncharacterized protein YGR161W-C
Q3E746		YHR086W-A		Uncharacterized protein YHR086W-A
Q3E747		YLR363W-A		Uncharacterized protein YLR363W-A
Q3E750		YGL041C-B		Uncharacterized protein YGL041C-B
Q3E751		YPL119C-A		Uncharacterized protein YPL119C-A
Q3E752	SPO24	YPR036W-A		Sporulation protein 24
Q3E754	RPS21B	YJL136C	RPS25B;RPS26B	Small ribosomal subunit protein eS21B
Q3E755		YBR200W-A		Uncharacterized protein YBR200W-A
Q3E756		YBL029C-A		UPF0768 protein YBL029C-A
Q3E757	RPL11B	YGR085C	RP39B;RPL16B	Large ribosomal subunit protein uL5B
Q3E758		YHL048C-A		Uncharacterized protein YHL048C-A
Q3E760		YMR030W-A		Uncharacterized protein YMR030W-A
Q3E762		YBR230W-A		Uncharacterized protein YBR230W-A
Q3E763		YDR246W-A		Uncharacterized protein YDR246W-A
Q3E764	TMA7	YLR262C-A		Translation machinery-associated protein 7
Q3E765		YKL183C-A		Uncharacterized protein YKL183C-A
Q3E766		YMR175W-A		Uncharacterized protein YMR175W-A
Q3E767		YNL067W-B		Uncharacterized protein YNL067W-B
Q3E769		YOL159C-A		Uncharacterized protein YOL159C-A
Q3E770	PAU9	YBL108C-A		Seripauperin-9
Q3E771		YLR285C-A		Uncharacterized protein YLR285C-A
Q3E772	LSO2	YGR169C-A		Protein LSO2
Q3E774		YDL159W-A		Uncharacterized protein YDL159W-A
Q3E775		YJR151W-A		Uncharacterized protein YJR151W-A
Q3E776		YBR255C-A		Uncharacterized protein YBR255C-A
Q3E778		YBR196C-B		Uncharacterized protein YBR196C-B
Q3E781		YBR221W-A		Uncharacterized protein YBR221W-A
Q3E782		YMR247W-A		Uncharacterized protein YMR247W-A
Q3E784	SLO1	YER180C-A		SCOCO-like protein 1
Q3E785	SDH6	YDR379C-A		Succinate dehydrogenase assembly factor 1, mitochondrial
Q3E786		YGR240C-A		Uncharacterized protein YGR240C-A
Q3E787		YCR095W-A		Putative uncharacterized protein YCR095W-A
Q3E789		YDR169C-A		Uncharacterized protein YDR169C-A
Q3E790	TSC3	YBR058C-A		Serine palmitoyltransferase-regulating protein TSC3
Q3E791		YAL063C-A		Uncharacterized protein YAL063C-A
Q3E792	RPS25A	YGR027C	RPS31A	Small ribosomal subunit protein eS25A
Q3E793	BOL1	YAL044W-A		BolA-like protein 1
Q3E794		YBR072C-A		Uncharacterized protein YBR072C-A
Q3E795		YLR361C-A		Uncharacterized protein YLR361C-A
Q3E796		YDR182W-A		Uncharacterized protein YDR182W-A
Q3E798	MIM2	YLR099W-A		Mitochondrial import protein 2
Q3E7A0		YKL106C-A		Uncharacterized protein YKL106C-A
Q3E7A2		YER078W-A		Uncharacterized protein YER078W-A
Q3E7A3		YJL133C-A		Uncharacterized protein YJL133C-A
Q3E7A4	CMC2	YBL059C-A		COX assembly mitochondrial protein 2
Q3E7A5		YOL164W-A		Uncharacterized protein YOL164W-A
Q3E7A6		YML007C-A		Uncharacterized protein YML007C-A, mitochondrial
Q3E7A7		YKL018C-A		Uncharacterized protein YKL018C-A
Q3E7A8		YNL162W-A		Uncharacterized protein YNL162W-A
Q3E7A9	CMC4	YMR194C-B		Cx9C motif-containing protein 4, mitochondrial
Q3E7B0		YER053C-A		Uncharacterized protein YER053C-A
Q3E7B2	COA3	YJL062W-A	COX25;RRG10	Cytochrome c oxidase assembly factor 3, mitochondrial
Q3E7B3		YPR108W-A		Uncharacterized protein YPR108W-A
Q3E7B4		YPL038W-A		Uncharacterized protein YPL038W-A
Q3E7B5		YMR230W-A		Uncharacterized protein YMR230W-A
Q3E7B6	VMA9	YCL005W-A	CWH36;LDB10	V-type proton ATPase subunit e
Q3E7B7		YDL085C-A		SERF-like protein YDL085C-A
Q3E7B9		YOR008C-A		Uncharacterized protein YOR008C-A
Q3E7C1	TFB5	YDR079C-A		General transcription and DNA repair factor IIH subunit TFB5
Q3E7X8		YEL077C		Y' element ATP-dependent helicase YEL077C
Q3E7X9	RPS28A	YOR167C	RPS33;RPS33A	Small ribosomal subunit protein eS28A
Q3E7Y3	RPS22B	YLR367W	RPS24B	Small ribosomal subunit protein uS8B
Q3E7Y4		YBL112C		Putative uncharacterized helicase-like protein YBL112C
Q3E7Y5		YBL111C		Uncharacterized helicase-like protein YBL111C
Q3E7Y6	NBL1	YHR199C-A		N-terminal-borealin-like protein
Q3E7Y7		YOR293C-A		Uncharacterized protein YOR293C-A
Q3E7Y8		YOL155W-A		Uncharacterized protein YOL155W-A
Q3E7Y9		YOL097W-A		Uncharacterized protein YOL097W-A
Q3E7Z0		YNL277W-A		Uncharacterized protein YNL277W-A
Q3E7Z1		YNL146C-A		Uncharacterized protein YNL146C-A
Q3E7Z2		YNL042W-B		Uncharacterized protein YNL042W-B
Q3E7Z3		YIR018C-A		Uncharacterized protein YIR018C-A
Q3E7Z4		YIL046W-A		Uncharacterized protein YIL046W-A
Q3E7Z5		YIL002W-A		Uncharacterized protein YIL002W-A
Q3E7Z6		YHL015W-A		Uncharacterized protein YHL015W-A
Q3E7Z7		YDR003W-A		Uncharacterized protein YDR003W-A
Q3E7Z8		YCR024C-B		Uncharacterized protein YCR024C-B
Q3E7Z9		YOL038C-A		Uncharacterized protein YOL038C-A
Q3E801		YJL136W-A		Uncharacterized protein YJL136W-A
Q3E802		YGL006W-A		Uncharacterized protein YGL006W-A
Q3E804		YOR381W-A		Uncharacterized protein YOR381W-A
Q3E805		YOR376W-A		Uncharacterized protein YOR376W-A
Q3E806		YOR316C-A		Uncharacterized protein YOR316C-A
Q3E807		YOR011W-A		Uncharacterized protein YOR011W-A
Q3E808	DGR1	YNL130C-A		2-deoxy-glucose resistant protein 1, mitochondrial
Q3E809		YML054C-A		Uncharacterized protein YML054C-A
Q3E810		YLR342W-A		Uncharacterized protein YLR342W-A
Q3E811	RRT15	YLR162W-A		Regulator of rDNA transcription protein 15
Q3E813		YLR154C-G		Uncharacterized protein YLR154C-G
Q3E814		YLL006W-A		Uncharacterized protein YLL006W-A
Q3E815		YHR175W-A		Uncharacterized membrane protein YHR175W-A
Q3E816		YGR121W-A		Uncharacterized protein YGR121W-A
Q3E817		YFL041W-A		Uncharacterized protein YFL041W-A
Q3E818		YDR194W-A		Uncharacterized protein YDR194W-A
Q3E819		YCR108C		Uncharacterized protein YCR108C
Q3E820		YBR196C-A		Uncharacterized protein YBR196C-A
Q3E821		YBL008W-A		Uncharacterized protein YBL008W-A
Q3E823	COA2	YPL189C-A		Cytochrome c oxidase assembly factor 2
Q3E824		YOR020W-A		Uncharacterized protein YOR020W-A
Q3E825		YLR307C-A		Uncharacterized protein YLR307C-A
Q3E826		YKL068W-A		Uncharacterized protein YKL068W-A
Q3E827	LSO1	YJR005C-A		Protein LSO1
Q3E828	MCO6	YJL127C-B		ERMES regulator 1
Q3E829	MHF2	YDL160C-A		Inner kinetochore subunit MHF2
Q3E830	EGO2	YCR075W-A		Protein EGO2
Q3E832		YOR072W-B		Uncharacterized protein YOR072W-B
Q3E833	PCC1	YKR095W-A		EKC/KEOPS complex subunit PCC1
Q3E834	YOS1	YER074W-A		Protein transport protein YOS1
Q3E835	MHF1	YOL086W-A		Inner kinetochore subunit MHF1
Q3E837		YJL052C-A		Uncharacterized protein YJL052C-A
Q3E838		YFR012W-A		Uncharacterized protein YFR012W-A
Q3E840	KTI11	YBL071W-A	DPH3	Diphthamide biosynthesis protein 3
Q3E841		YNR034W-A		Uncharacterized protein YNR034W-A
Q3E842		YMR122W-A		Uncharacterized endoplasmic reticulum membrane protein YMR122W-A
Q3E843		YMR158C-A		Uncharacterized protein YMR158C-A
Q3E846	COA6	YMR244C-A		Cytochrome c oxidase assembly factor 6
Q45U18		YIL134C-A		Uncharacterized protein YIL134C-A
Q45U48		YGR035W-A		Uncharacterized protein YGR035W-A
Q6B0R2		YMR193C-A		Putative uncharacterized protein YMR193C-A
Q6B0R7		YMR326C		Putative UPF0320 protein YMR326C
Q6B0V7		YPR002C-A		Putative uncharacterized protein YPR002C-A
Q6B0V8	IRC16	YPR038W		Uncharacterized protein IRC16
Q6B0W0		YPR039W		Putative uncharacterized protein YPR039W
Q6B0W2		YPR014C		Uncharacterized protein YPR014C
Q6B0X1		YMR135W-A		Putative uncharacterized protein YMR135W-A
Q6B0X2		YMR158W-B		Putative uncharacterized protein YMR158W-B
Q6B0Y1		YML009W-B		Putative uncharacterized protein YML009W-B
Q6B0Y5		YMR046W-A		Putative uncharacterized membrane protein YMR046W-A
Q6B0Y6		YMR052C-A		Putative uncharacterized protein YMR052C-A
Q6B0Y7		YMR075C-A		Uncharacterized protein YMR075C-A
Q6B0Y8		YML012C-A		Putative uncharacterized protein YML012C-A
Q6B0Z2		YML101C-A		Putative uncharacterized protein YML101C-A
Q6B108		YML116W-A		Putative uncharacterized protein YML116W-A
Q6B113		YBL107W-A		Putative uncharacterized protein YBL107W-A
Q6B2I9		YML099W-A		Putative uncharacterized protein YML099W-A
Q6B2U8	TDA8	YAL064C-A		Topoisomerase I damage affected protein 8
Q6Q546	HUB1	YNR032C-A		Ubiquitin-like modifier HUB1
Q6Q547	NOP10	YHR072W-A		H/ACA ribonucleoprotein complex subunit NOP10
Q6Q560	ISD11	YER048W-A		Protein ISD11
Q6Q571		YMR086C-A		Putative uncharacterized protein YMR086C-A
Q6Q572		YMR031W-A		Putative uncharacterized protein YMR031W-A
Q6Q595	SCS22	YBL091C-A		Vesicle-associated membrane protein-associated protein SCS22
Q6Q5F3		YPR053C		Uncharacterized protein YPR053C
Q6Q5H1	TY1A-PR3	YPR158C-C	YPRCTy1-4;GAG	Transposon Ty1-PR3 Gag polyprotein
Q6Q5K6	HUG1	YML058W-A		MEC1-mediated checkpoint protein HUG1
Q6Q5P6	TY4A-H	YHL009W-A	YHLWTy4-1;GAG	Transposon Ty4-H Gag polyprotein
Q6Q5X2	CPP3	YDR034W-B		Lipid-anchored plasma membrane protein CPP3
Q6WNK7	SUS1	YBR111W-A		SAGA complex subunit SUS1
Q7LHD1	CCW22	YDR134C		Putative covalently bound cell wall protein 22
Q7LHG5	TY3B-I	YIL082W-A	YILWTy3-1;POL	Transposon Ty3-I Gag-Pol polyprotein
Q7LIF1		YLR366W		Putative uncharacterized protein YLR366W
Q7LIF2		YLR365W		Uncharacterized protein YLR365W
Q7M4S9		YBL113C		Uncharacterized protein YBL113C
Q86ZR7		YKL033W-A		Probable pseudouridine-5'-phosphatase YKL033W-A
Q870I1		YOL013W-B		Putative uncharacterized protein YOL013W-B
Q8J0M4		YCL012C		UPF0357 protein YCL012C
Q8TGJ0		YOR394C-A		Uncharacterized protein YOR394C-A
Q8TGJ1		YOL166W-A		UPF0320 protein YOL166W-A
Q8TGJ2		YNR075C-A		Putative UPF0377 protein YNR075C-A
Q8TGJ3	KSH1	YNL024C-A		Protein Kish
Q8TGJ4		YLR466C-B		Putative uncharacterized protein YLR466C-B
Q8TGJ7		YLL066W-B		Uncharacterized protein YLL066W-B
Q8TGJ8		YJL026C-A		Putative uncharacterized protein YJL026C-A
Q8TGK0		YHR214C-E		Putative uncharacterized protein YHR214C-E
Q8TGK1		YHR213W-B		Uncharacterized protein YHR213W-B
Q8TGK4		YBR298C-A		Uncharacterized protein YBR298C-A
Q8TGK5		YBL113W-A		Putative UPF0479 protein YBL113W-A
Q8TGK6		YAL067W-A		Putative UPF0377 protein YAL067W-A
Q8TGK7		YAL068W-A		Putative UPF0320 protein YAL068W-A
Q8TGK8		YPR160C-A		Putative uncharacterized protein YPR160C-A
Q8TGK9		YPL135C-A		Putative uncharacterized protein YPL135C-A
Q8TGL0		YPL222C-A		Putative uncharacterized protein YPL222C-A
Q8TGL1		YOR335W-A		Putative uncharacterized protein YOR335W-A
Q8TGL2		YOR231C-A		Putative uncharacterized protein YOR231C-A
Q8TGL3		YOR186C-A		Putative uncharacterized protein YOR186C-A
Q8TGL4		YOR161W-B		Putative uncharacterized protein YOR161W-B
Q8TGL5		YOR161W-A		Putative uncharacterized protein YOR161W-A
Q8TGL6		YOR108C-A		Putative uncharacterized protein YOR108C-A
Q8TGL7		YNR003W-A		Putative uncharacterized protein YNR003W-A
Q8TGL8		YNL097W-A		Putative uncharacterized protein YNL097W-A
Q8TGL9		YNL144W-A		Putative uncharacterized protein YNL144W-A
Q8TGM0		YMR272W-A		Uncharacterized protein YMR272W-A
Q8TGM1		YLR399W-A		Putative uncharacterized protein YLR399W-A
Q8TGM2		YLR347W-A		Putative uncharacterized protein YLR347W-A
Q8TGM3		YLR299C-A		Putative uncharacterized protein YLR299C-A
Q8TGM4		YLR286W-A		Putative uncharacterized protein YLR286W-A
Q8TGM5	ART3	YLR154W-E		Putative uncharacterized protein ART3
Q8TGM6	TAR1	YLR154W-C	ART1	Protein TAR1
Q8TGM7	ART2	YLR154W-A		Putative uncharacterized protein ART2
Q8TGM8		YLL019W-A		Putative uncharacterized protein YLL019W-A
Q8TGM9		YKR075W-A		Putative uncharacterized protein YKR075W-A
Q8TGN0		YKL156C-A		Putative uncharacterized protein YKL156C-A
Q8TGN1		YJR140W-A		Putative uncharacterized protein YJR140W-A
Q8TGN2		YJL020W-A		Putative uncharacterized protein YJL020W-A
Q8TGN3		YJL077W-A		Uncharacterized protein YJL077W-A
Q8TGN4		YIL021C-A		Putative uncharacterized protein YIL021C-A
Q8TGN5		YIL105W-A		Uncharacterized protein YIL105W-A
Q8TGN6		YHR137C-A		Putative uncharacterized protein YHR137C-A
Q8TGN7		YGR270C-A		Putative uncharacterized protein YGR270C-A
Q8TGN8		YGR068W-A		Putative uncharacterized protein YGR068W-A
Q8TGN9	NAG1	YGR031C-A		Protein NAG1
Q8TGP0		YGL063C-A		Putative uncharacterized protein YGL063C-A
Q8TGP1		YGL123C-A		Putative uncharacterized protein YGL123C-A
Q8TGP2		YER023C-A		Putative uncharacterized protein YER023C-A
Q8TGP3		YEL008C-A		Putative uncharacterized protein YEL008C-A
Q8TGP4		YEL032C-A		Putative uncharacterized protein YEL032C-A
Q8TGP5		YDR464C-A		Putative uncharacterized protein YDR464C-A
Q8TGP6		YDR354C-A		Putative uncharacterized protein YDR354C-A
Q8TGP7		YDL025W-A		Putative uncharacterized protein YDL025W-A
Q8TGP8		YDL086C-A		Putative uncharacterized protein YDL086C-A
Q8TGP9		YDL159C-B		Putative uncharacterized protein YDL159C-B
Q8TGQ0		YCR081C-A		Putative uncharacterized protein YCR081C-A
Q8TGQ1		YCR047W-A		Putative uncharacterized protein YCR047W-A
Q8TGQ2		YCR045W-A		Putative uncharacterized protein YCR045W-A
Q8TGQ3		YBR223W-A		Putative uncharacterized protein YBR223W-A
Q8TGQ4		YBR141W-A		Putative uncharacterized protein YBR141W-A
Q8TGQ5		YBR131C-A		Putative uncharacterized protein YBR131C-A
Q8TGQ6		YBL006W-A		Putative uncharacterized protein YBL006W-A
Q8TGQ7		YPR159C-A		Uncharacterized protein YPR159C-A
Q8TGQ8		YOL085W-A		Putative uncharacterized protein YOL085W-A
Q8TGQ9		YNL103W-A		Putative uncharacterized protein YNL103W-A
Q8TGR0		YLR437C-A		Putative uncharacterized protein YLR437C-A
Q8TGR1		YLR120W-A		Putative uncharacterized protein YLR120W-A
Q8TGR2		YFR034W-A		Putative uncharacterized protein YFR034W-A
Q8TGR3		YER158W-A		Putative uncharacterized protein YER158W-A
Q8TGR4		YER088W-B		Putative uncharacterized protein YER088W-B
Q8TGR5		YEL030C-A		Putative uncharacterized protein YEL030C-A
Q8TGR6		YDR524C-A		Putative uncharacterized protein YDR524C-A
Q8TGR7		YDR510C-A		Putative uncharacterized protein YDR510C-A
Q8TGR8		YAL037C-B		Putative uncharacterized protein YAL037C-B
Q8TGR9		YPL152W-A		Uncharacterized protein YPL152W-A
Q8TGS0		YOR161C-C		Uncharacterized protein YOR161C-C
Q8TGS1		YOR032W-A		Uncharacterized protein YOR032W-A
Q8TGS2		YOL019W-A		Uncharacterized protein YOL019W-A
Q8TGS4		YMR315W-A		Uncharacterized protein YMR315W-A
Q8TGS5		YMR272W-B		Uncharacterized protein YMR272W-B
Q8TGS6		YMR242W-A		Uncharacterized protein YMR242W-A
Q8TGS7		YMR182W-A		Uncharacterized protein YMR182W-A
Q8TGS8		YMR105W-A		Uncharacterized protein YMR105W-A
Q8TGS9		YMR001C-A		Uncharacterized protein YMR001C-A
Q8TGT0		YML100W-A		Uncharacterized protein YML100W-A
Q8TGT1		YLR406C-A		Uncharacterized protein YLR406C-A
Q8TGT2		YKL096C-B		Uncharacterized protein YKL096C-B
Q8TGT3		YJL077W-B		Uncharacterized protein YJL077W-B
Q8TGT4		YHR213W-A		Uncharacterized protein YHR213W-A
Q8TGT5		YHR032C-A		Putative uncharacterized protein YHR032C-A
Q8TGT6		YHR022C-A		Uncharacterized protein YHR022C-A
Q8TGT7		YGR204C-A		Uncharacterized protein YGR204C-A
Q8TGT8		YGR174W-A		Uncharacterized protein YGR174W-A
Q8TGT9		YGR146C-A		Uncharacterized protein YGR146C-A
Q8TGU0		YGL007C-A		Uncharacterized protein YGL007C-A
Q8TGU1		YGL188C-A		Uncharacterized protein YGL188C-A
Q8TGU2		YFR032C-B		Uncharacterized protein YFR032C-B
Q8TGU3		YFL031C-A		Putative uncharacterized protein YFL031C-A
Q8TGU4		YER175W-A		Uncharacterized protein YER175W-A
Q8TGU5		YBR296C-A		Uncharacterized protein YBR296C-A
Q8TGU6		YBR182C-A		Uncharacterized protein YBR182C-A
Q8TGU7		YBR126W-A		Uncharacterized protein YBR126W-A
Q8TGU8		YBL071C-B		Uncharacterized protein YBL071C-B
Q8TGV0		YAR035C-A		Uncharacterized protein YAR035C-A
Q92316	OST5	YGL226C-A		Dolichyl-diphosphooligosaccharide--protein glycosyltransferase subunit OST5
Q92317	NCB2	YDR397C	YDR1	Negative cofactor 2 complex subunit beta
Q92325	LAG2	YOL025W		Cullin-associated NEDD8-dissociated protein 1 homolog
Q92328	MDM12	YOL009C		Mitochondrial distribution and morphology protein 12
Q92331	VPS5	YOR069W	GRD2;PEP10;VPT5	Vacuolar protein sorting-associated protein 5
Q92392	TY1A-OL	YOL103W-A	YOLWTy1-1;GAG	Transposon Ty1-OL Gag polyprotein
Q92393	TY1B-OR	YOR142W-B	YORWTy1-2;POL	Transposon Ty1-OR Gag-Pol polyprotein
Q96VG5		YCR102W-A		Putative uncharacterized protein YCR102W-A
Q96VG6		YCR097W-A		Putative uncharacterized protein YCR097W-A
Q96VG8		YCR038W-A		Putative uncharacterized protein YCR038W-A
Q96VH1		YCR018C-A		Putative uncharacterized protein YCR018C-A
Q96VH2		YCL001W-B		Putative pelota-like protein YCL001W-B
Q96VH3		YCL021W-A		Putative uncharacterized protein YCL021W-A
Q96VH4	HBN1	YCL026C-B		Putative nitroreductase HBN1
Q96VH5	MIC10	YCL057C-A	MCS10;MIO10;MOS1	MICOS complex subunit MIC10
Q99176	SRN2	YLR119W	SRN10;VPS37	Protein SRN2
Q99177	BRR1	YPR057W		Pre-mRNA-splicing factor BRR1
Q99181	HSH49	YOR319W		Protein HSH49
Q99186	APM4	YOL062C	AMP1	AP-2 complex subunit mu
Q99188	RGS2	YOR107W		Regulator of G protein signaling 2
Q99189	MTR10	YOR160W		mRNA transport regulator MTR10
Q99190	TSC13	YDL015C		Very-long-chain enoyl-CoA reductase
Q99207	NOP14	YDL148C	UTP2	Nucleolar complex protein 14
Q99208		YLL066C		Y' element ATP-dependent helicase YLL066C
Q99210		YOR111W		dTTP/UTP pyrophosphatase
Q99216	PNO1	YOR145C	DIM2;RRP20	Pre-rRNA-processing protein PNO1
Q99219	TY3A-I	YIL082W	YILWTy3-1;GAG	Transposon Ty3-I Gag polyprotein
Q99220	YOS9	YDR057W		Protein OS-9 homolog
Q99222	AFI1	YOR129C		ARF3-interacting protein 1
Q99231	TY1B-DR3	YDR210C-D	YDRCTy1-2;POL	Transposon Ty1-DR3 Gag-Pol polyprotein
Q99234	DFG16	YOR030W	ECM41;ZRG11	Protein DFG16
Q99247	DUF1	YOL087C		DUB-associated factor 1
Q99248		YOR019W		Uncharacterized protein YOR019W
Q99252	ECM3	YOR092W		Protein ECM3
Q99257	MEX67	YPL169C		mRNA export factor MEX67
Q99258	RIB3	YDR487C		3,4-dihydroxy-2-butanone 4-phosphate synthase
Q99260	YPT6	YLR262C		GTP-binding protein YPT6
Q99271	NHA1	YLR138W		Na
Q99278	MED11	YMR112C		Mediator of RNA polymerase II transcription subunit 11
Q99287	SEY1	YOR165W		Protein SEY1
Q99288	DET1	YDR051C		Broad-range acid phosphatase DET1
Q99296		YLR149C		Uncharacterized protein YLR149C
Q99297	ODC2	YOR222W		Mitochondrial 2-oxodicarboxylate carrier 2
Q99299	AIM44	YPL158C		Altered inheritance of mitochondria protein 44
Q99303	TY2A-DR3	YDR261W-A	YDRWTy2-3;GAG	Transposon Ty2-DR3 Gag polyprotein
Q99312	ISN1	YOR155C		IMP-specific 5'-nucleotidase 1
Q99314	SAS5	YOR213C		Something about silencing protein 5
Q99315	TY3B-G	YGR109W-B	YGRWTy3-1;POL	Transposon Ty3-G Gag-Pol polyprotein
Q99316	MPD2	YOL088C		Protein disulfide isomerase MPD2
Q99318		YOR318C		Putative uncharacterized protein YOR318C
Q99321	DDP1	YOR163W		Diphosphoinositol polyphosphate phosphohydrolase DDP1
Q99325	ATG40	YOR152C		Autophagy-related protein 40
Q99326		YOR338W		SWIRM domain-containing protein YOR338W
Q99332	FRT1	YOR324C	HPH1	Protein HPH1
Q99337	TY1B-NL2	YNL054W-B	YNLWTy1-2;POL	Transposon Ty1-NL2 Gag-Pol polyprotein
Q99339		YLL065W		Putative UPF0320 protein YLL065W
Q99341	FYV1	YDR024W		Putative uncharacterized protein FYV1
Q99344	UBA3	YPR066W		NEDD8-activating enzyme E1 catalytic subunit
Q99345		YOL085C		Uncharacterized protein YOL085C
Q99359	RAD61	YDR014W		Protein RAD61
Q99369	FSH3	YOR280C		Family of serine hydrolases 3
Q99373	PET20	YPL159C		Protein PET20, mitochondrial
Q99380	OST4	YDL232W		Dolichyl-diphosphooligosaccharide--protein glycosyltransferase subunit OST4
Q99382	ENV10	YLR065C	SND2	SRP-independent targeting protein 2
Q99383	HRP1	YOL123W	NAB4;NAB5	Nuclear polyadenylated RNA-binding protein 4
Q99385	VCX1	YDL128W	HUM1;MNR1	Vacuolar calcium ion transporter
Q99393	IZH4	YOL101C		ADIPOR-like receptor IZH4
Q99394	TRS33	YOR115C		Trafficking protein particle complex subunit 33
Q99395		YPL229W		Uncharacterized protein YPL229W
Q99401		YPL238C		Putative uncharacterized protein YPL238C
Q9P305	IGO2	YHR132W-A		mRNA stability protein IGO2
Q9URQ3	TAD3	YLR316C		tRNA-specific adenosine-34 deaminase regulatory subunit TAD3
Q9URQ5	HTL1	YCR020W-B	DRT1	High temperature lethal protein 1
Q9ZZV8		Q0297		Putative uncharacterized protein Q0297, mitochondrial
Q9ZZW1		Q0182		Putative uncharacterized protein Q0182, mitochondrial
Q9ZZW2		Q0144		Putative uncharacterized protein Q0144, mitochondrial
Q9ZZW3		Q0143		Putative uncharacterized protein Q0143, mitochondrial
Q9ZZW4		Q0142		Putative uncharacterized protein Q0142, mitochondrial
Q9ZZW7	BI3	Q0115		Cytochrome b mRNA maturase bI3
Q9ZZX0	AI5_BETA	Q0075		Intron-encoded DNA endonuclease aI5 beta
Q9ZZX1	AI5_ALPHA	Q0070	I-SCEIV	Intron-encoded DNA endonuclease aI5 alpha
Q9ZZX7		Q0032		Putative uncharacterized protein Q0032, mitochondrial
Q9ZZX8		Q0017		Putative uncharacterized protein Q0017, mitochondrial
Q9ZZX9		Q0010		Putative uncharacterized protein Q0010, mitochondrial
